번호,약어,영문명,한글명,설명
1,,DAC Policy Statement on Partner-ship for Poverty Reduction,빈곤완화를 위한 파트너쉽 정책기조,"2000년 OECD의 개발원조위원회(DAC) 고위급회담에서 채택된 정책기조로 그 내용은 다음과 같다. ①1996년 DAC는&quot;90년 이후 UN이 주최한 각종 국제회의에서 결의한 목표를 수용한 &quot;21세기 전략&quot;이라는 범세계적인 개발 파트너쉽을 수립하였다. ？ 2015년까지 개도국 극빈층을 절반으로 축소 ？ 2015년까지 모든 국가에 의무교육실시 ？ 2005년까지 초등 및 중등학교에 남녀차별 제거 ？ 2015년까지 유아 및 소아 사망률을 2/3 까지 감소？ 2015년까지 모든 개인에게 안전하고 신뢰성 있는 가족계획 방법을 포함한 기초건강보건체제를 통한 생식보건서비스(Reproductive Health Ser- vice) 접근을 가능케 함 ？ 2005년까지 모든 국가에 지속가능한 개발을 위한 국별 전략을 수립케 함. ②&quot;21세기 전략&quot;발표후 우리는 좀더 효율적인 개발협력 모델수립을 위한 큰 진전을 이룩하였다. UN, World Bank, IMF와 DAC간의 합동회의는 광범위한 파트너쉽에 대한 상호간의 결심을 더욱 공고하게 하였다.  [빈곤완화(Pover- ty Reduction)]  ③빈곤제거는 국제사회의 공동의 목표이다. 우리는 빈곤완화관련광범위하고 다각적인 전략을 수립하였다. 이는 민간부문 발전, 인간기본욕구(교육, 건강)충족을 통해 소득의 증대를 실시하는 것을 의미한다. 동시에 이 접근법은 빈곤층에게 자신의 권리를 적극적으로 행사토록 함으로써 자신의 열악한 생존 조건을 스스로 변화시킬 수 있도록 도울 수 있을 뿐만 아니라 빈곤층이 부딪치고 있는 형평성 및 취약성과 위험성의 문제를 정부나 민간분야에게 제기시켜 줄 수 있다. ④개발협력은 평화와 지속가능한 개발에 대한 공동의 관심, 그리고 모든 인간의 평등권에 대한 존중 의무와 관련된 것이다. 이와 같은 전 세계적으로 공감하는 개념은 UN헌장과 UN인권선언에 잘 나타나 있다. ⑤제반 경제, 사회, 정치생활에서의 성평등과 여성의 권리강화는 빈곤타파 노력의 중요한 일부분이다. 동시에 환경지속성은 매우 중요한 요소이다. 이는 모든 개발단계에서 성평등과 환경의 요소들을 체계적으로 반영하는 것을 요구한다. ⑥우리는 DAC으로 하여금 빈곤완화에 관한 가이드라인을 개발토록 하였다.  [주인의식과 파트너쉽(Ownership and Partner- ship)]  ⑦빈곤을 극복하기 위한 책임은 수원국 정부와 국민에게 있다. 개발협력의 역할은 수원국의 자조 및 책임성에 기초하여 그 국가의 정책을 지원하는 것이다. 수원국의 필요, 능력, 목표에 기초한 주인의식과 파트너쉽은 수원국과의 협력의 기초이다. 이는 빈곤완화정책 및 다른 개발의제에 대한 수원국 자신의 능력개발을 구축하고 강화하는 것을 요구한다. ⑧주인의식과 파트너쉽을 강화하려는 의제는 최근에 이미 나타났다. 즉 프로그램원조 실시를 위한 공통의 프레임웍, 수원국이 주도하는 원조조정, 공여국 원조절차의 투명화, 단순화 및 효율화, 성과가 적은 개별적 프로젝트 억제, 수원국 능력의 활용도 제고, 공동 모니터링 및 평가, 정책의 일관성 제고, 혁신적인 재원모집 방안 등이다. ⑨우리는 수원국의 제한된 능력에 심각한 부담을 주는 복잡하고 다양한 원조를 개선해야 한다. 예를 들면, 보고절차, 조달, 프로젝트감독 등에서 공여국별로 절차가 각각 상이한 바, 이의 개선이 필요하다. 우리는 수원국 정부 및 시민사회와 더불어 국별프로그램 수행에 함께 노력해야 한다. ⑩ 우리는 여러 형태의 국별 빈곤완화 전략을 수렴한 종합적인 개발 프레임웍이 국제사회에서 공동으로 만들어지기를 기대한다. ⑪개발의 파트너쉽 접근법은 자신들의 개발과정에 주인의식을 지닌 능력과 의지를 표명하는 국가에 대한 양자간 원조에 초점이 맞추어지는 경향이 있다. 이는 개발협력의 효과성을 제고시키는 한편, 빈곤완화와 관련한 원조의 성과제고 방안에 대한 집중적인 연구가 매우 중요함을 의미한다. ⑫그러나 우리는현재 내전이나 정치적인 불확실성 때문에 고통을 당하는 국가의 주민을 무시할 수 없다. 이 국가들은 이 세상에서 가장 빈곤하고 인구가 많은 국가이다. 더욱이, 이 국가들은 다른 국가에도 영향을 미치고 있으므로 이들 국가에 대한 인도적인 원조 외에, 이들 국가들이 향후 분쟁을 일으킬 수 없도록 조치를 취해야 한다.  [세계화와 정책일관성(Globalisation and Policy Coherence)]  ⑬범세계적 협력, 상호교환, 통합 등은 모든 사람의 이해와 관련된다. 세계화는 개도국에게 새로운 기회를 제공하고 있으며, 특히 무역, 투자, 금융, 지식 및 기술분야에서 더욱 그러하다. 문제는 세계화가 빈곤층에게 혜택을 주도록 해야 한다는 것이다. ⑭지구의 어떤 지역에서는 주요한 경제적, 사회적 개발이 이루어지는 반면, 다른 지역에서는 개발이 성공하는경우가 드물고 또 취약하다. 성공여부는 통치, 분쟁해결, 인구, 질병을 어떻게 다루느냐에 달려 있다. ⑮점점 증대하는 경쟁적 경제체제에서 필요한 경제&middot;사회능력을 개발하는 것은 개도국의 주요한 과제이다. 개도국이 세계화 과정을 최대한 활용하고, 위험성을 최소화하도록 국제사회는 보험, 금융제도, 무역, 농업, 환경분야에서 적절한 조치를 취해야 한다. ?峙タ? 및 투자의 자유화가 빈곤완화를 위한 도구이며, 정책에 대한 책임성을 개도국 스스로 인식하게 된 것을 환영한다. 우리는 OECD회원국들의 정책일관성에 대한 노력이 필수적이라는 사실을 인식하고 있다. 이는 세계 시장에 대한 접근을 광범위하게 제공하고, WTO 체제 하에서 향상된 규칙, 환경 및 사회관심에 적절히 대응하며, 개도국이 국제협상이나 체제구축 과정에 효율적으로 참여하는 것을 의미한다. 또한 이는 국제무역에서의 수원국의 경쟁능력에 대한 개발을 요구한다. 우리는 세계화과정에서 개도국이 혜택을 받도록 수원국의 능력배양에 기여해야 한다. ?殆痢?는 국제적인 개발목표를 달성하는데 OECD회원국이 보다 더 일관성 있게 대 개도국 정책을 추진할 것을 약속한다. 우리는 DAC로 하여금 우리의 공공정책체제에 대한 기준이 될 수 있는 정책일관성에 관한 체크리스트를 마련할 것을 명하였다. 따라서 우리는 OECD가 제반 활동시 개발 이슈가 체계적으로 반영되도록 하겠다는데 대해 지지를 표명한다. [통치(Governance)]&gt; ?編箚岾? 성공적인 타파는 사회개발과 균형 있는 성장을 촉진하는 정책을 추구하는 개별국가의 의지와 능력에 달려 있다. 최근 빈곤퇴치의 방해요소에 대한 여러 분석에 따르면 인권과 빈곤층의 자유를 보장하여 그들이 개발과정에 적극적으로 참여케 하는 기회를 제공하는 것이 빈곤완화의 전제조건이라는 결론에도달하였다. 민주주의, 참여적 개발, 올바른 통치는 빈곤완화의 필수 요소이다. ?廈첫摸? 통치는 단순히 정부나 의회를 넘어 시민사회 및 민간분야를 포함하는 광범위한 파트너쉽 접근법을 요구한다. 또한 수원국 정부와 우리는 수원국의 시민사회와 이해관계자가 원조 프로그램이나 프로젝트의 계획단계에서부터 참여할 수 있도록 노력을 기울여야 한다. ?該瀏?나 파트너쉽은 책임성, 투명성, 예측가능성을 수반하고 있다. 최근의 금융위기는 국내외 기업에 대한 관리능력 제고의 중요성을 일깨워 주었다. 이와 같은 관점에서 부패방지를 위한 OECD 협약은 다국적 기업의 관리에 중요한 초석이 되고 있다.  [개발재원(Financing Development)]  개도국들은 점진적으로 자신들의 국내 재원을 동원하는 한편, 외국으로부터 장기 민간자본을 유치함으로써 개발에 필요한 재원을 확보하는 것이 중요하다. 원조의 역할은 이와 같은 과정에 기여하며 개도국의 원조의존을 줄이는 노력을 지원하는 것이 되어야 한다. 또한 원조는 민간투자자나 개별국가가 생산하기 힘든 세계공공재(global public goods) 개발을 위한 재정적인 지원에 적극적인 역할을 수행해야 한다. 이에는 보건과 의료연구, 국제적 환경프로그램, 지역적 안전보장, 인권 등과 같은 분야가 포함된다. 원조는 빈곤완화와 같은 개도국의 개발노력을 지원함으로써 궁극적으로 국제적 개발목표를 달성하는데 있어 중요한 역할을 담당하고 있다. 이를 위하여 우리는 원조의 질적 개선과 양적 확대를 위한 지속적인 노력을 경주할 것이다. 이와 관련 회원국은 GNP대비 ODA 목표인 0.7%를 달성해 나가도록 권고 받고 있다."
2,,Nonaligned Conference,비동맹회의,"비동맹회의는 1961년 유고슬라비아 베오그라드에서 최초로 개최되었으나, 비동맹운동의 연원은 1955년 인도네시아 반둥에서 개최된 반둥회의에서 찾아야 한다. 그 이유는 첫째, 처음으로 비동맹정책이 논의되고, 둘째, 의제와 결의 내용이 비동맹운동의 기본정신이 되었으며, 셋째, 반둥회의 참가국의 대부분이 베오그라드회의에 참석했기 때문이다. 반둥회의에서 채택된 단독 또는 집단적 자위권 외에 강대국의 특수이익을 위한 집단 방위협정 배제 등의 원칙은 비동맹주의와 관련되어 있다. 한편 1961년 베오그라드 비동맹 정상 회의(Conference of Heads of States and Chief Ministers of Non-aligned Nations)에서는 비동맹회원국 자격요건을 정식으로 채택했다. 그 내용을 보면 첫째, 공존과 비동맹주의에 기초를 둔 자주적 정책, 또는 그와 같은 정책을 지지하는 경향을 가진 국가, 둘째, 민족독립운동을 지지하는 국가, 셋째, 강대국 분쟁에 관련하여 체결된 다자간 군사동맹에 가입하지 않는 국가, 넷째, 강대국 분쟁에 관련하여 체결된 쌍무군사동맹이나 지역적 집단방위조약에 가입하지 않는 국가, 다섯째, 강대국 분쟁에 관련하여 군사기지를 타국에 제공하지 않는 국가 등이다. 이들 국가들이 동·서의 어느 블록에도 가담하기를 거부하게 된 실질적인 이유는 첫째, 냉전 블록에 가담하여 강대국과 동맹관계를 형성하게 되면, 자기들의 독립을 확보, 과시하는 데 지장이 초래될 수 있다, 둘째, 자기들마저 냉전 블록에 가담하게 되면 국제적 긴장이 더욱 고조되어 인류를 공멸하게 할 핵전쟁이 발발할 위험이 높아진다, 셋째, 냉전 블록에 가담하게 되면 미·소의 세력대결의 무대가 되거나, 종주국 대신에 핵공격을 받을 위험이 있다는 것 등이다. 그러나 동서분쟁의 문제는 베오그라드 회의에서 본격적으로 토의되었으나, 사실상은 식민지문제에 더욱 관심을 보였다.그 후의 비동맹회의는 동서분쟁의 문제보다는 남북문제(제3차 비동맹정상회의, 1970, 잠비아 루사카)를 본격적으로 토의하기 시작했으며, 제6차 비동맹정상회의(1979, 쿠바 아바나)에서 최빈국의 문제, 자원보유국과 자원희소국 간의 갈등문제가 심각하게 논의되기도 했다. 이와 같이 비동맹운동은 동서분쟁에 개입하지 않음으로써 자국의 독립을 유지하고 나아가서는 세계평화에 이바지하는 것을 목적으로 시작되었으나, 자국의 독립보존과 경제발전에 직접적 영향을 미치는 문제, 즉 식민지 해방과 남북문제에 더 관심을 기울였다는 점을 알 수 있다. 비동맹운동의 관심사가 변함에 따라 비동맹회의 참가국의 성격도 변화를 가져왔는데, 반둥회의에는 친서·친공을 막론하고 모든 아시아, 아프리카 독립국이 참가했고, 베오그라드 회의에는 친서·친공 국가는 불참했으며, 카이로회의(제2차 비동맹정상회의)부터는 아프리카 국가가 비동맹회의의 대부분을 차지하게 되었다. 라틴아메리카 국가들은 루사카 회의부터 정회원으로 참가하기 시작했다. 비동맹외교정책은 중립을 표방하지만 전통적인 중립주의와는 판이하게 다르다. 엄격한 의미의 전통적 중립주의라는 것은 국제적 세력균형과는 관계가 없을 뿐 아니라, 오히려 그러한 과정에서 완전히 고립되어 있는 상태를 말한다. 반면 신생독립국가들이 주장하는 비동맹정책은 힘의 균형과정에서 고립되거나 중립적인 입장을 취하는 것이 아니라, 오히려 적극적이고도 유연한 행동을 통해 미·소를 중심으로 한 동·서 양진영의 세력균형을 꾀하는 것이기 때문이다. 그러나 비동맹외교를 추진하는 국가들은 국제체제에 있어서 독립적이지만, 지역 내에서는 군사적, 이념적, 경제적으로 동맹관계에 있을 수 있다. 또한 오늘날의 국제적 환경에서는 거의 군사적인 문제에 한정되고 있다."
3,,Rome,로마클럽보고서,"1968년 결성한 로마클럽(Club of Rome)의 인간, 자원, 환경 문제에 관한 미래예측 보고서이다. 로마클럽은 세계 52개국의 학자와 기업인, 전직 대통령 등 각계 지도자 100명으로 구성된 연구기관으로 핵병기에서부터 남북문제, 공해에 이르기까지 급속한 기술혁신의 다른 한편에서 점점 심각화하는 현대사회의 제문제를 세계적인 시야에서 시스템 분석의 수법으로 해결하려는 국제단체이다. 각종 세계문제를 논의하여 보고서 형식으로 해결책을 제시한다. 1968년 4월 서유럽의 정계, 재계, 학계 지도자들이 중심이 되어 로마에서 결성한 것이며 민간베이스로 OECD에도 측면협력하고 있다. 클럽의 창시는 이탈리아의 실업가 아우렐리오 페체이가 환경오염 문제에 대한 연구의 시급함을 절감하고 1968년 30명을 모아 로마클럽을 결성한 것이다. 1972년 경제성장이 환경에 미치는 부정적 영향에 관한 보고서인 &quot;성장의 한계&quot;를 책으로 발간하여 베스트셀러가 되면서 국제적인 명성을 얻기 시작하였다. 환경문제에 관한 고전인 이 책은 &quot;연못에 수련이 자라고 있다. 수련이 하루에 갑절로 늘어나는데, 29일째 되는 날 연못의 반이 수련으로 덮였다. 아직 반이 남았다고 태연할 것인가? 연못이 완전히 수련에게 점령되는 날은 바로 다음날이다.&quot;라는 말로 환경오염의심각성을 경고하였다.1992년에는 로마클럽의 보고서로 1984년 클럽의 사무총장을 맡은 베르트랑 슈나이더가 정리한 제1차 지구혁명이 작성되었다. 그 후에는 21세기에 인류가 직면할 위기를 전망하면서 그에 대한 대책마련을 촉구하는 미래예측 보고서를 1994년에 발표하였다. 로마클럽은 &quot;함께 지구의 미래를 건설하자&quot;라는 제목의 보고서에서 현재와 같은 방식으로 살아간다면 인류는 머지않아 자멸하고 만다면서 멸망을 피하려면 생각하고 살아가는 방식을 근본적으로 고쳐야 한다고 진단하였다. 미래예측 보고서는 앞으로 인류는 세 가지 중요한 불균형에 직면하게 되는데, 첫째, 지구상의 남과 북의 불균형이며, 둘째, 같은 사회의 부자와 빈자의 불균형, 그리고 셋쩨, 인간과 자연간의 불균형이라고 예측하였다. 21세기가 되면 인류는 전 세계적으로 긴급한 어려움에 직면하게 되며, 그 가운데 다음 5가지 분야에 대해서는 인류가 모든 정력을 쏟아 대책을 마련해야 한다고 주장한다. ①물 : 현재 인구 3명당 1명이 물 부족을 겪고 있으며, 20년 정도 지나면 아프리카와 같은 지역의 식수부족은 상상을 초월할 것이다. 이에 따라 식수원을 차지하기 위한 국가간 분쟁이 빈번해지고 치열해질 것이다. 이렇듯 물은 분쟁의 요인이 되기도 하지만 단결의 요인이 되기도 하다. 식수원을개발하고 관리하기 위한 고도의 기술은 인접지역간의 통합을 유도하며 또 많은 일자리를 창출할 것이다. ②에너지 : 에너지의 절약과 에너지 재활용 장비의 개발을 염두에 두어야 한다. 화석연료 소비를 촉진하는 모든 보조금을 없애야 하며, 에너지 재활용 장비개발을 세계적 차원으로 높여 효율성을 높여야 한다. ③토양 : 생태계 파괴와 수리조절기능의 왜곡을 최소화할 수 있도록 세계적 관점에서 경작계획을 마련해야 한다. 경작지를 지구상에 골고루 분산시키면 노동력을 적절히 배분할 수 있고 특정지역에 식량을 의존하는 불안이 해소된다. ④낙후지역의 부흥 : 구 소련과 동부 유럽 등의 과도한 산업화로 황폐화된 지역을 부흥시켜야 한다. 더 이상 신천지가 없는 가운데 인구만 늘어가는 지구상에서 인류가 개척해야 할 곳은 바로 인간이 한번 지나쳐간 지역이다. ⑤군수산업의 전환 : 전 세계적 차원에서 방위산업을 민수산업으로 전환해야 한다. 초기에는 자본이 엄청나게 들지만 장기적으로는 경쟁력이 있다. 방위산업의 전환은 또한 대결과 정복의 시대가 단결과 화합의 시대로 옮겨간다는 상징적인 의미를 갖는다."
4,,Balance of Payments,국제수지,"일정기간 동안 한 나라가 다른 나라와 행한 모든 경제적 거래를 체계적으로 분류하여 이를 표로 나타낸 것을 국제수지표라고 한다. 여기에서 ""일정기간 동안""이라는 말은 국제수지가 스톡(stock)개념이 아니라 플로(flow)개념이라는 것을 의미한다. 이때 ""일정기간""은 통상적으로 1년을 지칭하는 것이나, 분기별 집계에서와 같이 1년 미만 또는 1년 이상으로 설정하는 경우도 있다. 경제활동의 본거지가 어디에 있는가 하는 점이 분류의 중요한 기준이 된다. 또한 모든 형태의 거래를 포함하는 것으로 재화 및 용역의 거래, 국가간의 이전거래, 자본거래 등 일체의 거래를 포함한다. 국제수지표의 체계는 모든 국제거래를 3가지로 대별하여 분류하는 것이 일반적이다. 국제거래는 각각의 거래가 일어나는 원인과 경제에 미치는 효과에 따라 경상계정(current ac- count), 자본계정(capital account), 금융계정(financial account)으로 나누어진다. 경상계정은 무역거래, 무역외거래, 이전거래로 구성된다. 무역거래는 재화의 수출과 수입을 포함한다. 무역외거래는 주로 용역의 수출 및 수입과 투자수익을 포함한다. 이전거래는 국가 간에 수수되는 무상증여를 나타낸다. 이것은 민간이 정부 및 국제기관 간에 수수되는 모든 국가 간의증여를 포함한다. 자본계정은 직접투자와 포트폴리오 투자로 나누어진다. 따라서 해외투자의 유출입과 차관, 단기자본이동 등이 해당된다. 자본거래는 상환기간에 따라 장기자본거래와 단기자본거래로 나누어지는데, 통상적으로 전자는 상환기간이 1년 이상이고, 후자는 1년 이하가 해당된다. 금융계정은 부채와 자산항목으로 나누어지고, 중앙은행과 외국환은행의 대외부채와 자산의 증감이 기록된다. 자산에는 금, 특별인출권(SDR), 외국유가증권 등의 국제준비자산의 증감이 기록되고, 부채난에는 외국은행 및 국제기관에 대한 부채, SDR 배분의 변화 등이 기록된다.한 국가의 국제수지, 즉 수입과 지출은 균형을 이루는 것이 바람직하다. 즉, 지출이 수입보다 많을 경우 결국 그 국가의 보유외화가 고갈되고 긴급한 재화마저 수입할 수 없게 되어 경제가 파탄에 이를 경우도 있기 때문이다. 한편 수입이 지출보다 많은 경우도 반드시 바람직하다고 볼 수 없는데, 이것은 수출재화가 제 값을 받지 못하고 싸게 수출되었기 때문이라고 해석할 수 있고, 획득한 외화를 단순히 축적하는 데 의의가 있는 것이 아니라 그것을 사용하여 외국의 소비재, 자본재, 원자재를 수입함으로써 국민생활수준을 향상시키고 경제발전에 도움이 되도록 이용하는 것이 바람직하기 때문이다. 그런데 국제수지의 균형은 어떠한 국제수지를 기준으로설정할 것인가에 따라 다르게 나타난다고 할 수 있다. 국제수지표상의 모든 거래는 성격에 따라 자율적 거래(autonomous transaction)와 보정적 거래(accommodating tran- saction)로 구별할 수 있다. 자율적 거래는 국가 간의 가격, 소득, 이자율 등 경제적 요인의 차이에 따라 발생하는 거래이며, 부정적 거래는 자율적 거래를 뒷받침하기 위한 보조적 거래이다. 다양한 국제거래 중에서 어디까지를 자율적 거래로 보느냐에 따라 국제수지의 기준이 달라지고 이에 따라 균형의 의미도 달라진다. 결국 자율적 거래를 어디까지 보느냐에 따라 경상수지, 기초수지, 종합수지 등 다양한 국제수지 개념이 발생하게 된다. 경상수지를 기준으로 삼는 경우는 경상계정에 포함되어 있는 항목만을 자율적 거래로 보고 경상수지가 균형을 이룰 때 국제수지도 균형을 이룬다. 여기에서 자본거래와 금융거래는 국제수지의 불균형을 해소하기 위한 부정적 거래로 간주된다. 그러나 경상수지의 불균형이 곧 국제수지의 불균형이라는 견해가 타당하지 않은 경우도 있다. 예를 들면 국제수지의 균형이 외환의 공급과 수요가 일치해야 한다는 견해에 따른다면 국제수지 균형을 이야기할 때 경상거래뿐만 아니라 자본거래도 포함시켜야 한다. 국제수지 균형에 대한 또 다른 견해로 자율적 거래를 경상계정과 자본계정 중의 장기자본이동을 포함시켜 분석하는 기초수지 개념이 있다. 경상수지 적자와 장기자본의 도입이 서로 상쇄되어 기초수지가 균형을 이루게 되면 그만큼 외국에 대해 부채를 지는 것은 사실이나 장기자본이 도입되어 국내 경제발전에 기여할 수 있다면 그 자체가 불건전하지는 않다고 보는 경우이다. 다음 견해는 기초수지에 단기자본의 이동과 오차 및 누락 항목을 자율적 거래로 추가시키는 종합수지이다. 외환의 수요와 공급은 경상거래뿐만 아니라 모든 자본거래에 의해서도 이루어지며, 외환의 수요와 공급이 일치되는 점에서 국제수지가 균형이 된다고 보는 견해이다."
5,,Foreign Aid,대외원조,"타국과 그 국민을 위한 자본, 상품, 용역의 국제적 공여를 의미한다. 공식적인 대외원조에는 첫째, 무상원조나 차관과 같은 현금 등의 자본공여, 둘째, 인적 자원이나 기술설비의 형태로 증여되는 기술원조와 기술교육의 2가지가 있다. 정상적인 경제원조는 원조대상국이 일정한 지속적 경제성장의 단계에 도달하면 원조를 줄이거나 중단하는 것을 전제로 한다. 무기제공이나 군사훈련 고문단 파견의 형식으로 이루어지는 군사원조는 동서 양 진영에서 원조의 극히 중요한 부분이 되어 왔다. 국가정책으로서의 대외원조는 프리드리히 대왕이 군사적 지원과 정예화를 확보할 목적으로 특정 동맹국들을 지원했던 18세기로 거슬러 올라간다. 이러한 관행은 19세기 유럽에서도 간헐적으로 계속되었다. 제1차 세계대전 당시 미국이 유럽 동맹국들에 대해 막대한 차관을 제공한 바 있는데 이것은 후에 세계 대공황으로 인한 상환불이행으로 사실상의 무상원조가 되었다. 이러한 경험 때문에 제2차 세계대전 때 미국의 원조는 무기대여 형태로 이루어졌는데 이것은 미국이 주요 장비와 물품을 제공하는 대가로 동맹국들은 해외에 주둔하고 있는 미군부대에 설비 및 물자를 제공하는 형식이었다. 1943∼1946년 활동한 유엔 구제부흥사업국(UNRRA)는 애초에 그런 의도로 설립된 것은 아니었으나 대외원조가 단순히 보조금이라는 낡은 개념에서 정책의 제도적 요소라는 새로운 개념으로 옮겨가게 하는 중요한 전환점이 되었다. 이 기구는 특히 미국과 같이 기금의 대부분을 부담하고 있던 부국이 공식적인 국제원조를 전후복구의 필수적인 요소로 인식하기 시작했다는 사실을 보여주었다. 제2차 세계대전 이후 대규모 재건을 추진하기 위한 경제적, 인도주의적 동기는 소련의 팽창에 대한 서유럽의 두려움이라는 정치적 고려에 의해 한층 더 촉진되었다. 최초의 대외원조는 1947년 3월 당시 공산주의 국가가 된 유고슬라비아의 군사적 침략 위험에 처해 있던 그리스와 튀르키예에 군사, 경제 원조를 제공하기로 한 해리 트루먼 미국 대통령의 결정에 의한 것이었다. 1947년 6월 미국 국무장관 조지 마샬은 경제복구에 강력한 중점을 두면서 유럽 부흥원조계획을 제안했다. ""마샬플랜""이 실시된 4년의 기간 동안 서유럽은 미국 정부로부터 120억 달러에 달하는 원조를 받았다. 일반적으로 마샬플랜은 유럽의 복구와 소련의 대서방 팽창방지라는 2가지 목적을 달성한 것으로 평가되었다. 마샬플랜에서 미국은 최초로 경제부흥원조와 정치적, 군사적 이해 추구를 공공연하게 연계시켰다. 1950년대 미국과 소련은 양자간에 직접적인 충돌이 일어날 가능성은 없었으나 대신 제3세계 개도국들의 지지를 확보하기 위해 치열하게 경쟁을 벌였다.따라서 공산진영과 서방진영은 그들의 호감을 사기 위한 경쟁을 계속해 왔다. 미국은 지금까지 대부분의 원조를 부담해왔다. 프랑스, 영국, 벨기에, 네덜란드와 같은 전식민지 제국은 정치적 관계를 유지하는데 비교적 많은 원조를 제공했고 독일, 일본, 노르웨이, 덴마크는 경제적, 정치적으로 이득을 가져올 수 있는 개도국과의 관계수립을 추진해 왔다. 네덜란드, 스칸디나비아 제국, 캐나다 등과 같이 그보다 덜 부강한 국가들도 보다 순수한 동기에서 원조를 제공해 왔다. 대외원조에 관한 문제 중 하나는 원조국이 수혜국에게 자국상품의 구입을 요구하는 것이다. 이와 같이 ""연계된"" 원조는 원조국 상품의 가격이 세계시장 가격보다 높기 때문에 수혜국에게 특별한 문제를 야기시킨다. 예컨대 이러한 원조는 수혜국에게 보이지 않는 이자부담을 안겨준다. 다자간 원조계획은 서서히 발전되어왔다. 그 주요기관은 1946년 유엔의 독립전문기관으로 문을 연 세계은행(IBRD)이다. 그밖에 지역개발은행이 있는데 이들은 해당 지역의 개도국에 자금을 빌려준다. 가장 오래되고 규모가 큰 것으로는 1959년에 세워진 미주개발은행(IDB)이 있는데 여기서는 라틴아메리카 국가들에게 자금을 빌려준다. 1964년에 설립된 아프리카개발은행(AfDB)은 많은 자본을 유치하는 데 상대적으로 성공을 거두지 못했다.1965년에 설립된 아시아개발은행(ADB)은 자본금 형성에 보다 성공적이었다. 유럽 국가들은 유럽 개발기금과 유럽 투자은행이라는 2개의 다국적 원조기관을 설립했는데 이들은 모두 유럽 경제공동체(EEC)의 부속기관이다. 유엔은 전문기관, 특히 유엔교육과학문화기구(UNESCO), 세계보건기구(WHO), 식량농업기구(FAO) 등의 출연을 통해 수많은 경제원조 계획을 후원하고 있다. 결국 경제개발 사업은 유럽을 재건하는 것보다 훨씬 더 어려운 일이라는 것이 사실로 밝혀졌다. 왜냐하면 그것은 단순한 재건뿐만 아니라 사회 전체의 개조를 필요로 하기 때문이다. 이 작업은 수세대에 걸쳐 수행되어야 한다고 인식되고 있다. 원조국의 입장에서 보면 종종 대외원조는 정치적으로 그만한 보상을 가져다 주지 않았다. 식민지시대의 유산을 안고 있는 신생국 정부는 자연히 선진국의 동기를 의심하고 있고 그들의 독립을 과시하는데 온통 관심을 쏟고 있다. 원조국 정부는 종종 막대한 재정적, 군사적, 정치적 비용을 지불하고 나서야 수혜국과 자국의 운명이 밀접하게 관련되어 있다는 사실을 깨닫는다. 원조를 받는 국가는 당연히 자국의 이익으로 생각되는 것을 추구하려고 하는데 이것은 원조국의 이해와 충돌하기도 한다. 대외원조가 저개발국의 급속한 경제성장을 촉진하는 데 번번이 실패하자 원조국의 의회와 국민들사이에서는 대외원조의 경제적 이점에 대한 강한 회의론이 제기되었다. 단지 명백한 것은 경제원조란 경제발전을 일으키는데 요구되는 여러 복합요인 중의 하나에 지나지 않는다는 사실이다.   "
6,EDCF,Economic Devel-opment Cooperation Fund,대외경제협력기금,"개도국의 경제개발사업에 자금을 공여하여 대개도국 경제협력을 증진하고 우리 기업의 자본재 수출 및 해외시장진출을 지원하기 위하여 대외경제협력기금법에 의해 설치된 기금이다. 동 법은 1986년 12월에 공포되었고, 기금업무는 1987년 7월부터 개시되었다. 기금의 재원은 주로 정부출연금과 재정융자특별회계로부터의 차입금으로 이루어진다. 기금의 관리주체인 재정경제부 장관은 기금의 운용 및 관리에 관한 사무를 한국수출입은행에 위탁하고 있다. 기금의 운용, 관리에 관한 기본정책 등을 심의하기 위해 기금운용위원회를 두고 있다. 2000년 현재 1조 4,204억원의 기금을 조성하여 중국, 베트남 등 35개국 97건의 사업에 대한 지원을 승인하였다. EDCF는 우리나라의 대개도국 협력수단으로 중요한 위치를 굳혀가고 있으며, 따라서 개도국의 자금협력 요청에 보다 능동적, 적극적으로 부응할 수 있게 되었다. 주로 개도국의 경제개발사업 추진을 위한 산업 설비 및 기자재구입 또는 건설자금을 경제협력차관형태로 지원해 줌으로써 개도국의 경제발전을 지원하는 한편 대외경제교류를 확대하는데 기여하고 있다. 지원되는 자금은 원화로 빌려주고 갚을 때도 반드시 원화로 갚게 하고 있다. 차관 제공에는 그 자금으로 반드시 우리나라 제품을 사거나 차관을 받은 나라의 제품을 사야한다는 조건이 붙는다.옛날 미국의 바이 아메리칸 정책과 비슷한 것으로 볼 수 있다. EDCF제도 지원업무의 종류는 다음과 같다.[개도국정부 또는 법인에 대한 차관] ①개발사업차관 : 댐, 발전소, 도로, 공장건설, 등 개도국의 경제개발 프로젝트의 실시에 필요한 설비, 기자재, 서비스, 토목공사 등의 조달자금을 융자하는 것으로서 대개도국 차관이 대부분이 이에 해당된다. ②기자재차관 : 개도국의 특정 산업부문 또는 특정 지역의 개발계획(복수 프로젝트 포함)에 필요한 기자재 및 관련 서비스의 조달에 소요되는 자금을 지원한다. ③ 기금전대차관 : 개도국의 금융기관을 통하여 특정분야의 개발을 지원하는 것으로서 중소기업 육성 또는 자작농 지원과 같이 다수의 최종수익자를 대상으로 하며, 당해 금융 기관의 육성에도 이바지한다. Two-Step Loan이라고도 한다. ④물자차관 : 개도국의 국제수지 지원 및 국내경제안정을 위하여 긴요하다고 인정되는 것으로서 양국 정부간에 사전에 합의된 물자(공업자본재, 공업용원재료, 비료, 농약, 농기구, 기계류 등)를 대한민국으로부터 수입하는데 소요되는 자금을 융자한다. ⑤사업준비차관 : 경제개발사업의 준비를 위한 조사(사업성검토, 프로젝트 설계 및 입찰서류 작성 등)는 통상 개도국정부 스스로 실시하지만 이의 준비가 불충분한 경우, 관련 엔지니어링 서비스 또는경제개발사업의 시험적 실시에 필요한 자금을 지원한다. [대한민국 국민에 대한 대출] 대한민국 국민이 협력사업의 추진을 위하여 개도국에 출자하거나 동출자와 함께 융자 등을 하고자 하는 경우 이에 소요되는 자금을 지원한다. 다만, 농림업, 수산업, 광업 등과 같이 사업의 위험도가 높고 투하자본의 회수기간이 장기인 사업이나 해외자원의 장기안정적 확보를 위해 필요한 사업으로서 중소기업의 해외투자 사업인 경우에 한한다. 또한, 투자대상국 정부 또는 지방자치단체가 자국의 경제정책의 효율적 추진을 위하여 당해 해외투자사업 분야에 대하여 대외경제협력기금의 해외투융자 지원을 우리나라 정부(수출입은행포함)에 공식 요청한 사업이거나 우리나라 정부관련부처에서 대외경제협력기금의 해외투융자 자금지원을 요청하거나 관련부처 의견조회 결과 필요성이 있다고 인정되는 사업인 경우에 한한다. [대한민국 법인에 대한 출자] 해외투자를 목적으로 신설되는 대한민국 법인에 대하여 당해 협력사업의 추진이 특별히 필요하다고 인정되나, 위험도가 높거나 수익성이 낮아 기금의 출자로 지원하지 않으면 사업의 실시가 매우 곤란하다고 재정경제부장관이 인정하는 경우에 한하여 출자로서 지원한다. 이 경우 출자한도는 자본금의 50%미만으로 하며 출자방법은 원칙적으로 주식취득의 방법에 의한다.* 상기 개도국에 대한 차관및 대한민국 국민에 대한 대출은 국제개발금융기관, 외국의 개발원조기관 또는 국내외금융기관과의 협조융자방식으로 추진할 수 있다. 기금의 용도 및 지원조건은 다음과 같다."
7,,International Agreement,국제협정,"  국가 및 일정한 국제기구와 같은 국제법상의 주체들이 상호이해를 조정하는 기준으로 삼는 문서이다. 협정은 다양한 형태와 양식이 있지만 모두 국제관습법의 일부를 이루는 조약법의 규제를 받는다. 국제관계의 전형적 문서인 조약을 1969년의 ""조약법에 관한 빈 협약""은 다음과 같이 정의하고 있다. ""단일의 문서 또는 둘이나 그 이상의 관련문서에 구현되고 있는가에 관계없이 또한 그 특정 명칭에 관계없이 서면형식으로 국가 간에 체결되며 국제법에 의하여 규율되는 국제적 합의이다. 계약조약은 당사자들이 영토의 일부를 교환하는 데 합의하거나 분쟁 또는 청구를 조정하는 등 특정한 종류의 업무를 처리하는 조약이다. 제2차 세계대전 이후 그 수효와 중요성이 엄청나게 증가한 입법조약은 당사자들이 그들의 장래의 행동에 대한 원칙과 세부규칙을 정하는 문서이다."" 몇몇 다자간 협정은 특정한 목적이나 여러 목적을 위한 국제기구를 창설한다. 따라서 이는 설립 협정이라고 볼 수 있다. 유엔헌장(1945)은 다자간 조약인 동시에 유엔의 설립 문서이다. 설립 협정으로 기능하는 지역적 협정의 보기는 미주기구헌장(보고타 헌장)으로, 이 헌장에 의해 1948년 동 기구가 창설되었다. 어떤 국제기구의 정관은 보다 광범위한 다자간 조약의 일부일 경우도 있다. 예를 들면베르사유 조약(1919)은 제1편에 국제연맹규약, 제8편에 국제노동기구의 정관을 담고 있다. ""초국가적""이라는 용어는 최근에 생긴 것으로 프랑스, 독일, 이탈리아, 네덜란드, 벨기에, 룩셈부르크 등 서유럽 6개국에 의해 처음 개발된 유형의 조약 구조를 기술하기 위해 쓰인다. 최초의 초국가적 조약은 1951년에 조인된 파리 조약으로, 유럽 석탄철강공동체(ECSC) 창설 조약이었다. 다음으로는 1957년에 조인된 로마조약으로, 유럽경제공동체(EEC)와 유럽원자력공동체(Euratom) 창설 조약이었다.ECS C조약의 한 조항은 집행기관 구성원은 자신을 임명하는 정부로부터 완전히 독립한다고 규정하고 있다. 그러나 조약이 유일한 국제협정의 체결문서는 아니다. 합의서(agreed minute), 협정비망록(memorandum of agreement), 잠정협정(modus vivendi) 등 조약의 정식 절차를 밟지 않는 개별 협정문서가 있다. 정식 절차를 밟는 개별 협정문서도 있다. 협약(convention), 협정(agreement), 의정서(protocol), 선언(declaration), 헌장(charter), 규약(covenant), 약정(pact), 규정(statute), 최종결정서(final act), 일반결정서(general act), 종교협약(concordat: 교황청과의 협정에 대한 통칭) 등이 그것이다. 마지막으로 ""공한교환""처럼 정식 절차를 밟지 않고 둘 이상의 문서교환으로 이루어지는 협정이 있다. 다자간 조약은 국제적 입법기관이 없는 상태에서 급속한 기술발전과 국가간 상호의존의 계속적 증진으로 초래되는 수시로 변화하는 상황에 맞추어 국제법을 적용시키기 위해 선택되는 문서이다. 국제협정의 종류는 매우 다양하지만 국제사회에서 수행하는 기능에 따라 크게 3가지로 구분될 수 있다. 즉 국제법의 발전과 법전화, 새로운 차원의 협력과 국가간 통합의 달성, 실제적 또는 잠재적 국제분쟁의 해결이 그것이다. ""조약법에 관한 빈 협약""은 일정한 유형의 분쟁에 대한 절충 조항(당사자들이 분쟁을 중재 또는 국제사법재판소에 맡기기로 합의하는 근거가 되는 조항)과 다른 유형의 분쟁에 대한 조정절차를 담고 있다. 의무적 중재 또는 재결에 대한 각국의 저항은 법의 지배를 통한 세계의 통합에 각국이 그다지 적극성을 보이지 않는다는 것을 보여준다. 이런 점에서 EEC는 예외에 속한다. EEC는 3개의 설립 조약으로 발생하는 분쟁에 대한 국제사법재판소의 의무적 해결을 받아들인다고 규정하고 있고, 이 규정은 개별 설립 조약에도 개방되고 있다. 이는 민족주의와 주권국가 이론의 발상지였던 서유럽에서 초국가적 통합이 가장 먼저 시도되고 있음을 보여준다. "
8,,Biodiversity,생물다양성," 특정지역 내의 생물들이 보여주는 유전자, 종, 생태계의 종류들을 말한다. 생물은 단성생식을 하거나 일란성 쌍생아가 아니면 유전적으로 개체마다 다르며 효소유전자, 미토콘드리아, DNA 등을 조사·분석하는 분자생물학적 기법이 발달됨에 따라 유전자 수준에서 개체마다 변이가 매우 크다는 것이 밝혀지고 있다. 이러한 종내 유전자의 변이를 유전적 다양성이라 한다. 한편 생물의 종류마다 독특한 유전적 조성을 갖고 있으므로 다른 종류와는 교배가 되지 못하여 생식적 격리상태에 놓여 있을 때 이를 ""생물학적인 종""이라 하고, 이러한 종들의 다양한 정도를 종다양성이라 한다. 이러한 종들의 집합이 토양, 물, 온도 등 물리적·화학적 요소들과 서로 영향을 주고받으며 하나의 체제로서 유지될 때 이 전체를 생태계라 하는데 지역의 지형, 지세와 기타 요인에 따라 고산대, 계곡, 늪, 호소, 조간대 등 여러 종류의 생태계가 발달되며, 이러한 여러 종류의 생태계 내에 속하는 생물과 무생물들의 상호작용에 대한 다양성을 생태계 다양성이라 한다. 이러한 모든 종류의 다양성은 약 40억 년 전에 최초의 생명체가 지구상에 출현한 이래 변이, 자연선택, 종분화 등을 거쳐 끊임없이 여러 종류로 갈라지면서 생긴 결과이므로 생물다양성은 하나의 진화적인 개념이라 볼 수 있다. 오늘날 지구상에는이러한 생물의 종이 약 1,000만종 정도 있는 것으로 추정되며 적게는 500만 종으로 보는 의견도 있고 많게는 1억 종으로 보는 경우도 있다. 이렇게 많은 종들은 생태계 속에서 에너지의 흐름을 유지하여 생태계가 마치 하나의 생명체처럼 운영되게 한다. 그러나 끊임없이 일어나는 지구환경의 변화에 따라 많은 종들이 멸종되고 또 새로 출현해 온 것은 지구의 자연사가 잘 말해주고 있다. 그러나 오늘날의 생물은 그 생활조건인 환경이 너무나 악화되고 또 많은 서식지가 파괴되고 있어 새로 출현하는 종보다 사라지는 종의 수가 훨씬 더 많아지게 되었다. 즉 거의 35년마다 2배로 증가하는 인구팽창과 자원소모에 따라 대기오염, 해양과 담수오염, 산림의 남벌, 도로와 주택건설 등에 의한 녹지감소 등이 급속히 진행되고 있고 특히 열대우림의 급속한 감소로 생물의 멸종이 가속화되고 있다. 현재 지구상의 생물 가운데는 대략 곤충 75만 종, 척추동물 41만 종, 식물 25만 종 등 모두 140만 종이 기록되어 있으나 이것은 실제 존재하는 생물종 수의 1/10도 안 되는 것으로 예상되고 있다. 그리고 지구상 생물종의 1/2 이상이 지구육지 면적의 6％에 불과한 열대지방에 집중적으로 서식하고 있는데, 이 열대다우림이 매년 7만 6,000㎢씩 사라지고 있어서 지구생물은 현재 매일 50∼100종씩멸종되고 있다는 추산이 나온다.즉 많은 종들이 조사되어 기록되기도 전에 없어지고 있으므로 실제 어떤 종들이 얼마나 없어지고 있는지도 모르고 있는 셈이다. 생물상을 알고 있는 경우의 예를 보면, 갈라파고스 제도에 살고 있는 식물의 60％가 현재 멸종위기에 있으며 카나리아 군도의 고유식물 종의 75％가 멸종을 눈앞에 두고 있다. 세계자연보존연맹은 현재 지구상의 식물 2만 5,000여 종과 척추동물 1,000여 종(또는 아종)이 멸종위기에 있으며 2000년까지는 지구상의 생물 가운데 50만에서 100만 종이 사라질 것으로 추산하고 있다. 이렇게 멸종해 가는 생물을 보존해야 하는 이유는 인간이 지구상의 환경을 실질적으로 좌우하고 있으므로 다른 생물들에 대한 도덕적 책임을 가져야 하기 때문이다. 또한 인간이 식물의 육종과 재배를 통해 다수확을 하고 고급영양분을 얻을 수 있는 것도 생물다양성 때문이며, 미래에 증가할 인구에 대비하여 육종이나 유전공학적 방법에 의해 더욱 많은 영양물질과 천연화학물질을 얻어낼 수 있어야 하는데 이러한 일들은 생물다양성의 유지 없이는 불가능하기 때문이다. 이밖에 지구상 대기의 균형을 유지하여 산소를 계속 확보하고 이산화탄소를 흡수해 대기오염을 막기 위해서도 역시 생물다양성이 유지되어야 한다. 생물다양성의 보존방법은 구체적으로 크게 2가지로 나눌 수 있다. 첫째, 천연보호구 등을 설정하여 삼림, 하천, 바다 등 일정지역을 있는 그대로 보존하는 현장내 보존방법이다. 국립공원이나 그린벨트 설정도 이러한 방법에 포함된다. 둘째, 식물의 씨를 저온으로 보관하거나 세균 등 미생물을 배양 또는 냉동 보관하는 등 주로 실험실에서 유지하는 현장외 방법이 있는데, 다소 비용이 많이 든다. 동·식물원 등과 같이 인공적으로 생물을 사육하는 것도 넓은 의미의 현장외 보존이다. 이처럼 생물종들을 보존함으로써 일단 사라지면 다시 회복될 수 없는 유전자들을 보존한다는 것은 앞으로 언제 유용하게 쓸지 모를 재료물질을 간직한다는 데도 큰 의미가 있으나 생명의 역사를 길이 보존한다는 데도 큰 뜻이 있다. 어쨌든 최근에는 생물다양성 보존의 뜻이 어떤 희귀종을 무조건 보존한다는 것보다는 생물들로부터 인간의 보건, 영양, 기타 경제적 이익이 되는 물질들을 추출하여 활용하되 그 생물의 환경이 하나의 체제로 건강하게 유지되는 범위에서 보존한다는 적극적인 개념이 보다 설득력 있게 보급되고 있다. 특히 1992년 6월 브라질의 리우데자네이루에서 있었던 유엔환경개발회의(UNCED)에서는 약 150개국이 ""생물다양성협약""에 서명함으로써 각국은 자국의 생물자원을 귀중한 국가자산으로 보고 미래의 활용을 위해 철저히 조사·연구하려는 계획과 의지를 강하게 보이고 있다."
9,IMF,International Monetary Fund,국제통화기금,"1944년 체결된 브레튼우즈 협정(Bretton Woods Agree- ments)에 따라 1946년에 설립되어 1947년 3월부터 세계은행(IBRD)과 함께 업무를 개시한 국제금융기구이다. 이 두 기구를 총칭하여 브레튼우즈 기구라고도 하며 약칭은 국제통화기금(IMF)이다. 2000년 현재 가맹국은 182개국이며 본부는 미국 워싱턴에 있다.【기구】총회, 이사회, 사무국과 그밖에 20개국 재무장관위원회, 잠정위원회, 개발위원회 등이 있다. 최고기관인 총회는 각 가맹국이 임명하는 대표 1인과 대리 1인으로 구성되며, 회합은 연차회합과 임시로 열리는 특별회합이 있다.【출자금】100억 달러로 출발해 여러 차례 증자를 통해 1970년 10월 30일부터 총액 289억 510만 달러가 되었다. 가맹국은 일정한 할당액에 따라 25%를 금으로, 75%를 자국 통화로 출자한다. 할당액은 가맹국의 요청에 따라 조정할 수 있으며, 이것은 각 가맹국이 IMF의 자금을 이용할 때 대출한도를 정하는 기준이 된다. 출자금은 특별인출권(Special Drawing Rights: SDR)로 표시한다. 【목적·활동】 세계무역의 안정된 확대를 통하여 가맹국들의 고용증대, 소득증가, 생산자원개발에 기여하는 것을 궁극적인 목적으로 한다. 이를 위하여 다음과 같은 활동을 하고 있다. ①외환시세 안정: 제2차 세계대전 전 평가절하 경쟁이 세계경제를 혼란으로 빠뜨린 경험이 있어 IMF를 설립할 때는 외환시세의 안정을 중요하게 여겼다. 외환시세의 기초가 되는 각국 통화 환평가는 금 또는 미국 달러 가치를 기준으로 표시한다. 각 가맹국은 IMF평가의 상하 각 1% 이내로 외환시세를 안정시킬 의무를 진다. 다만 가맹국의 경제에 기본적 불균형이 있을 경우에는 절상, 절하 등 평가 변경을 인정하며, 10%이내이면 IMF의 사전 승인을 필요로 하지 않으나, 10% 이상이면 사전 승인이 필요하다. 그러나 이러한 원칙은 1971년 통화위기 때 무시되어 다각적인 평가조정이 이루어졌다. ②외환제한 철폐: 가맹국은 IMF의 목적을 달성하기 위하여 외환제한을 철폐할 의무가 있다. 첫째는 경상적 지불에 대한 외환제한의 철폐이다. 가맹국은 IMF의 승인이 없는 한 상품무역이나 용역거래를 위한 지불에 제한을 해서는 안된다. 둘째는 차별적인 통과조치의 철폐이다. 쌍무적 무역협정이나 복수환율제 등 다른 나라와 다른 결제방법을 사용하거나 다른 외환시세를 적용하여서는 안 된다. 셋째는 외국인 자국통화 보유잔액의 교환성이다. 외국인이 보유하는 자국통화의 잔액을 요구하는 대로 금, 미국 달러, 상대국 통화로 교환해 주어야 한다. 이러한 외환제한의 철폐에 관해서는 IMF협정 제8조에 규정되어 있으며, 이를 승인한 나라를 IMF 8조국이라고 한다. ③자금 공여: 가맹국의 국제수지가 일시적으로 불균형(적자)이 되었을 경우, 평가절하, 수입제한을 피할 수 있도록 IMF가 외화자금을 공여 할 수 있다. 이 경우 외화자금의 공여는 관계국 통화당국에 대해서만 이루어지며, 대가로 자국통화를 IMF에 지불한다. 이는 일반적으로 경상거래를 위한 지불에 필요한 경우에 한하며, 한 나라가 이용할 수 있는 외화자금의 양은 그 나라의 출자액의 125%까지 이고, 3∼5년 이내에 상환하여야했다. 그러나 1980년 IMF· IBRD 합동 연차총회에서 비산유 개도국의 부채 격증에 따른 국제수지악화를 집중 논의하면서 IMF 대부한도 600% 확대, 개도국에 대한 경제구조 조정차관 확대 등을 합의하였다. 그러나 1981년에 열린 IMF·IBRD 합동 연차총회에서 선진국들이 긴축정책을 더욱 강화하기로 합의하여 빈국들에 대한 원조증대의 기대가 무산되었다.【운영자금】각국 국제무역 규모, 국민소득액, 국제준비금보유량 등에 따라 회원국 정부의 출자로 이루어진다. 회원국은 일시적인 국제수지 불균형이 있을 경우 필요한 외환을 IMF로부터 자국통화로 구입할 수 있다. 또 회원국들의 일시적인 국제수지 불균형을 지원하기 위한 방편들도 마련하고 있다. 1952년 대기성 차관협정(stand- by arrangements)을 도입하여 회원국이 실질적 필요를 예상해서 미리 대출한도액을 협상할 수 있도록 하였다. 1961년에는 10개국이 대기성 차관(standby credit)을 제공하는 일반 차입 협정(general arrangements to bo- rrow)을 체결하였다. 1963년에는 수출변동에 대한 보상금융제도(compen- satory financing of export fluctua- tions)를 도입하여 개도국이 갑작스런 수출액 감소에 직면했을 때 외환을 통제하거나 극심한 불황을 겪지 않고도 이에 대처할 수 있도록 하였다. 국제거래의 규모가 확대되고 금융위기가 잇달아 발생함에 따라 국제수지 안정을 위해 쓰일 추가 준비금이 필요해지자 1969년 10월 IMF 연차회의에서 국제유동성 공급을 영구적으로 확대하는 SDR 창설을 승인하였다. SDR로 인해 금이나 회원국들의 자국통화를 추가로 출자하지 않고도 사실상 회원국들의 할당액이 증가하는 효과가 나타났다.1986년부터는 IMF는 IBRD와함께 빈곤한 나라들을 원조하기 위한 수십 억 달러의 공동대출자금을 새롭게 조성하였다. 【활동의 평가】 IMF는 제2차 세계대전 후의 세계 금융 외환기구를 마련하여 외환을 안정시킴으로써 세계무역의 확대, 세계경제의 발전에 크게 기여하였다. 그러나 미국 달러를 중심으로 한 국제 금환본위제 성격을 띠고 있기 때문에 국제거래 증가에 따른 국제 유동성 증가는 미국의 국제수지 적자를 일으키고 이는 다시 달러 신인도를 하락시키는 모순이 있다. 반대로 달러 신인도를 회복시키려면 미국 국제수지의 균형을 도모해야 하고 그것은 국제유동성을 감소시키는 결과를 가져온다."
10,,Aid Predictability,원조예측성,공여국이 원조 관련 중장기 예산 계획을 미리 발표하여 수원국이 이를 근거로 계획을 세울 수 있도록 도움을 주는 것을 의미. 원조예측성을 높이기 위한 방안은 ODA 예산안과 결산안을 투명하게 공개하는 것 등이 있음
11,,Monterrey Consensus on Financing for Development,몬테레이 컨센서스,"국제개발과 협력을 위한 개발재원을 확보하기 위해 2002년 3월 멕시코 몬테레이에서 개최된 개발재원에 관한 고위급 회의의 결과문서. 재원확보 방안으로 국내재원 동원, 해외직접투자(FDI), 국제무역, ODA, 외채탕감 등을 강조"
12,AMC,Advanced Market Commitment,선행적 시장조성,질병을 치료할 백신이나 의약품이 시장실패로 인해 개발되지 못하는 문제를 해결하기 위한 제도적 장치. 사전 약정을 통해 백신개발의 시장수익률을 보장하면 개발 동기가 발생하여 빈곤국에 백신을 신속하고 저렴하게 공급할 수 있어 소외 질병 치료에 효과적인 방식
13,,Localizing SDGs ,SDGs 지역화,"SDGs의 이행과정이 지역공동체를 중심으로 추진되어야 진정한 의미의 지속가능한 발전임을 강조하는 개념. 이 개념에 따르면, 정치적, 행정적 책임을 지고 있는 지방 정부는 중앙정부의 정책을 집행하는 단순한 도구가 아니라 자신들의 고유한 다양한 문제들을 발견하고 변화를 위한 정책을 결정하는 중심 행위자로서의 역할이 강조"
14,,Micro-macro paradox,미시-거시 역설,"ODA와 경제성장 유발 효과의 모순적인 양면성을 설명한 이론으로, 대외원조의 미시적인 결과는 명확하게 규명될 수 있으나, 거시적적인 결과는 분명하게 규정하기 어렵다는 이론"
15,,Employment Impact Assessment,고용영향평가,"""정부 재정을 투입한 사업의 일자리 창출 효과를 정량적·사전적으로 평가하는 제도「고용정책기본법 제 13조」 및 「고용정책기본법 시행령 제22조~23조」"""
16,GPEDC LAP,Global Partnership for Effective Development Cooperation Learning Accelerating Program,효과적 개발협력을 위한 글로벌 파트너십 이행역량개발프로그램,"부산원칙 이행을 위해 주기적으로 추진되는 유일한 실무급 프로그램으로 빠르게 변화하고 고도화되고 있는 국제 개발동향 및 이행방안의 학습의 장이자, 개발효과성 개선을 위한 커뮤니티 형성"
17,GPEDC,Global Partnership for Effective Development Cooperation,효과적 개발협력을 위한 글로벌 파트너십,"""- SDGs 달성에 기여하는 한편 장기적인 성과를 위해 개발협력의 효율성을 향상시키고자 설립된 다중협력 플랫폼- 국제개발협력의 원조 개선 및 효과성 제고를 위해, 정부, NGOs, 민간, 의회 등의 모든 개발협력 주체가 함께 참여하는 포용적 파트너십이자"""
18,GSDR,Global Sustainable Development Report,글로벌 지속가능개발 보고서,"""UN에서 발간하는 4년에 한번씩 발간하는 학술적인 보고서 - 2012년 Rio+20에서 보고서 발간을 발표하였으며, 2016년 첫 발간이 이루어짐  - GSDR은 HLPF에 과학과 정책의 연계를 강화하고 정책입안자가 빈곤퇴치 및 지속가능개발을 촉진시키는데 도움이 되는 강력한 증거기반 도구가 되는 것을 목적으로 함 - UN사무국은 15인의 독립과학자그룹(Independent Group of Scientists)을 조직하여 2016년 말부터 작성하여 2019 HLPF에 맞추어 두 번째 GSDR(The Future is Now)을 발간함"""
19,UN HLPF,UN High Level Political Forum,유엔 고위급 정치 포럼,"""2012년 6월 유엔지속가능발전회의 (Rio+20)의 결정으로 수립결의안 A/RES/67/290에 따라 HLPF의 역할은 다음과 같음 - 지속가능개발을 위한 정치적 리더십 발휘 및 이행방향과 권고사항 제시 - 지속가능개발 협약의 이행과정 검토 및 후속 조치 시행 - 지속가능개발의 3대 축(경제-사회-환경)의 통합 강화 - 새로운 지속가능개발 과제를 고려한 역동적이며 행동지향적인 의제 설정HLPF는 유엔 총회 주간 하에 각국 정상급 회의로 4년에 한번 유엔 총회 개회기간 중 2일간 개최되며, UN ECOSOC 주관 하에 장관급 회의 3일을 포함하여 매년 8일간 개최함"""
20,DCF,Development Cooperation Forum,개발협력포럼,"""2005년 세계정상회의 결과에 따라 ECOSOC 하에 개발협력포럼 발족 합의 2007년 발족하였으며 A/RES/60/1에 따라 DCF의 역할은 다음과 같음 - 전략, 정책 및 재원 조달을 포함한 국제 개발 협력의 동향 검토 - 다양한 개발협력주체들 간의 활동 일관성 향상 - 유엔의 활동 내 규범적 및 운영적 연계 강화"""
21,,Gender-based Violence,젠더기반폭력,남성과 여성 간의 사회적 차이에 기반하여 한 개인의 의지에 반해 범해진 모든 종류의 해로운 행위
22,GAD,Gender And Developemnt,젠더와 개발,"여성과 남성 간의 불평등한 권력관계, 즉 젠더 권력관계가 가진 문제와 해결에 초점을 둠"
23,WAD,Women And Development,여성과 개발,개발과정에 대한 여성의 평등한 참여를 제한해온 가부장적 헤게모니와 같은 사회구조 변화에 초점을 둠
24,,Triangular Cooperation,삼각협력,DAC 공여국과 중소득국 또는 신흥공여국이 공동으로 수원국의 발전을 위해 프로그램과 프로젝트를 지원하는 것
25,DRM,Domestic Resource Mobilization,개발도상국 국내재원동원,개발도상국  국내의 공공 및 민간 자원이 생산적인 투자로 활용될 수 있도록 동원되는 것
26,RECP,Resource Efficiency and Cleaner Production,자원효율성과 청정생산,"자원효율성 제고 및 인간과 환경에 대한 위험 감소를 위해 공정, 제품 및 서비스에 환경예방 전략 및 총 생산성 개선 기술을 지속적으로 적용하는 것이라고 정의할 수 있다."
27,SCP,Sustainable Consumption and Production,지속가능한 소비와 생산,상픔 생산과정에서 신재생에너지를 사용하고 과정 자체를 개선해 다 쓰고 남은 재화 및 폐기물을 생산의 투입요소로 재사용해 폐기물을 최소화하는 소비 및 생산 양식
28,,Sustaining peace,평화의 지속화,"평화의 지속화는 분쟁의 재발이라는 악순환의 고리를 끊고, 폭력적 분쟁에 대한 모든 대응에 있어서 장기적이고 통합적인 비전의 중요성을 강조하는 개념."
29,RBM,Result Based Management,성과중심관리,"더 나은 실적과 산출물, 결과, 영향력 달성에 집중하는 경영전략"
30,VNR,Voluntary National Review,자발적 국가 보고서,국가 차원에서 SDGs 이행을 점검하는 보고서
31,HRBA,Human Rights Based Approach,인권기반접근,"국제사회가 인정하는 인권을 증진하기 위하여 모든 개발협력 프로그램에 국제인권기준과 인권원칙을 적용함으로써, 국제개발협력의 주목적을 인권실현으로 바라보는 개념적 틀(x-framework)"
32,GEF,Global Environment Fund,지구환경기금,"1990년에 설립된 국제기금으로, 지국환경보전을 목적으로 함. 개발도상국의 환경 분야에 투자하고 관련 기술개발을 지원하며 국제연합개발계획(UNDP), 국제연합환경계획(UNEP), 세계은행 등이 공동관장하고 있음."
33,,Climate change mitigation,기후변화 완화,미래의 기후변화 정도를 완화시키기 위한 활동을 지칭함. 주로 기후변화의 주요 원인이 온실가스의 배출을 줄이거나 온실가스의 흡수원을 확대하는 활동이 포함됨.
34,,Climate change adaptation,기후변화 적응,"기후 변화에 적응하기 위한 생태계/사회경제시스템 상에 취하는 모든 활동을 지칭함. 즉, 자연/인위적인 시스템 조절을 통해 이미 나타나거나 미래에 나타날 것으로 예상되는 기후변화의 영향에 대응하여 예상되는 피해를 완화하거나 나아가 새로운 기회로 활용하는 활동을 의미함."
35,,Rio marker,리우마커,"ODA 중 1992년 UN환경개발회의에서 채택된 생물다양성협약, 기후변화협약, 사막화방지협약과 관련된 ODA를 별도로 분류하기 위해 고안된 마커. 총 4종류(기후변화 완화, 기후변화 적응, 생물다양성, 사막화방지)가 있으며 이를 통해 3개 환경협약과 관련된 ODA활동을 파악할 수 있으며, 환경마커(Aid to Environment marker)를 보완하는 역할을 함."
36,,Aid to Environment marker,환경마커,"원조 중 환경에 초점을 맞춘 경우에 부여하는 마커로, 수원국이나 사업대상 집단 혹은 지역의 물리적인 생물학적 환경을 개선하기 위한 제도구축, 역량개발 등의 활동을 통하여 개발협력 목표의 추진과 환경에 대한 고려를 통합시키는 활동을 파악할 수 있음."
37,,Sector Budget Support,분야별 예산지원,전반적인 정책 및 예산 우선순위가 아닌 특정 분야에 집중하여 수원국 예산에 제공하는 지원
38,,Donor Country Personnel,공여국 전문가 파견,"OECD DAC가 정하는 원조 유형 중 하나로 공여국이 전문가 파견을 목적으로 개도국 공공·민간기관에 제공하는 전문가, 컨설턴트, 교사, 학자, 연구원, 인턴, 자원봉사자 및 자금지원을 의미함"
39,,Aid to refugees in donor countries,공여국내 난민지원,공여국 내 난민의 첫 12개월간 상주를 위한 공공분야 지출
40,IRTC,Investment-related technical co-operation,투자 관련 기술협력,수원국의 물리적 자본 확대를 위한 프로젝트 또는 프로그램의 설계 및 시행에 기여하는 것을 주요 목적으로 공여국이 제공하는 자금지원
41,FTC,Free-standing technical co-operation,독립적 기술협력,"개도국 국민의 지식, 기술, 노하우 또는 생산적성 증진에 주요 목적을 두고 공여국이 지원하는 원조사업"
42,,General Budget Support,일반예산지원,거시경제 개혁을 지원하기 위한 자금지원 등 자금의 사용처를 특정한 목적으로 지정하지 않고 수원국 정부 예산에 제공하는 비지정기여
43,,Administrative Costs,행정성경비,개발협력 사업을 진행하기 위해 집행한 공여국 내 원조담당 및 집행기관의 행정비용
44,,Development Awarness,개발인식증진,"개발협력 노력, 필요성 및 이슈 등 개발협력 관련 활동에 대한 국민의 인식 및 지지 제고"
45,,Channel of delivery,전달채널,원조 시행의 의무를 가지고 원조시행기관과 계약 또는 기타 구속력있는 협정으로 맺어져 있으며 기금에 직접적인 책임을 지는 최초의 원조시행파트너
46,,XML,XML (IATI 보고방식),IATI 원조정보공개를 위해 사용되는 자료 포맷으로 인터넷 웹페이지를 만드는 html을 획기적으로 개선하여 만든 언어
47,PWYF,Publish What Your Fund,Publish What Your Fund,원조투명성지수 평가 주관기관으로 원조투명성에 관한 글로벌 캠페인 조직인 영국 민간 단체
48,ATI,Aid Transparency Index,원조투명성지수,영국 민간단체인 Publish What Your Fund에서 격년으로 공여기관의 IATI를 비롯한 원조정보공개 및 원조투명성을 평가하는 지수
49,,Grant equivalent,증여등가액,차관의 연간 지출액에 증여율을 곱하여 계산한 금액
50,,Global Disease Eradication Fund,국제질병퇴치기금,"항공권에 일정 금액을 부과하여 조성된 기여금을 개발재원으로 활용하는 ‘항공권연대기여금’의 일환으로, 2007년 ‘국제빈곤퇴치기여금’제도를 도입하여 국내공항을 통해 출국하는 국제선 항공권 1매당 1천원을 부과하여 재원을 조성한다.동 기여금을 보다 안정적으로 운영하기 위해 2017년 1월 1일 ‘국제질병퇴치기금’으로 기금화하여 개발도상국의 질병 예방·퇴치를 위한 활동을 지원하고 있다."
51,CSV,Creating Shared Value,공유가치창출,기업이 사회적 가치를 향상시킴과 동시에 경제적 이윤을 추구할 수 있는 비즈니스 전략을 말한다.
52,CSR,Corporate Social Responsibility,기업의 사회적책임,"기업이 사회적 책임을 수행하기 위해 하는 활동으로, 핵심역량과 자원을 투자해 사회적 가치를 창출하는 행위를 말한다."
53,,Value Chain,비즈니스 가치사슬,기업이 가치를 창출하는 과정에서 직?간접적으로 동원된 모든 프로세스의 연계를 말한다.
54,BOP,Bottom of Pyramid,사회 취약계층,"기본적인 상품과 서비스에 접근이 제한된 연간 소득 3,000불 미만(하루 소득 8달러 미만)의 저소득층 계층으로 전 세계인구의 70퍼센트(45억명)를 차지하며, 소비시장 규모가 5조 달러에 이를 정도로 잠재력이 풍부하다."
55,,Inclusive Business,포용적 비즈니스,"기업이 비즈니스 목표를 추구하면서, 비즈니스 가치사슬에 BOP구성원을 포용하는 모델, 사회적 가치와 경제적 이윤을 동시에 창출하고자 한다."
56,DAK,Development Alliance Korea,개발협력연대,"개발협력연대란 지구촌의 빈곤, 불평등 감소와 지속 가능한 개발 지원활동을 수행하는 기업, 시민사회, 정부 및 학계를 포함하는 혁신적인 민관협력체제이다.해외 무상원조 분야에서 시민사회, 기업, 학계 등 다양한 민간 파트너들과 정부가 함께 참여하는 최초의 민관협력체제이며 국제개발협력민간협의회, 전국경제인연합회, 한국대학교육협의회, 국제개발협력학회, 유엔글로벌콤팩트 한국협회, 유엔아카데믹임팩트 한국협의회 및 외교부, KOICA 8개 기관이 각 주체를 대표하여 결성을 위한 서명에 참여하였다."
57,IBS,Inclusive Business Solution,포용적 비즈니스 프로그램,"기업의 사회공헌활동(Corporate Social Responsibility, CSR)?공유가치창출(Creating Shared Value, CSV) 관련 재원과 전략을 ODA 사업과 적극 연계해 개발도상국의 경제?사회?환경적 지속가능한 발전에 기여하는 사업을 말한다."
58,CTS,Creative Technology Solution,혁신적 기술 프로그램,"예비창업가, 스타트업 등 혁신가들의 혁신적 아이디어, 기술 등을 ODA에 적용하여 기존 방법으로 해결이 어려웠던 개발협력 난제에 대한 솔루션을 찾는데 기여하고, 개발협력 사업의 효과성을 제고하는 사업을 말한다."
59,,"Sustainable Development Goals, SDGs ",지속가능한 개발목표,"1992년 리우 정상회의에서 개발된 지속가능한 개발을 위한 행동방안인 '의제 21(Agenda 21)'에 근거한 제안서로서, 빈곤, 소비양식(pattern)의 변화, 식량, 에너지, 식수, 생물다양성 그리고 그 외 환경문제를 위한 목표를 제시하고 있다. "
60,,"Accra Agenda for Action, AAA ",아크라행동강령,"국제개발협력의 주체들은 아크라회담에서 아크라 행동강령(Accra Agenda for Action, AAA)을 채택해 국가차원의 정책대화, 개도국 역량강화, 개도국 시스템 이용 촉진, 원조분절화 감소, 원조의 가치(value for money) 확대, 개발협력 활동의 시민사회 참여확대 등의 의제를 포함했다. "
61,,"New International Economic Order, NIEO ",신국제경제질서,"1973년 말의 OPEC 공세 이래 개발도상국이 강력히 요청하고 있는, 개발도상국의 이익을 중시한 새로운 세계의 경제질서이다. 현재 세계경제의 체제는 선진국에 이익을 가져오는 것이며 근본적으로 변혁되지 않는 한 개도국의 이익은 있을 수 없다고 하는 사고방식이 바탕을 이루고 있다. 1974년 제6회 UN 특별총회(자원총회)에서 이것을 원칙적으로 인정하여 '신국제경제질서 수립선언'이 채택되었다. 구체적으로는 자원의 항구주권, 개도국 상품의 가격연동제에 의한 가격보상, 생산국 카르텔 촉진 등이 요구항목이다. 개도국은 UN이나 UNCTAD, 비동맹회의, 국제경제협력회의(CIEC) 등을 통해 NIEO의 실현을 요구하고 있다. "
62,,"Poverty Reduction Strategy Papers, PRSP ",빈곤감소전략보고서,"빈곤감소에 초점을 맞춘 중점개발과제와 그 대책을 포괄적으로 기재한 3년간의 경제, 사회개발계획으로, 1996년 세계은행과 IMF의 공동총회에서 고채무빈국 이니셔티브 및 IDA 융자의 판단자료로 개발도상국에 그 작성을 요청할 것이 결정되었다. 2000년 이후에도 빈곤감소 대응책에 대한 우선순위를 결정할 수 있게 하며, 농촌개발, 인프라 건설, 민간부문개발과 같은 개발 능력배양 등 빈곤감소에 큰 효과를 이루어내고 있다. "
63,,"Public Private Partnership, PPP ",기업참여 민관협력,"더욱 효율적인 공공서비스의 실현을 위한 정부, 민간기업 및 NPI, 지역주민 등이 업무를 분담하는 협력관계를 말한다. 그 목적에 따라 개발 PPP, 원조 PPP, CSR PPP로 구분하기도 한다. 이 개념 중 개발 PPP의 개념이 가장 범위가 넓으며, 상대적으로 CSR PPP의 범위는 가장 작게 설정될 수 있다. PPP는 정부가 주로 주도하며, CSR PPP는 기업이 주도하는 형태로 진행된다. "
64,,"East Asia Climate Partnership, EACP ",동아시아기후파트너십,우리나라 정부는 2008년 대한민국 건국 60년을 기념해 새로운 국가비전으로서 '저탄소 녹색성장'과 '성숙한 세계 국가'를 발표했다. 이러한 국가 비전하에 우리 정부는 2008년 7월 G8 확대정상회의에서 개도국의 기후변화 대응역량 강화 및 아시아 녹색 성장 지원을 위한 2억 달러 규모의 동아시아기후파트너십 사업을 5년간(2008~2012) 추진하기로 국제사회에 공약했다. 
65,,Logical Framework Approach ,논리모형 접근법,"프로젝트 기획 및 관리 방법들 중 가장 처음으로 등장한 논리모형 접근법은 1960년대 말 미국 USAID에서 고안된 방법이다. 이 방법은 프로젝트의 근본을 투입물, 활동, 산출물, 산출 결과, 영향의 수직적 논리와 지표 및 증명수단의 수평적 논리로 나누어 설정하고 이들의 체계적이고 논리적인 설정을 통해 프로젝트를 설계, 실행, 평가하는 방법론을 말한다. "
66,,"Green Climate Fund, GCF ",녹색기후기금,"2010년 멕시코 칸쿤 총리 (제16차 UN기후변화협약 당사국 총회)에서는 190여 개의 회원국들이 녹색기후기금 조성 등에 대한 합의를 도출했으며, '코펜하겐 합의문'을 구체화해 선진국의 온실가스 배출량을 1990년에 비해 25~40% 정도 감축해야 한다는 권고를 합의했다. 2012년 10월 송도에서 열린 녹색기후기금 제2차 이사회를 통해 인천 송도시가 사무국으로 선정되었다. 저개발국의 기후변화 대응과 녹색경제 달성을 목표로 GCF는 2020년까지 1,000억 달러 규모의 기금이 조성될 예정이다. "
67,,"Upper Middle Income Countries, UMICs ",고중소득국,"OECD/DAC와 세계은행의 분류에 의하면, 2007년도 기준으로 1인당 GNI가 3,706달러 이상 1만 1,455달러 이하인 국가를 말한다. "
68,,"Group of 77, G77 ",77그룹,"1964년 개최된 제1회 UN무역개발회의 (UNCTAD)에서 77개 개도국이 그룹이 되어 공동선언을 채택함으로써 출범하게 되었다. 특정한 기구는 없으며 UNCTAD 총회 등 국제회의에 대비하여 각료회의를 열고 개도국의 의견조정 및 선진국에 대한 종합적인 요구 등을 통해 개도국의 경제?사회 발전을 지향하고 있다. 77그룹은 UNCTAD 작업 프로그램을 위한 의제를 설정하는 데 강력한 영향력을 발휘하고 있다. 77그룹 의장은 아프리카, 라틴아메리카, 아시아 국가를 대표하는 그룹들 간에 윤번제로 맡는다. 77그룹은 UN 내 다른 조직에서도 일정한 역할을 수행하고 있다. 한국은 1996년 OECD 가입에 따라 이 그룹을 탈퇴했다. "
69,,Shaping the 21st Century - A New DAC Strategy of Development Cooperation Report,21세기 개발협력전략,"1996년 OECD/DAC 고위급회의에서 채택한 21세기를 향한 장기적인 원조지침으로 ① 향후 20년 동안 경제적 복지, 사회개발, 지속가능한 환경 부문에서의 측정가능한 목표 설정과 비전을 제시했다. ② 경제적 복지부문에서는 2015년까지 극빈자 비율을 절반으로 감축하고 ③ 사회적 개발부문에서는 ⓐ 2015년까지 모든 나라에 초등교육 보급, ⓑ 2005년까지 초등 및 중등 교육의 남녀격차를 해소, ⓒ 2015년까지 영아와 5세 미만의 유아사망률 3분의 2 감축 및 임산부 사망률 4분의 3 감축, ⓓ 2015년까지 모든 개인에 성과 생식에 관한 보건서비스 (reproductive health services) 제공 실현 등을 목표로 하고 있다. 한편 이를 달성하기 위해 전략 3가지 '파트너십(Partnership)', '주인의식(Ownership)', '공여국의 원조일치(Alignment)'가 제시되었다."
70,,IDPS ,International Dialogue on Peacebu,"평화구축 및 국가건설에 관한 국제대화(International Dialogue on Peacebuilding and Statebuilding, IDPS))란 OECD INCAF 산하 작업반(working group)으로서, IDPS에서는 분쟁 및 취약국이 분쟁 및 취약 상황에서 벗어나기 위해서는 당사국의 주인의식과 자기주도성, 국제사회의 강력한 지원과 파트너십이 필요하다는 인식 아래, 공여국, 분쟁 및 취약국, 국제개발기구, 시민사회기구가 함께 평화구축과 국가건설 목표들 그리고 분쟁 및 취약국 에 대한 효과적인 개입을 위한 행동 계획을 논의한다. "
71,,INCAF ,International Network of Conflict,"‘분쟁 및 취약성에 관한 국제네트워크(International Network of Conflict and Fragility, 이하 INCAF)’는 OECD DAC 산하 기관으로서 분쟁 및 취약국 지원과 관련한 경험을 상호 공유하고 국제적인 규범을 설정하며 취약국가 지원을 위한 가이드라인을 제공하기 위한 목적으로 2009년 설립되었다. INCAF의 주요 업무는 1) 분쟁 및 취약국에서 개발협력 공여자들 간의 조화 증진, 2) 평화구축, 국가건설 그리고 안보, 3) 평화구축과 국가건설을 위한 재원 조달 및 원조체계 수립, 그리고 4) 평화구축 및 국가건설을 위한 국제대화 네 영역으로 구성된다. "
72,,fragile State ,취약국,"취약국(fragile states)이란 정치적으로 정권의 권위와 정당성이 부족하며, 행정적으로 기본적인 공공서비스를 제공할 역량과 의지가 미흡하고 내부적인 폭력과 외부적인 위기상황에 의해 안보가 보장되지 않는 국가를 말한다. 취약국이란 개념은 현재 국제적으로 합의된 정의는 없는 상황이며, 각 공여기관별로 조금씩 상이한 차이를 보인다."
73,,New Deal for Engagement in Fragile States ,뉴딜,"‘뉴딜’의 정식 명칭은 ‘취약국 개입을 위한 뉴딜(New Deal for Engagement in Fragile States)’이다. 뉴딜(New Deal)은 분쟁 및 취약국의 평화구축과 국가건설, 그리고 개발 지원을 위해 2011년 합의된 협력 원칙으로, 법치(legitimate politics), 안보(security), 정의(justice), 경제적 기반(economic foundations), 조세와 공공서비스(revenue services) 등의 5개 평화구축 및 국가건설 목표(Peacebuliding and Statebuilding Goals, PSGs)와 함께, 이를 달성하기 위한 뉴딜 접근방식(FOCUS)과 취약국 개입원칙(TRUST)을 제시하고 있다. "
74,,Value additionality ,가치 추가성,"가치 추가성은 민간에게 제공할 수 있는 공여기관이 가진 경쟁력 즉, 지식이나 전문성 제공, 현지 네트워크 연결과 같은 비재무적인 지원으로 개발의 관점에서 투자와 사업 활동의 질을 높이는 주요인라고 할 수 있다."
75,,Development additionality ,개발 추가성,"개발 추가성이란 공공자금 지원으로 인한 투자가 더 나은 개발효과 (사업의 크기, 범위, 질, 타켓 그룹 또는 사업/파트너 활동의 대상지 등과 관련한 산출, 결과, 영향) 달성에 기여했다면 그것이 개발 추가성이 된다."
76,,Financial additionality ,재무적 추가성,재무적 추가성이란 공여기관의 지원이 아니었다면 사업이 실시되지 않았을 것이다 또는 공여기관의 지원이 다른 투자자를 대체한 것이 아닌 추가적인 역할을 했다는 것이 확인된다면 그것을 재무적 추가성이라고 정의한다.
77,,Additionality ,추가성,"추가성이란 공여기관과 기업의 파트너십을 통해 공공자금이 기업에 지원될 때 해당 자금 지원만이 만들어내는 추가적인 가치라고 정의할 수 있다. 즉 공공자금이 없었다면 사업이 실시되지 않았을 것이다 또는 공공자금이 사업의 개발효과를 높였다 라는 것이 설명될 수 있다면 그것이 바로 추가성이다. 추가성은 대표적으로 재무적 추가성(financial additionality), 개발 추가성(development additionality), 가치 추가성(value additionality)로 구분할 수 있다."
78,,"Private Sector Development, PSD ",민간부문개발,"민간부문개발이란 개도국 지역 민간 부분, 특히 중소기업의 생산역량 및 투자 환경 개선을 위한 정책, 제도, 시장 기능, 기업자원을 다루는 개발 협력이라고 정의할 수 있다. 민간부문은 교육이나 보건과 같은 일반적으로 우리가 알고 있는 개발협력 지원 분야와는 다른 준위의 구분이며 농업, 산업, 서비스에 이르는 모든 경제 활동에 적용될 수 있는 범분야(cross-cutting)의 개념이라고 할 수 있다."
79,,Challenge Fund ,챌린지 펀드,"챌린지 펀드란 특정분야에 종사하는 기업이나 기관으로부터 개도국의 개발문제를 해결할 수 있는 사업 제안서를 제출받아 경쟁을 통해서 사업을 선정하고 선정된 사업에 공여기관이 사업 관련 투입요소 중 일부를 지원하는 것이다. USAID, SIDA, DFID, 호주 DFAT 등 다양한 공여기관이 이러한 펀드를 운영 중에 있으며 KOICA도 유사한 개념의 펀드인 CTS 프로그램을 운영하고 있다."
80,,"International Aid Transparency Initiative, IATI ",국제원조투명성기구,"공여국, 수원국, 국제기구, 민간기관 등 개발협력에 참여하는 기관들이 원조정보공개를 통해 투명성 증진을 위한 활동을 전개하는 자발적 협의체를 말한다. 원조 관련 공통의 정보공개 기준을 제시하고 회원들이 자발적으로 원조지원실적 및 향후지원계획 등의 정보를 제공할 수 있도록 지원한다."
81,,"Paying for Results, Paying for Success ",성과연계지급,"일반적으로 사업비용이 사업 수행 전에 지급되는 것과는 달리, 사업의 개발성과가 입증되는 것에 한해 재원을 지급하는 방식으로 대표적 사례로 개발성과연계채권이 있다."
82,,Guarantee ,보증,"개발도상국의 경제 성장 및 사회 발전 사업을 위해 발급하는 보증을 의미하며, 주채무자(협력국)가 채무를 이행하지 않은 경우나 투자 손실을 일으켰을 때, 보증인(공여국)이 부분 또는 전체 손실을 보전하는 방식이다."
83,,Mezzanine Finance ,메자닌 금융,"부채와 자본 중간적 성격을 갖고 있는 금융기법으로, 기관의 선순위 부채와 주식 사이의 층에서 혼합적 금융 방식을 통해 재원을 마련하는 기법이다."
84,,Equity Investment ,지분투자,"협력국에서 사업을 수행할 때 필요한 자금의 일정 부분을 개발금융기관, 민간기업, 정부 출자기관 등이 투자하고 이로 인한 이익, 경영권, 배당 등을 분배할 것을 약정하는 방식이다."
85,,Financing for Development ,개발재원 조달,"개발 목적의 사업 혹은 활동을 위한 자금을 지원하는 것을 의미하며, 대출, 기여금 유치, 후원자 및 투자자 유치 등까지의 행위를 포함한다."
86,,Development Financial Institutions: DFIs ,개발금융기관,"개도국의 민간부문 지원을 통해 빈곤퇴치와 지속가능한 개발 기여라는 공공성과 이윤추구라는 상업성의 이중적 목적을 추구하는 공적 금융 기관이다. (예외. 오스트리아). 대표적으로 영국 CDC, 프랑스 Proparco, 미국 OPIC 등이 있다."
87,,Total Official Support for Sustainable Development: TOSSD ,지속가능개발을 위한 총공적지원,"ODA를 넘어서는 개발을 위한 지원 전반에 대한 포괄적인 공적지원 측정 수단으로 도입이 논의되었다. TOSSD는 ODA의 목적인 개도국의 경제개발과 복리 증진을 지원하는 것 이외에도 여타 다른 활동 목표와 공존하는 경우에도 지원이 가능하며, 공여국이 해당 활동을 통해 수혜를 받는 것도 가능하다. 또한  TOSSD는 수원국의 개발 우선수위와 합치해야하며, 양허성의 조건은 필요하지 않다. TOSSD의 구체적인 측정범위와 방식에 대해서는 아직 미정인 상태로, OECD를 중심으로 논의가 계속되고 있다."
88,,Addis Ababa Action Agenda: AAAA ,아디스아바바행동의제,"에티오피아 아디스스아바바에서 개최된 제3차 개발재원총회(2015.07)의 결과문서로서 지속가능개발목표(SDGs)의 이행을 위한 개발재원의 중요성을 강조하고 있으며 총론, 7개 행동분야, 데이터 및 모니터링 파트로 구성된다."
89,,"Blended Finance, Blended Finance ",혼합재원조달,"신흥시장국을 대상으로 민간자본 동원을 유인하기 위한 개발재원과 자선 기금의 전략적 사용에 의한 체계적이고 구조적인 접근법을 의미하며 3가지 주요 특징으로는 레버리지(leverage), 영향(impact), 수익(Return)등을 제시한다."
90,,"Impact Investment, Impact Investing ",임팩트투자,임팩트 투자는 ‘재무적 이익과 사회적 성과를 동시에 추구하고자 하는 투자방식’이라고 정의할 수 있다. 
91,,Private Sector Instruments: PSI ,민간금융수단,"OECD DAC의 ODA 현대화에서 사용되는 용어로서 대출, 지분투자, 보증 등과 같은 금융수단을 의미한다."
92,,Development Finance ,개발재원,"개도국의 빈곤감소 및 지속가능개발을 위해 필요한 재원을 통칭한다. 개발재원의 주요 유형으로는 국내공적재원(조세), 국제공적재원(ODA, OOF), 국내민간재원(저축, 국내투자), 국제민간재원(해외직접투자, 송금 등) 등으로 나뉜다."
93,,Official Development Finance: ODF ,공적개발재원,공적개발금융은 개도국에 대한 자금 흐름을 측정하는데 사용되는 개념으로 ①양자간 ODA ②다자간 증여 및 양허성·비양허성 차관 ③리파이낸싱(Refinancing) 차관등을 포함한다.
94,,Grant ,무상원조,"공적개발원조(ODA)를 크게 둘로 나누면, 개도국에 상환의무를 부과하지 않고 무상으로 공여하는 증여와 상환의무를 부과하는 융자(차관)로 나뉜다. 증여는 다시 양자간 증여(무상자금협력, 기술협력)와 국제기관에 대한 분담금으로 구분할 수 있다. 증여는 무상원조로, 유상차관은 유상원조로 각각 불리기도 한다. "
95,,Grant Assistance ,무상자금협력,개도국의 경제·사회개발계획 실시에 필요한 기자재 및 용역을 조달하기 위한 소요자금을 수원국에 상환의무를 부과하지 않고 증여하는 원조를 말한다. 이러한 형태로는 공적개발원조(ODA) 양자간 증여 중 기술협력으로 분류되는 이외의 증여를 의미한다. 
96,,Quick Disbursing Loan ,신속차관,"선진국의 양자간 원조는 주로 프로젝트 형태인데 대규모 원조사업의 경우 세밀한 사전조사와 설계에 시간과 노력이 걸리고, 수원국에 대한 파급효과를 조사하는데도 시간이 많이 필요하다. 일본의 경우 공여규모의 확대에 따라 원조집행에 시간이 걸리고, 엔고 경향 등으로 미국의 달러로 환산하는 개발원조위원회(DAC)의 액수와 실제 지출액의 차이가 커지는 경향이 있다. 이에 따라 신속한 의사결정 및 집행이 필요한 경우, 비프로젝트형 원조(Non-Project Aid)등에서 신속차관(Quick Disbursing Loan)이 요구되고 있다. 상품차관과 같은 비프로젝트형 원조(Non-Project Aid)도 신속차관의 한 형태이며 이는 계약조인에서 대부 완료까지 비교적 단기간에 이루어진다. "
97,,Concessionality Level: C.L. ,양허성 수준,"수출신용의 질(양허성)을 나타낼 때 사용되는 기준으로 OECD 개발원조위원회(DAC)의 공적개발원조 기준으로서 사용되고 있는 증여율(Grant Element)과 유사한 개념이다. 증여율은 차관액과 10%의 할인율로 나눈 차관원리금 상환액의 현재가치를 비교, 그 비율을 구하는 것이며 양허성수준은 같은 산출식에서 10% 대신 수출신용공여국의 시중금리를 기준으로 한 금리를 할인율로 사용한다. OECD의 수출신용 지침에서는 C.L.을 기준으로 공적수출 신용공여의 규제를 행하고 있다. "
98,,Concessional Loan ,양허성 차관,"일반적으로 이자율, 상환기간, 거치기간 등 3요소를 고려, 시중의 일반자금 융자와 비교하여 차입국에 유리한 조건에 의한 차관을 지칭한다. 개도국에 대한 직접차관중 증여율이 25% 이상을 상회하는 양허성 차관을 공적개발원조(ODA) 차관이라고 부른다. "
99,,Loan Assistance ,유상자금협력,"저리이며 변제기간이 장기인 완화된 조건의 양자간 자금협력을 의미한다. 우리나라의 경우, 대 개도국 지원을 위한 ""대외경제협력기금""을 수출입은행에서 집행하고 있으며, 일본은 엔화에 기초한""엔 차관""을 해외경제협력기금(OECF)이 실시하고 있다. 개도국의 경제개발과 복지 향상에 기여할 것을 조건으로 하며, 증여율이 25%이상 되어야 한다. "
100,,Conditional Loan ,조건부차관,"세계은행이 지속적인 국제수지적자로 경제침체에 빠져있는 개도국들을 지원하기 위해 1980년부터 도입, 시행중인 차관. 기존 세계은행의 차관이 대형 프로젝트 사업지원에 국한된 데 반해 차입국의 대외채무상환 등 광범위한 용도로 사용될 수 있다. 따라서 부문별로 차관이 공여되는 섹터론의 성격이 강하다. 차입국의 국제수지 적자축소를 주목표로 삼고 있는 만큼 차입국이 경제정책에 국제수지적자 보전대책을 반영하는 것을 차관공여의 전제조건으로 삼고 있다. 구조조정차관은 대부분이 변동금리로 도입되며 차관기간도 장기이다. 우리나라도 1981년 이후 여러 차례 구조조정차관을 도입한 바 있다. "
101,,HIPC Trust Fund ,중채무빈국 신탁기금,"세계은행은 채무문제가 경제에 심각한 영향을 주는 17개국을 중채무빈국(Heavily Indebted Poor Countries: HIPC)으로 정하고 채무연장 및 채무전환의 우선교섭 대상국으로 삼아 왔는데 1989년 브레이티 제안에 기초하여 신채무전략을 채택함과 동시에 중채무빈국 대상을 확대하였다. 1995년 말 현재 중채무 중소득국은 17개국, 중채무빈국은 36개국, 합계 53개국이 중채무국으로 남아있다. 중채무빈국에 대해서는 채무 말소, 원조공여를 중심으로 지원하여 왔으며 1996년 9월 IMF/세계은행 총회에서 중채무빈국 가운데 구조개혁을 노력하는 국가에 대해 신속한 채무 말소 등을 대책으로 하는 신탁기금의 설립을 제안하였다. 세계은행은 1996년 11월에 5억달러의 기금을 적립하고, 1996년 11월과 1997년 3월 중채무빈국 회의를 개최, 주요 채권은행(아프리카개발은행, 미주개발은행 등)들에 대해 신탁기금의 취지를 설명하였다. 1997년 4월 최초로 우간다에 대한 세계은행과 IMF이사회의 신탁기금의 사용이 승인되었다. 아프리카 개발은행을 비롯, 그간 경감된 채무말소의 현재가치는 3억 4000만 달러 정도로 예상된다. 세계은행과 IMF는 중채무빈국의 구조개혁을 평가, 개혁성과가 있는 것으로 평가된 볼리비아와 브루기나파소를 차기 신탁기금 지원대상국으로 검토하고 있다. 중채무빈국 신탁기금은 주요 채권자인 아프리카개발은행과 미주개발은행, 선진국 정부 등이 동의하면, 조성 총액이 55억∼85억 달러에 달할 것으로 예상된다. 이 범위 내에서 세계은행이나 IMF는 구조개혁에 적극적인 국가를 추출, 분석, 평가하여, 신속하게 채무의 말소 등을 지원하게 된다. 지금까지 채무말소나 구조개혁 지원융자를 결정하는 데에는 3년 정도가 걸렸으나, 향후에는 1년 정도로 단축될 것으로 예상된다."
102,,Grant Element : G.E. ,증여율,"""원조조건의 유연성을 표시하기 위한 지표로서 OECD의 개발원조위원회(DAC)가 채택한 것으로 하나의 원조가 상업베이스의 융자에 비하여 개도국에 어느 정도 유리하게 되어 있는가를 나타낸다. 개도국에 대한 원조에는 자금 등을 증여하는 경우와 후에 상환 받는 경우가 있다. 개도국측에서는 전자, 즉 증여쪽을 선호한다. 증여율은 원조의 질을 나타내는 지표로 대부의 이율, 상환기간, 거치기간 등의 함수로 표시되며, 증여의 경우 100%이다. 수치가 높을수록 질이 우수한 원조라고 말할 수 있다. 개도국에 대한 정부자금의 흐름중 증여율이 25% 이상인 것이 ODA로 간주된다. 예를 들어 금리 4.75%, 상환기간 10년, 거치기간 4년 대부의 경우 증여율이 약 25%가 되며, 따라서 ODA라 할 수 있다. 그랜트 엘리먼트, 증여상당분, 컨세셔널 엘리먼트 등으로 불리기도 한다. ※ Grant Element(G.E.) 및 양허성수준(C.L.)을 비교·설명하면 G.E.와 C.L.은 모두 공여자금속에 포함되어 있는 증여 성격의 자금크기를 나타내는 것으로서 그 산식은 다음과 같다. G.E 또는 C.L. = 차관액면가액 - 원리금상환액의 현가 × 100(%) 차관액면가액 다만, G.E.와 C.L.의 차이점은 원리금상환액의 현가 계산시 G.E.는 그 할인율이 """"연 10%""""로 고정되어 있는 반면, C.L.은 각국의 평균상업참고금리(CIRR)를 반영한 할인율을 적용한다는 점이다. """
103,,Loan ,차관,"국제간에 이루어지는 신용공여 및 자금조달행위. 경제성장이나 자본축적에 필요한 국내저축량이 부족한 개도국이 국제기구·국제금융기관이나 외국의 민간기업·민간금융기관, 그리고 외국정부로부터 자금이나 물자를 차용하는 외자도입의 한 형태이다. 따라서 차관은 그 본질상 외국자본의 성격을 띠고 있으면서도 저개발국 내의 국제수지표 상으로는 해외저축의 한 항목으로 나타나게 된다. 차관은 그 제공이 공공 차원에서 이루어지는가, 민간 차원에서 이루어지는가에 따라 공공차관과 상업차관으로 나누어진다. 공공차관은 대부분 사회간접자본의 조성과 같은 공공의 목적을 위해 도입되므로 상업차관에 비해 그 상환기간이 길고 이자율도 낮다. 따라서 공공차관은 상업차관보다 차입자측에 유리한 연성차관이라고 할 수 있으며, 또한 양허적 성격을 띠고 있기 때문에 경제협력이라고도 한다. 만일 국가간 직접협상에 의해 즉 차관공여국과 차입국 간의 양자간 협상에 의해 공공차관이 이루어지면 그것은 양자간 또는 쌍무적 경제협력이라고 하며, 유엔(UN) 및 UN 산하 라틴아메리카카리브경제위원회(ECLA)와 같은 국제기구나 세계은행(IBRD), 아시아개발은행(ADB) 등과 같은 국제금융기구를 통해 간접적으로 이루어지면 그것은 다자간 경제협력이라고 한다. 양자간 경제협력 형태의 공공차관은 공여국과 수원국간의 이해관계의 일치에 의해 이루어지나 공여국의 직접적인 영향력에 좌우되는 면이 많아 다자간 경제협력 형태의 공공차관보다 바람직하지 못하다. 상업차관은 차관공업국의 민간기업이나 금융기관이 도입국의 정부 및 금융기관의 지불보증 하에 도입국의 민간기업에 제공하는 차관이다. 이것은 보통 급속한 경제발전에 따른 민간기업의 투자확대 요구로 인해 이루어지는 것이기 때문에 현금차관보다는 투자에 필요한 원자재나 자본재 형태로 수행되며 그 수입대금을 분할 상환하는 형태로 이루어진다. 또한 차관은 그 사용 용도에 따라 프로젝트 차관(project loans), 프로그램 차관(program loans)으로 나누어진다. 프로젝트 차관이란 고속전철사업·원자력발전소건설 등과 같이 차관을 사용하는 도입국에서의 특정한 사업내용이 정해져 있는 차관이며, 프로그램 차관은 이러한 특정 사업내용이 정해져 있지 않고 도입국에서 그 사용 용도를 정하는 차관이다. 프로젝트 차관의 경우 차관이 도입될 때 그 특정사업에 필요한 제반 설계·기술·자재 등이 공여국의 요구에 따라 수반되는 것이 보통이므로 그 부문의 차관공여국에 대한 의존도를 높일 위험성이 있다. "
104,,Debt Swap ,채무스와프,"개도국의 채무부담을 경감하기 위하여 외국민간은행이 개도국의 채권을 할인하여 개도국측이 발행한 다른 채무와 맞교환(스와프)하는 것을 말한다. 채권 내용을 건전화하기 위하여 1980년대 후반에 고안하였다. 채무를 다른 채무로 교환하는 것을 채무전환(debt con- version)이라고도 한다. 차입채무를 채권과 교환하는 경우 Debt Fund Swap라고 하고, 차입채무를 주식으로 교환하는 경우는 Debt Equity Swap라 한다. 또한 자연보호를 위하여 채무를 교환하는 것을 환경 스와프라고 부른다. "
105,,Program Loan ,프로그램 융자,"특정사업을 대상으로 하는 것이 아니고 재해복구, 기존 생산시설의 완전가동, 수출급감 등으로 악화된 국제수지의 개선 등 특수목적을 달성하기 위해 필요한 자금을 지원하는 것이다. "
106,,Project Loan ,프로젝트 융자,"특정 프로젝트의 수행에 필요한 융자로서 예를 들면 도로의 건설이나 발전소 건설 등에 대한 소요자금의 융자가 이에 해당된다. 이는 세계은행(IBRD)의 전형적인 융자로서 세계은행이 대상프로젝트의 선정과 평가 및 집행은 물론 융자금의 사용에 대해 직접 관여하고 있다. 프로젝트융자와 프로그램융자의 차이는 다음과 같다. 프로젝트융자는 고정자산투자와 신규생산시설 건설등의 자본적 지출(capital ex- penditure)에 대하여 융자하는 반면, 프로그램융자는 원료와 상품의 수입 및 기존 생산시설의 가동과 생산활동 등에 소요되는 경상적 비용을 지원한다. 프로젝트 융자에 있어서는 융자승인 시점에서 구매물품목록(procure- ment list)이 확정되는데 비해 프로그램융자는 수혜국의 상품재고 및 생산현황 등에 따라 구매물품이 정하여지기 때문에 물자조달품목결정에 수혜국의 재량이 작용할 여지가 많다. 프로젝트융자의 경우 사업완성에 장기간이 소요되고 사업의 진척정도에 따라 융자금이 단계적으로 지급되는 것이 일반적이어서 융자금 지급에 보통 3∼5년의 장기간이 소요되는 반면, 프로그램융자의 경우에는 일정한 자본설비가 이미 갖추어져 있는 것을 전제로 융자가 이루어지기 때문에 융자금 지급이 비교적 단기간 내에 이루어질 수 있다. "
107,,Co-financing ,협조융자,"협조융자는 동일 융자대상사업에 대해 둘 이상의 융자기관이 자금을 분담하여 융자하는 방식이다. 단일 금융기관만으로는 자금부담이 너무 클 경우 또는 동일 융자대상사업에 수개국 내지 여러 금융기관이 융자할 때 이용된다. 이와 같은 융자방식은 융자기관의 입장에서 볼 때 자금부담 경감, 위험분산 등의 이점이 있고 차입자의 입장에서는 필요자금을 보다 원활히 공급받을 수 있는 장점이 있다. 협조융자는 1970년대 초반 세계은행 등 국제금융기구가 개도국의 개발프로젝트에 민간상업은행을 참여시키기 위해 도입한 것이다. 현재 국제금융시장에서 신용도가 낮은 개도국에 대한 금융 리스크 완화 수단으로 널리 활용되고 있다. 우리나라의 경우에도 한국수출입은행과 일반 외국환은행이 동 방식을 활용, 연불수출자금을 지원하고 있다. 협조융자에는 일반적으로 2개 이상의 은행이 특정사업, 또는 기업에 대해 동일 목적에 따라 자금을 대출하는 일을 말하며, 여기에는 병행융자(parallel financing)와 공동융자(joint financing)의 두 가지 형태가 있다. 병행융자는 각 금융기관이 특정사업에 대하여 부문별(지역별)로 융자대상을 분담하여 지원하는 것을 말하며, 공동융자는 특정사업에 대하여 각 금융기관이 융자비율을 분담하여 지원하는 것을 말한다. 보통 대규모 사업자금 융자에 있어서 1개 은행으로는 그 공급에 어려움을 느끼는 경우, 특정 은행이 2개 이상의 은행과 협의하여 융자조건을 정하고 대출하게 된다. 협조융자에는 융자의 집중화 외에 대출경쟁의 회피, 위험분산 등의 목적이 있다. "
108,,Mixed Credit ,혼합차관,"수출입은행 등 정부계 금융기관이 해외융자를 할 때 금리가 싼 정부 원조자금을 일부 포함시킴으로써 전체 자금에 대한 융자조건을 보다 완화시키는 것이다. 경제협력개발기구(OECD) 가입국의 정부계 금융기관이 수출 금융을 제공할 때는 OECD 금리협정의 제약을 받기 때문에 금리와 상환기관 등 융자조건을 일정 수준 이하로 완화시킬 수 없다. 이러한 OECD 금리협정의 제약을 빠져나가기 위해 프랑스가 제일 먼저 혼합차관을 도입했으며 뒤이어 캐나다, 미국, 일본 등이 이를 적극 활용하고 있다. "
109,,AID Loan ,AID 차관,"미국의 국제개발청(Agency for International De- velopment: AID)가 제공하는 차관으로 미국물자의 도입을 조건으로 하는 tied loan이며, 개발차관이라고도 한다. AID차관자금에는 AID/SA(Supporting Assistance)와 AID P/L(Program Lo- an)이 있다. 전자는 개도국에 제공되는 무상원조이며, AID P/L은 1961년 미국의 대외원조법에 의하여 경제개발을 촉진하고 산업을 현대화하는 데 필요한 물자 중 특히 기계류와 그 부속품 및 부대용역을 지원하기 위하여 대여된다. "
110,,Matching Fund ,매칭 펀드,"경영학에서는 공동자금 출자라는 의미로 쓰인다. 흔히 컨소시엄 형태로 자금을 여러 기업이 공동출자 할 때 매칭펀드라고 부른다. 금융에서는 ""혼합 기금""이라는 뜻으로 쓰인다. 투신사의 경우 국내와 국외에서 수탁받은 자금을 국내와 국외를 가리지 않고 투자하는 펀드를 가리킨다. 재정에서는 중앙정부가 지방자치단체나 민간에 예산을 지원할 때 자구노력에 연계해서 배정하는 방식을 말한다. 우리나라 정부는 1993년도에 지방 중소기업 지원사업에 매칭펀드를 처음으로 도입하였다. 지방이 무조건 중앙정부에 예산을 달라고 요구할 것이 아니라 먼저 자체적으로 노력을 하면 그에 상응한 지원을 하겠다는 취지였다. 이런 매칭펀드를 도입하면 지방자치단체의 징세 노력을 독려할 수 있고 재원 배분의 효율성을 높일 수 있는 장점이 있어 예산제도에 광범위하게 도입되고 있다. "
111,,Matching Grant ,매칭 그랜트,"어떤 프로젝트를 대상으로 무상자금협력을 실시할 때에 사업비의 일정비율을 원조하는 방식으로 서구의 원조기구에서 사용하고 있다. 또한, 일본에서는 프로젝트 대상의 무상자금협력에 이 방식을 사용하지 않고, 기자재공여, 시설건설, 토목공사, 컨설턴트비용에 있는 항목을 원조대상이라고 한다. 다만, NGO사업보조금제도는 개도국에 소규모사업을 실시하는 일본의 NGO에 대한 사업비의 50%까지의 경비를 보조하는 것으로, 예외적으로 match- ing grant와 비슷한 무상원조도 있다. "
112,,Microcredit ,소규모자본대부제도,"방글라데시 그라민(Grameen) 은행이 빈곤대책으로서 활용하여 세계적인 주목을 모은 소규모 자본대부 제도로 그라민 은행의 성공으로 이와 같은 소규모 은행이 개도국뿐만 아니라 라틴 아메리카에서도 빈민지원 대책으로 활용되고 있다. 무자본의 빈민 대상자가 수십달러에서 수백달러 규모의 융자를 은행에서 무담보로 받아, 이를 가지고 자영업 등을 하거나 규모를 확대하여 수입을 증대시키고 자활이 가능토록 돕는 제도이다. 최근 세계은행도 이런 소규모 금융의 중요성을 인식, 소규모 금융지원활동을 하고 있는 NGO에 자금을 융자하는 등 적극적으로 지원을 시작하고 있다. 1997년에는 워싱턴 D.C.에서 소규모금융 관계자회의가 개최되었으며 여기서 그라민 은행의 창설자인 경제학자 유네스는 소규모 금융은 기본적 인권의 하나라고 주장하였다. 그러나, 자유경쟁 시장에서 경쟁력이 없는 소자본 빈민들이 뒤쳐질 가능성도 있고, 소규모 금융을 빈곤대책의 만병통치약으로 보는데 대한 비판도 일고 있다. "
113,,Soft Loan ,연성차관,차관 가운데 상환기간이 길거나 금리가 낮아 차주에게 비교적 원리금 상환부담을 적게 하는 차관으로 대개 상환기간이 1년 이상 금리가 연 4%이하인 것을 소프트론의 범위에 넣고 있다. 예로 우리나라가 개도국에 지원해주는 대외경제협력기금(EDCF)이 이에 해당된다. 
114,,Heavily Indebted Poor Countries: HIPC ,고채무빈곤국,"1996년 IMF 및 세계은행이 인정한 1인당 GNP가 659달러 이하(1993년 시점), 부채 총액이 연간수출액의 2.2배 이상 혹은 GNP의 80% 이상(1993년 시점)에 해당하는 41개국을 말한다. "
115,,Multilateral Debt Relief Initiative : MDRI ,다자간 부채탕감 이니셔티브,"고채무빈곤국 절차를 완성하는 국가에 대해 IMF, 세계은행의 IDA 그리고 AfDF 부채의 완전한 탕감을 허용한다. "
116,,Monterey Consensus ,몬테레이 합의,"2002년 멕시코 몬테레이에서 개최된 ‘개발재원국제회의’에서 이루어진 합의로, 공여국은 2015년까지 원조규모를 GNI의 0.7%까지 확대하고 수원국은 효과적인 개발재원활용을 위한 여러 가지 내부 조치를 취할 것을 담고 있다. 수원국은 선정(good governance) 확보와 개발 관련 정책우선사항 책정이 가장 중요한 주인의식이라는 것을 인정했고, 공여국은 원조금액과 품질을 높이고, 파트너 국가의 정책과 제도에 입각한 원조를 제공하며, 특히 무역개방을 통해 개발도상국이 부를 창출할 수 있는 기회를 크게 넓혀주어야 한다는 것에 동의했다. "
117,,Concessional Loan ,유상원조,개도국에 상환의무를 부과하는 융자(차관)를 말한다. 공적개발원조로 인정되려면 본질적으로 양허적(concessional)인 재원이어야 하며 증여율이 25% 이상이어야 한다. 
118,,Jubilee 2000,주빌레 2000,"주빌레 2000 캠페인은 2000년 영국, 세계에서 가장 가난한 국가들이 가장 부자 국가들에게 매일 1억 달러의 부채를 상환해야 하는 현실에 경악한 세계시민들의 움직임으로부터 유래되었다. 현재는 주빌레 부채 캠페인(Jubilee Debt Campaign)이 주빌레 2000 캠페인을 계승해오고 있다. "
119,,Paris Club,파리클럽,"세계에서 가장 부유한 19개 국가의 재정 관료들의 비공식적인 모임으로, 1956년 아르헨티나의 부채위기를 해결하기 위해 처음 결성된 집단이다. 이 집단은 부채구조조정, 부채경감 그리고 부채탕감을 채무국에 제공하며 대부분의 대상 채권국은 모두 채무조정 조치들이 실패할 경우 IMF에 의해 권유된다. "
120,,Air Ticket Solidarity Levies,항공권연대기금,"빈곤퇴치를 위한 부족한 재원을 조달하기 위해 국제사회는 기존의 개발원조와 차별화되는 혁신적 개발재원 조달방안을 강구해 왔으며, 그 결실로 프랑스·브라질의 주도로 항공권 연대기금이 결정되었다. 우리나라는 2007년 9월 국제빈곤퇴치기금(우리나라 항공권 연대기금의 명칭)의 도입으로 아시아에서는 처음으로 이러한 노력에 합류하게 되었다. "
121,,Leading Group on Solidarity Levies to Fund Development ,혁신적 개발재원 리딩그룹,"혁신적 개발재원(Innovative Financing for Development)'은 개도국의 경제사회개발과 빈곤퇴치를 지원하기 위해, 기존의 개발재원에 추가적이며 더욱 예측 가능하고 안정적인 새로운 재원을 말한다. 혁신적 개발재원 리딩그룹은 이러한 혁신적 개발재원 관련 논의를 주도하고 있는 리딩그룹으로 2006년 3월 40여 개국의 참여로 출범하여 현재 총 53개국이 회원국으로 활동 중이다. 우리나라는 출범회의 이래 계속 이 그룹에 참여해오고 있으며, 2007년 제 3대 의장국으로서 제 3차 총회를 개최했다. "
122,PDGG,Participatory Development and Good Governance,참여적 개발과 올바른 통치,"PDGG의 개념은 개발협력에 있어서 종전의 생산중심적 접근(production-centered approach)에서 주민중심적 접근(people-centered app- roach)으로의 개발 패러다임의 전환을 의미한다. 1970년대의 인간의 기본수요 충족정책은 정부주도에 의한 최저생활 보장전략인데 비해 PDGG는 개도국 현지주민의 참여와 정치적, 법적인 제도의 틀을 통한 공평한 개발을 최종목표로 둔 민간주도의 개발전략으로서 한차원 높은 사회 후생정책에 기초하고 있다. 또한 1980년대의 개발전략이 국제수지 적자축소, 경제효율성 제고 등에 목표를 둔 정부차원의 거시적 개발전략인데 반하여 동 개념은 개발프로젝트 이익의 공평한 분배에 목표를 둔 미시적 개발전략이라 할 수 있다.   "
123,,Paris Club,파리클럽,"개도국의 공적채무구제를 위하여 OECD회원국을 중심으로 결성된 채권자 클럽(Credit Club)이다. 최초의 외채조정작업은 1956년 파리에서 아르헨티나의 정부보증 외채의 상환기간을 재조정한 것이다. 그 후 파리클럽은 2천억 불에 달하는 금액에 대하여 200여건이상의 채무조정 작업을 수행하였다. 파리클럽의 회의진행순서는 ①채무국대표의 채무구제요청배경, 경제상황 및 경제조정정책 요지보고, ②IMF, 세계은행 등 국제금융기구 대표의 경제현황보고, ③채권국이 별도 모임을 가진 후 공동의 방침결정, ④합의의사록 작성, ⑤합의사항에 대하여 각 채권국 대표단은 자국정부에 보고 후, 일정 기간내 채무국과 양자간 협정체결 이다.   "
124,,Ownership and Partnership,주인의식과 파트너쉽,"개발원조활동에서 주인의식이란 개발의 주체는 개도국이며, 일차적으로 개발의 책임은 개도국이 가져야 한다는 개념이다. 개발주체성, 혹은 주인의식이라고도 번역되어 사용되고 있는 이 개념은 1996년도 OECD의 개발원조위원회(DAC)에서 채택된 21세기 전략의 키워드인 파트너쉽과 상호 보완적인 개념이다. 파트너쉽은 개발원조시 수원국을 일방적 원조대상이 아닌 동반자로 인식하고, 수원국의 능력배양(capacity building)에 주력하자는 원조정책의 기본 방향과 철학을 제시한 것이다.   "
125,NAFTA,North American Free Trade Agreement,북미자유무역협정,"미국, 캐나다, 멕시코 등 북미3개국이 자유무역지대의 창설을 위해 추진해 온 협정이다. 1990년3월 멕시코의 살리나스 대통령이 제의해 1992년 8월 협정체결에 합의했으며, 해당국 의회의 인준을 거쳐 1994년1월 정식 발효시키는 것을 목표로 하고 있다. NAFTA의 주요내용은 미국, 캐나다, 멕시코 등 3국간에 재화와 서비스의 이동에 대한 각종 관세 및 비관세장벽을 향후 15년간 단계적으로 철폐한다는 것이다. NAFTA가 성사되면 인구 3억6,000만명, 국내총생산 6조 4,000억달러에 이르는 북미3국은 유럽경제지역(EEA)을 능가하는 거대한 단일통합시장을 구축하게 된다. 이는 그러나 2차 세계대전 이후 관세 및 무역에 관한 일반협정(GATT)체제를 주도해온 미국이 신지역주의를 촉진, 세계경제의 블록화를 가속시킴으로써 우루과이라운드(UR)협상 등 국제무역질서에 적지 않은 영향을 미칠 전망이다.   "
126,,Montreal Protocol,몬트리올 의정서,"의정서의 공식명칭은 ""오존층 파괴물질에 관한 몬트리올 의정서(Mont- real Protocol on Substances that Delete the Ozone Layer)""이다. 몬트리올 의정서는 프레온가스(CFCs)나 할론 등 지구대기권 오존층을 파괴하는 물질에 대한 사용금지 및 규제를 통해 오존층파괴로부터 초래되는 인체 및 동식물에 대한 피해를 최소화하기 위한 목적으로 1987년 9월 채택되어 1989년 1월 발효되었다. 오존층 파괴문제는 1970년 독일 과학자 Crutzen이 질소 산화물에 의한 성층권 오존의 연쇄적 파괴에 관한 논문을 발표하고, 미국 캘리포니아 대학에서 오존층 파괴 메카니즘에 대한 논문이 연속적으로 발표됨에 따라, 국제적 관심을 모으기 시작했다. 특히 미국 과학 아카데미가 자체조사를 진행, 1976년 9월 21세기말까지 오존층 감소가 7%에 달할 우려가 있다는 조사결과를 발표함에 따라 전 세계적인 오존층 파괴물질 금지 및 감축노력이 개시되었다. 1976년 10월 미 의회는 프레온가스의 에오졸 분사용 사용금지를 가결하였고 1977년 3월 유엔환경계획(UNEP)은 오존층 조정위원회를 설치하였으며 1980년 3월 EC 환경각료회의는 프레온가스의 생산력 동결, 사용량 감축을 결의하였다. 그러나 남극 오존층 파괴는 계속되어 1984년에는 1950년대 후반의 60% 수준에 불과한 것이 발견되었으며 1987년에는 10-15km 고도에서 약 95%가 상실되었다. 통계상 오존농도 1% 감소시 유해자외선(UV-B)의 양은 2% 증가하며 이에 따라 피부암 3-4%, 백내장 0.6% 증가를 유발하게 된다. 몬트리올 의정서에 따르면 CFC의 경우 선진국에서는 필수적 용도를 제외하고 1996년부터 사용이 금지되며 개도국은 2010년까지 사용을 전폐하여야 한다. 할론은 선진국은 1994년부터, 선진국은 2010년부터 전폐하여야 한다. 우리나라는 1992년 2월 동 의정서에 가입(1992년 5월 발효)하였으며, 1994년 10월 제6차 당사국 총회시 개도국의 지위를 확보하여 규제물질 감축 일정상 수혜 개도국으로서 10년간의 유예기간을 인정받고 다자기금의 납부의무도 면제받게 되었다. 최근 의정서 당사국회의에서는 주로 개도국 농업분야에서 필수 불가결하게 사용되고 있는 물질로서 선진국에서는 2010년을 전폐일정으로 잡고 있으나 개도국에 대해서는 전폐일정이 확정되지 않은 Methyl Bromide에 대한 규제일정 강화 및 개도국에 대한 기술이전 촉진문제가 주요 이슈로 다루어지고 있다. 선진국들은 오존층 파괴물질에 대한 개도국의 조기전폐를 촉구하고 이를 추가적인 재정지원과 연계시키겠다는 입장이며 개도국들은 조기전폐조치에 필요한 충분한 재정지원 및 기술이전을 요구하고 있다. 몬트리올 의정서는 그동안 두차례 주요 개정이 있었는바, 1990년 6월 런던 개정시에는 개도국의 오존층 파괴물질 조기전폐 유도를 위한 다자기금을 설치하였으며, 1992년 11월 코펜하겐 개정시에는 CFC의 대체물질로 사용되는 HCFC, HBFC 및 메틸브로마이드를 규제물질로 추가하였다. 우리나라는 1996년 10월 OECD 가입을 계기로 의정서상의 개도국(5조국)에서 선진국(2조국)으로의 지위변경 및 규제물질 감축일정 강화 등 압력을 받을 것으로 예상되는 바, 우리 산업에 미칠 영향을 최소화하는 방향에서 적극 대응해 나가야 할 것이다.   "
127,,Microcredit,소규모자본대부제도,"방글라데시 그라민(Grameen) 은행이 빈곤대책으로서 활용하여 세계적인 주목을 모은 소규모 자본대부 제도로 그라민 은행의 성공으로 이와 같은 소규모 은행이 개도국뿐만 아니라 라틴 아메리카에서도 빈민지원 대책으로 활용되고 있다. 무자본의 빈민 대상자가 수십달러에서 수백달러 규모의 융자를 은행에서 무담보로 받아, 이를 가지고 자영업 등을 하거나 규모를 확대하여 수입을 증대시키고 자활이 가능토록 돕는 제도이다. 최근 세계은행도 이런 소규모 금융의 중요성을 인식, 소규모 금융지원활동을 하고 있는 NGO에 자금을 융자하는 등 적극적으로 지원을 시작하고 있다. 1997년에는 워싱턴 D.C.에서 소규모금융 관계자회의가 개최되었으며 여기서 그라민 은행의 창설자인 경제학자 유네스는 소규모 금융은 기본적 인권의 하나라고 주장하였다. 그러나, 자유경쟁 시장에서 경쟁력이 없는 소자본 빈민들이 뒤쳐질 가능성도 있고, 소규모 금융을 빈곤대책의 만병통치약으로 보는데 대한 비판도 일고 있다.   "
128,,MERCOSUR,"메르코수르, 남미공동시장","Southern Common Market의 스페인어 약어이다. 남미지역에서의 자유무역과 관세동맹을 목표로 결성된 경제블록이다. 1980년대 브라질과 아르헨티나의 양국경제협력 프로그램을 시초로 하여 1991년 11월 29일에 인접국인 우루과이와 파라과이를 포함한 아순시온협약이 체결됨으로서 제도적 골격을 마련한 남미공동시장은 4년 동안의 준비기간을 거쳐 1995년 1월 1일부로 정식 발효되었다. 남미공동시장은 비회원국들에 대한 대외공동관세(TEC)제도를 채택함으로서 경제통합의 단계가운데 관세동맹의 형태를 취하고 있다. 대외공동관세는 최고 20%까지 11단계로 나누어 적용되며 회원국의 경제사정에 따라 일부 예외품목 규정을 두고 있다. 이들 예외품목은 2001년까지 동일한 대외공동관세를 목표로 하고 있다. 역내국가들간의 교역에서는 회원국 총 생산품의 약 90%는 경제블록 내에서 무관세로 거래되며 각 회원국의 경제적 특수성을 고려, 일부 품목에 대해서는 차별된 관세부과를 허용하였다. 이들 예외품목에 대한 차별관세는 협상일정에 따라 점진적으로 인하하여 2000년까지 모든 생산품 등의 역내 무관세 거래를 목표(메르코수르 2000)로 하고 있다. 남미공동시장의 최초회원국은 아르헨티나, 브라질, 파라과이, 우루과이 4개국이었으며, 칠레는 1996년 10월 1일에, 볼리비아는 1997년 3월 1일에 가입하여 회원국은 총 6개국이다. 페루, 에콰도르, 콜롬비아, 베네수엘라와 남미자유무역지대 결성을 위한 협상이 진행되고 있다. 역외적으로는 1995년 유럽연합(EU)과 경제블록간의 협력 합의가 서명되었다. 남미공동시장의 총인구는 2억 7백만명이며, 역내 GDP총액은 8,598억불, 회원국 일인당 평균국민소득은 4,139불이다. 아순시온협약 이후 지속적인 역내관세의 인하와 회원국들의 성공적인 인플레 안정으로 역내 교역량은 1990년 약 40억불 수준에서 1995년 145억불로 3배 이상 증가하였다.   "
129,,Matching Grant,매칭 그랜트,"어떤 프로젝트를 대상으로 무상자금협력을 실시할 때에 사업비의 일정비율을 원조하는 방식으로 서구의 원조기구에서 사용하고 있다. 또한, 일본에서는 프로젝트 대상의 무상자금협력에 이 방식을 사용하지 않고, 기자재공여, 시설건설, 토목공사, 컨설턴트비용에 있는 항목을 원조대상이라고 한다. 다만, NGO사업보조금제도는 개도국에 소규모사업을 실시하는 일본의 NGO에 대한 사업비의 50%까지의 경비를 보조하는 것으로, 예외적으로 match- ing grant와 비슷한 무상원조도 있다.   "
130,,Matching Fund,매칭 펀드,"경영학에서는 공동자금 출자라는 의미로 쓰인다. 흔히 컨소시엄 형태로 자금을 여러 기업이 공동출자 할 때 매칭펀드라고 부른다. 금융에서는 ""혼합 기금""이라는 뜻으로 쓰인다. 투신사의 경우 국내와 국외에서 수탁받은 자금을 국내와 국외를 가리지 않고 투자하는 펀드를 가리킨다. 재정에서는 중앙정부가 지방자치단체나 민간에 예산을 지원할 때 자구노력에 연계해서 배정하는 방식을 말한다. 우리나라 정부는 1993년도에 지방 중소기업 지원사업에 매칭펀드를 처음으로 도입하였다. 지방이 무조건 중앙정부에 예산을 달라고 요구할 것이 아니라 먼저 자체적으로 노력을 하면 그에 상응한 지원을 하겠다는 취지였다. 이런 매칭펀드를 도입하면 지방자치단체의 징세 노력을 독려할 수 있고 재원 배분의 효율성을 높일 수 있는 장점이 있어 예산제도에 광범위하게 도입되고 있다.   "
131,JBIC,Japan Bank of International Cooperation,일본국제협력은행,"일본 수출입은행(JEXIM)과 해외경제협력기금(OECF)의 통합방침으로 1999년 4월 23일 국제협력은행법을 공포·시행함에 따라 1999년 10월 1일 정식 설립되었다. 국제협력은행(JBIC)은 JEXIM이 담당해온 국제금융관련업무와 OECF가 담당해온 해외경제협력업무를 일원적으로 담당하게 되었다. 동 기관의 업무는 ODA관련업무(엔차관, 해외투융자, 관련조사 등), 국제금융업무(수출입금융, 투자금융, untied-loan, bridge-loan, refi- nance 및 관련조사 등)이며, 조직은 2실(감사실, 환경사회개발실), 21부(인사부, 총무부, 재무부, 관리부, 개발사업부, 개발제1-4부, 금융업무부, 국제금융1-3부, 자원금융부, 기업금융부, 채권관리 시스템부, 프로젝트개발부, 프로젝트 파이난스부, 개발심사부, 기업심사부, 국제심사부), 1연구소(개발금융연구소 - OECF의 개발원조연구소와 JEXIM의 해외투자연구소 통합), 1지점(오사카지점), 28해외사무소(설립 현재 양 기관 합계 35개 해외사무소를 감축)이다. 임원은 12명이며, 감독은 대장대신이 국제금융관련업무를, 경제기획청장관이 해외경제협력업무를 감독한다.   "
132,JPO,Junior Professional Officer,국제기구 초급전문가,"장래 정규 국제공무원을 희망하는 젊은 층을 위하여 일정기간 유엔개발계획(UNDP), 유엔공업개발기구(UNIDO), 유엔 교육·과학·문화기구(UNESCO), 세계보건기구(WHO) 등의 국제기구에서 직원으로 근무케 함으로써 전문지식과 국제적 업무의 체험을 축적하는 실무연수의 기회를 제공하고자 하는 제도에 근거하여 채용되는 자를 말한다.   "
133,IDB,Inter-American Development Bank,미주개발은행,"미주지역 개도국의 경제발전과 사회개발추진 및 미주지역 경제통합을 위해 미국 워싱턴에 본부를 두고 1959년 12월 설립되었다. IDB는 개발목적을 위한 공공 및 민간자본의 투자촉진, 융자 및 지급보증을 통한 가용재원의 운용, 재원조달이 어려운 민간부문의 투자활동 보완, 가맹국간 무역확대와 개발정책조화를 위한 협력강화, 개발 및 사업계획의 수립·집행을 위한 기술지원 등을 주요기능으로 한다. 1993년 1월 중남미 국가의 민간투자확대를 지원하는 다자간투자기금(MIF)협정을 발효. 1995년 2월 멕시코의 금융위기를 해소하기 위해 5억불을 긴급 지원키로 발표하였다. 1997년 1월 멕시코 정부와 915백만불의 차관제공에 관한 협정을 체결하였다. 우리나라는 아직 가입하지 못한 상태이나 1980년부터 옵저버 자격으로 매년 연차총회에 참석하는 등 가입을 추진 중에 있다.   "
134,,Good Governance,올바른 통치,"1990년대초 냉전이후, 공여국들은 개도국의 개발을 효과적으로 지속하기 위해서는 국민의 정치, 사회, 경제 등 각 분야에의 참여와 이를 보장하는 각종 제도정비가 전제되어야 함을 공통으로 인식하였다. 이렇게 개도국 국민의 개발에의 참여를 확보하는 제도, 체제를 총괄하여""Good Governance""라 부르며 구체적으로는 민주주의, 법의 지배, 투명한 회계제도와 공무원제도 등 행정부문의 효율화, 부패방지, 과다한 군비지출의 억제, 인권보호 등이 좋은 통치의 주요항목으로 되어있다. 올바른 통치의 개념은 개도국의 능력있고 효과적인 공공정책 및 서비스의 제공과 민주적이고 개방된 다원적 사회를 확립하기 위한 노력의 일환으로 투명하고 책임있는 중앙 및 지방정부의 수립, 인권존중 및 언론의 자유, 공평하고 접근하기 쉬운 사법제도를 포함한 법치주의의 확립, 부패방지, 그리고 심지어 과도한 군비지출 억제 등을 포괄한다 할 것이다. 유엔개발계획(UNDP)은 지속가능한 인간개발의 네 가지 주요 요소로서 빈곤퇴치, 고용창출과 생계유지, 환경보호, 여성개발에 중점을 두고 있는 바, 올바른 통치에 대한 능력개발이 이 모든 목표의 기초가 된다고 보고 있다. 즉, 올바른 통치개념은 정치·경제·사회적 관계를 주도해 나가는 일련의 과정 및 구조를 의미하며, 통치(go- vernance)란 정부, 민간기업 부문, 시민사회(civil society) 등의 역할을 포함하는 광의의 개념이라 할 수 있다. 정부는 인간개발에 도움이 되는 정치적, 법적 환경을 조성하고 민간기업 부문은 직업과 소득을 창출하며, 시민사회는 여러 사회집단들이 정치·경제·사회적 활동에 참여토록 함으로써 세 부문간 상호작용을 촉진하는 역할을 하는 것이다.   "
135,G-77,Group of 77,77그룹,"1964년 개최된 제1회 유엔무역개발회의(UNCTAD)에서 77개 개도국이 그룹이 되어 공동선언을 채택함으로써 출범하게 되었다. 특정한 기구는 없으며 UNCTAD총회 등 국제회의에 대비하여 각료회의를 열고 개도국의 의견조정 및 선진국에 대한 종합적인 요구 등을 통해서 개도국의 경제, 사회발전을 지향하고 있다. 77그룹은 UNCTAD 작업 프로그램을 위한 의제를 설정하는데 있어 강력한 영향력을 발휘하고 있다. 77의장은 아프리카, 라틴아메리카, 아시아 국가를 대표하는 그룹들간에 윤번제로 맡는다. 77그룹은 유엔내 다른 조직에서도 일정한 역할을 수행하고 있다. 한국은 1996년 OECD가입에 따라 동 그룹을 탈퇴하였다.   "
136,FTA,Free Trade Agreement,자유무역협정,"둘 이상의 국가가 상호무역증진을 목적으로 관세 및 비관세장벽의 철폐를 위한 무역자유화 협정으로 협정국 사이에만 자유무역이 인정되고 역외교역에 대해서는 협정국이 독자적으로 무역정책을 실시하는 차별적 특혜무역협정이다. 협정의 형태로는 포괄적 협정, 부문별 협정, 기능적 협정 등이 있다. FTA 체결의 경제적 효과는 긍정적 측면과 부정적 측면이 있으며 긍정적인 측면으로는 ①무역효과: 역내관세의 철폐로 회원국들의 비교우위에 따른 상품경쟁력이 강화됨에 따라 교역이 증대되고, 중장기적으로 규모의 경제가 작용할 시장의 범위가 확대되어 역내 자원의 효율성을 증대시키며 비교우위상품의 수출을 증대시킨다는 점과 ②투자효과: 자유무역지대 하에서 역내에서 생산된 상품들의 관세특혜로 인한 역내지역에 대한 투자유인이 증대하고, 역외국가들도 참여하지 않으면서 역내에 생산거점을 확보할 경우 실질적인 역내 무관세혜택이 가능하므로 역외국으로부터 투자를 유인하는 효과가 있다. ③그밖에 경제협력의 활성화로 상호간 무역마찰이 감소하고, 세계경제질서 및 환경변화에 대한 공동대응이 가능하다. 부정적인 측면을 살펴보면 실질적으로 역외상품에 대해 경쟁력이 없으나 역내 관세철폐로 인하여 역외상품의 경쟁력상실을 초래할 경우 자원배분이 왜곡되는 무역전환효과를 가져올 수 있다.   "
137,,Empowerment,권한강화,"일반적으로 ""힘을 부여하는 것""을 의미하는데, 특히 여성운동과 여성학에서는 여성의 사회적, 경제적, 정치적인 지위향상을 위한 전략적 개념으로서 1980년대부터 사용되었다. 여기에는 여성의 사회적 지위를 향상시키고, 스스로의 힘으로 경제활동 및 사회참여에 필요한 지식과 능력을 개발하며, 더 나아가 양성된 여성인력이 사회의 다양한 의사결정과정에 참여, 영향력을 행사하는 과정을 뜻한다.   "
138,WTO,World Trade Organization,세계무역기구,"관세 및 무역에 관한 일반협정(GATT)과 동 협정 사무국을 승계한 국제기구, 자유공정무역의 기능을 더욱 강화하고 WTO 협정의 이행을 감독하여 상품, 서비스, 지적재산권 등 모든 교역 분야에서 자유무역질서를 확대하기 위해 1995년 1월 1일 설립되었다. 기존의 GATT가 단순히 계약, 협정 형태로 되어 있어 회원국들이 GATT상의 의무를 효과적으로 이행시키지 못했던 점을 감안, 약속이행의 감시 등 회원국들의 의무이행을 강력히 뒷받침할 수 있는 기능을 갖춘 기구이다. WTO의 설립목적으로는 ①국제무역 불균형에 따른 보호주의 및 지역주의에의 대처 ②국제교역구조의 다양화에 따른 국제규범보완 제정의 필요성 증대 ③GATT 체제 자체의 한계에 대처하기 위해 국제교역분야를 규율할 수 있는 국제기구 설립의 필요성 등이다. WTO는 GATT와는 달리 법인격(Legal Per- sonality)과 기능 수행을 위해 필요한 사법적 권한을 보유하고 있으며, 의사결정방식은 합의제 방식을 채용하여 특정 안건 표결시회의 참가국의 명백한 반대가 없으면 만장일치로 채택한 것으로 간주하며, 합의제에 의한 결정이 불가능할 때에는 투표국의 표결로 결정한다(회원국당 투표권 1표). WTO는 각료회의, 일반이사회, 특별이사회(상품교역이사회, 서비스교역이사회, 지적재산권이사회), 상설위원회(무역개발위원회, 국제수지위원회, 예산·행정위원회, 무역·환경위원회) 등으로 구성되어 있고, 각 회의에의 참석은 모든 WTO 회원국에 개방되어 있다.   "
139,,,Untying Loan,"물자와 서비스의 조달대상을 원조공여국에 한정(tied)하지 않는 원조를 말한다. 조달처를 제한하지 않음으로써 양질의 물자(서비스)를 보다 저렴한 가격으로 조달할 수 있으며 원조자금이 보다 효율적으로 사용될 것으로 기대된다. 최근 OECD에서도 조건부(tied) 원조, 특히 차관의 국제적 무역에 미치는 왜곡효과에 착안하여 무조건부(untied)화 하는 방향으로 논의가 진행되고 있다. 일본의 경우 엔 차관에 대한 조달조건은 조달대상지역을 제한하지 않는 일반 무조건부원조(general untying)와 조달국(지역)을 차관공여국과 개도국으로 제한한 LDC 무조건부원조, 조달국(지역)을 차관공여국에 제한하는 조건부 원조 등 3가지로 분류된다. 일본에서는 1989년 이후 조건부 원조는 시행하지 않고 있으며, 1996년도에는 LDC 무조건부원조도 사라져 차관이 모두 일반 무조건부로 집행되었으나, 1997년에 일부(1%) LDC 무조건부 원조를 실시하였다.   "
140,,,Untying," 언타잉(Untying)이란 원조에 있어서 국제기관의 분담금, 혹은 양자간 공적개발원조에 의한 물자 및 서비스의 조달처를 분담국 또는 차관공여국에 한정하지 않는 것을 일반적으로 의미한다. 양자간 정부개발차관의 언타잉의 경우에는 원칙적으로 차관공여 계약체결 후 국제경쟁입찰에 붙여 조달하는 것으로서 3가지 방식이 있다. ①일반 언타잉: 조달처의 제한이 없다. ②LDC 언타잉: 원조공여국 및 개도국을 조달적격국으로 하고 있으며, 1975년부터 선진 10개국 간에 합의가 이루어졌다. ③상호 언타잉: 상호언타잉 결정에 참여하는 선진국 및 모든 개도국을 조달적격국으로 하는 경우로서 1973년부터 DAC에서 검토되고 있는데 아직 합의를 보지 못하고 있으며 검토도 일시 정지되고 있다.   "
141,UNDAF,United Nations Development Assistance Framework,유엔개발원조 프레임웍,"UNDAF는 유엔의 개혁프로그램 일환이며, 모든 유엔프로그램은 동일한 목표 및 일정에 따라 단일의 framework에 의거 수립되고 수원국에게 제시된다. 이를 수립시 수원국 정부와 긴밀한 협력을 하며, 또한 수원국의 국별전략과 일치되도록 노력하는 전략이다. 1998년 UNDAF는 콜럼비아, 가나, 인디아, 케냐, 말리를 포함한 18개 수원국에서 시범적으로 실시된 바 있다. 또한 World Bank의 국별전략인 CAS (Country Assistance Strategy)와의 연계를 위해 World Bank와 합동으로 베트남과 말리를 시범국으로 정하여 공동사업을 실시하였다.   "
142,,Trickle-down Policy,트리클-다운 정책,"""트리클 다운""이란 ""넘쳐흐르는 물이 바닥을 적신다""라는 뜻으로 보통 ""적하정책""으로 번역되고 있다. 이는 대기업과 부유층의 부를 먼저 늘려줌으로써 국가경제발전과 국민복지향상을 꾀하는 경제정책을 말하는데 공급측면을 중시한 ""레이거노믹스""의 본체이었으나 클린턴은 이를 폐기 처분하였다.   "
143,TDA,US Trade and Development Agency,미국무역개발청,"미국의 수출을 유발시킬 수 있는 자치기관인 Trade and Development Program으로 설립된 이후, 1992년 10월 수출촉진법에 의거 무역개발청으로 승격되었다. TDA의 원조자금은 개도국 개발 프로젝트와 관련된 사업타당성조사, 컨설턴트 교육훈련 비용을 100% 무상으로 공여하는 대신 동 프로젝트는 미국기업과의 계약체결을 전제조건으로 한다.   "
144,,Soft Loan,연성차관,차관 가운데 상환기간이 길거나 금리가 낮아 차주에게 비교적 원리금 상환부담을 적게 하는 차관으로 대개 상환기간이 1년 이상 금리가 연 4%이하인 것을 소프트론의 범위에 넣고 있다. 예로 우리나라가 개도국에 지원해주는 대외경제협력기금(EDCF)이 이에 해당된다.   
145,PRSP,Poverty Reduction Strategy Papers,빈곤감축 전략,"PRSP는 세계은행이 개도국 정부를 포함하는 개도국 공공부문의 빈곤 대응책을 강화하기 위해 수립한 Framework이다. 개도국이 채무삭감 및 국제금융기관의 자금공여를 위한 전제조건으로 개도국으로 하여금 직접 향후 3년간의 빈곤 및 채무삭감을 위한 자체 전략을 책정, 시행토록 하고 있다. PRSP는 빈곤완화결과를 강조하고 그 결과에 따라 개도국 정부가 정책간 우선순위를 결정하는데 필요한 것이다. 또한 각 정부와 원조당사자의 우선순위 규정, 자원배분, 전략평가에 영향을 주고자 하는데 있다. PRSP의 특징은 country basis상의 다양한 각도에서 빈곤완화를 고려할 수 있게 구성되어 있으며, 종합개발프레임웍(CDF)의 실질적인 운영방법에 대해 논의하며, 빈곤의 영향과 정책과의 연계방안에 주목하고 있으며, 수원국 정부·세계은행·IMF가 연계된 빈곤완화 전략에 대한 보강 및 중채무빈국(HIPC) 채무경감이 빈곤완화노력의 통합부분임을 보장하는 기초를 제공한다. PRSP의 핵심내용은 빈곤의 개념과 그 결정요인에 대한 포괄적인 이해이다. 빈곤에 대한 이해는 빈곤완화대응책에 대한 우선순위를 결정할 수 있게 해주며, 농촌개발, 인프라건설, 민간부문개발과 같은 개발 능력배양(capacity build- ing)은 빈곤완화에 큰 효과가 있으며, 이러한 정책을 채택함으로 빈곤완화에 가장 큰 효과가 있게 된다. 정규적인 모니터링을 위해 광범위한 참여가 필요하며, 이러한 참여과정을 통하여 결과를 분석하는 것이다.   "
146,S/W,Scope of Work,사업범위에 관한 협의문,"기술개발의 일환으로 개발조사사업을 실시할 때 본격조사 전에 수원국 정부로부터 요청내용을 파악한 후에 실시계획안, 기본방침이 결정되고, 이것에 기초하여 사전조사단이 파견된다. 사전조사에서는 수원국 요청내용의 확인, 본 조사의 시행타당성과 사업추진 방향에 관한 검토 및 정보수집을 실시한다. S/W란 이 사전조사에 기초하여 상대국과 주고받는 본격조사의 작업범위, 내용, 조사일정, 편의제공 등을 규정한 합의문서로서 본 조사의 조사방침과 계획에 관한 문서의 개요로써 작성한 것이다. 일반적으로 본 조사의 조사방침과 계획은 당해 프로젝트의 특성 및 프로젝트지역의 특수성 이외에도 본 조사에 필요한 예산의 규모 등을 고려하여 검토한다.   "
147,,Public Law 480,PL480,"미국의 농업수출진흥 및 원조법(Agricultural Trade Development and Assistance Act)으로서 미국은 자국의 농산물가격을 유지하고 농산물수출을 진흥하는 한편 저개발국의 식량부족을 완화하기 위하여 1954년에 법제화하여 그 규정에 따라 잉여농산물원조를 각국에 제공하고 있는데, 이 법이 미공법 480호이며, 이를 줄여서 PL 480이라고도 한다. 이 법은 미국의 정상적인 농산물의 대외수출에 일정량 이상을 더하며, 국제시장을 교란시키지 않는다는 2가지 전제조건에 따라 제1관 ""현지통화에 의한 판매"", 제2관 ""기근 기타의 외국구제"", 제3관 ""국제적인 무상공여, 잉여농산물과 전략물자의 교환 기타"" 등의 3개 항목으로 구분하여 수출하도록 되어 있다. 한국은 1955년 이 법의 제1조에 따라 협정을 체결하여 1956년부터 잉여농산물 원조를 받기 시작하였으며, 1961년에는 국토건설사업을 위하여 제2조에 의한 잉여농산물원조를 받은 일도 있으나, 이 법에 의한 원조는 1981년으로 일단 종료되었다.   "
148,PDM,Project Design Matrix,프로젝트설계 일람표,PCM(Project Cycle Management)에서 프로젝트의 계획·입안 단계에 프로젝트의 주요 요소를 일람표로 작성하는 것을 PDM이라 부른다. 실시단계에서는 PDM의 세부적인 활동계획표에 따라 프로젝트가 진행되며 실시자에 의한 모니터링도 실시된다. 평가단계에서는 PDM에 기초하여 외부전문가에 의해 프로젝트가 여러 각도에서 평가된다. 이와 같이 프로젝트의 입안·실시·평가 전과정을 통해 PDM을 사용함으로써 프로젝트를 일관성 있게 집행·관리할 수 있다.
149,PCM,Project Cycle Management,프로젝트 사이클관리,"프로젝트의 발굴, 형성을 포함한 계획, 프로젝트의 심사, 실시, 모니터링, 평가와 피드백까지 일련의 프로젝트 사이클을 운영·관리하는 방법이다. 여기에는 ①프로젝트의 계획, 입안을 위해 ？프로젝트의 달성에 필요한 투입, ？활동 ？목표 ？지표 ？외부조건 등 프로젝트 구성요소와 이들간의 논리적 상관관계를 나타낸 프로젝트의 일람표(Project Design Matrix: PDM)의 책정 ②책정된 요약표에 기초하여 프로젝트의 추진상황 검토 및 달성된 성과, 효과 등을 평가하는 모니터링, 평가 등으로 대별된다. PCM의 기원은 1960년대 후반 미국의 국제개발청(USAID)이 의회예산요구자료를 작성하려고 개발한 ""logical framework""에 있다. 프로젝트의 구성영역(목적, 목표, 성과, 활동, 투입 등)의 상호관계에 논리적 일관성과 합리성을 지향했던 계획방법이다. 1983년 독일기술협력공사(GTZ)는 ""logical framework ""작성과정에 ""참가형""의 개념을 추가하여 ""목적지향형 프로젝트입안 방법(ZOPP)""을 개발하였다. ZOPP는 그 유용성으로 세계의 많은 개발원조기관에서 프로젝트계획, 심사, 모니터링 및 평가기법으로 이용되고 있다.   "
150,EIA,Environment Impact Assessment,환경영향평가,"어떤 지역에서 개발사업을 시행할 경우 사업의 결과가 환경에 미치게 될 영향을 미리 예측·평가하고 그 대처방안을 마련해 환경오염을 사전에 예방하는 제도. 이 제도는 환경영향분석, 즉 제안된 계획에 의해 야기될 환경의 여러 가지 사회경제적 특성과 생태물리적 특성에 일어날 수 있는 변화를 연구하는 것으로서, 사업계획의 결정과정에서 참고수단으로 이용될 수 있을 뿐만 아니라 환경영향을 완화시키는 환경관리기능을 수행할 수 있게 해 준다. 그 결과 개발과 보전의 상충적인 측면을 적절히 조화시킬 수 있다는 점, 학계·사회단체·민간단체·주민 등의 다양한 의견을 수렴할 수 있다는 점, 사업시행지역의 특수성을 고려할 수 있다는 점등의 의미를 갖는다. 그러나 환경영향평가 자체는 현실적 실상과 자료를 바탕으로 미지의 불확실성에 대해 예측·평가하는 기법인 만큼 이에 대한 예측의 오차를 줄이기 위해서는 고도의 전문적 환경기술과 수많은 자료 및 경험의 축적을 필요로 하는 제도이다. 따라서 완벽한 평가기법을 도출하는 데는 매우 어려운 한계가 있다. 즉 변화의 예측을 완벽하게 수행하기 어렵다는 점, 대안이 한정되어 있고 대안의 가치에 대한 확실성이 결여되기 쉽다는 점, 환경가치의 객관화·계량화가 어려워 대안간의 비교가 곤란하다는 점, 개발과 보전의 조화수준과 이에 대한 판단기준이 모호하다는 점등의 한계성을 갖는다. 환경영향평가 항목은 크게 자연환경, 생활환경, 사회·경제환경 등의 3분야로 대별된다. 자연환경에는 기상, 지형·지질, 동식물상, 해양환경 등이, 생활환경에는 토지의 이용, 대기질, 수질(지표·지하), 토양, 폐기물, 소음·진동, 악취, 전파장해, 일조장해, 위락, 경관, 위생·공중보건 등이, 사회·경제환경에는 인구, 주거, 산업, 공공시설, 교육, 교통, 문화재 등이 평가항목으로 규정되어 있다. 평가서는 평가항목을 모두 포함해 작성하는 것을 원칙으로 하되 환경영향요소와 평가항목을 비교·평가해 환경에 미치는 영향이 경미하다고 판단되거나 평가항목에 해당사항이 없는 경우에는 해당평가항목을 생략할 수 있다. 환경영향평가는 1969년 미국의 국가환경정책법에 이 제도가 규정되면서 시작되었다. 한국은 1977년 환경보전법을 제정하면서 동법 제5조에 ""사전협의""라는 제목하에 환경에 영향을 미치는 사업의 계획을 수립하고자 하는 행정기관의 장은 미리 협의할 것을 규정했으며, 1979년 12월 동법의 개정을 통해 제5조의 제목을 ""환경영향평가 및 협회""로 바꾸어 현재와 같은 환경영향평가제도를 도입한 뒤, 1981년 환경청(지금의 환경부)의 발족과 함께 실질적으로 환경영향 평가를 실시했다. 선진국이나, ASEAN(동남아시아국가연합)국가 등 많은 나라가 환경영향평가에 관한 법률을 제정하고 있다.   "
151,DNS,Debt-for-Nature Swap,환경스와프,"DNS란 국제적인 자연보호단체 등이 ①민간은행에서 개도국에 대한 채권을 할인하여 취득하고, ②이것을 개도국의 현지통화로 된 채권으로 교환하며, ③이를 재원으로 하여 개도국 정부나 현지의 자연보호단체가 기금을 만들어 환경보호정책을 실시하거나, 중요한 자연보호구역의 설정 등 자연보호활동을 실시토록 하는 것을 말한다. 개도국의 채무와 자연(환경)을 교환한다는 의미에서 ""환경스와프""라고 부른다. 환경스와프는 환경보호를 위한 재원확보와 개도국 대외채무 경감을 동시에 달성한다는 점에서 일석이조의 효과가 있다. 환경스와프는 1987년 미국의 환경 NGO단체인, Conservation International(CI)이 볼리비아 정부와 처음으로 실시한 채권의 교환에서 유래한다. 지금까지는 주로 중남미의 개도국이 환경스와프의 대상이었는데, 1991년 6월 멕시코에서도 실시되었으며 브라질의 경우에도 1년에 1억 달러 한도에서 환경-채무교환을 하고 있다. 또한 폴란드는 자국의 환경문제해결을 위하여 채권국으로 하여금 국제적 기금을 설립토록 하는 계획을 추진하는 등 환경스와프는 동 유럽으로도 확대되고 있다. 현재 DNS 실적이 있는 환경 NGO로는 세계자연보호기금(WWF), Conservation Inter- national(CI) 등을 들 수 있다.   "
152,,ODA for Environmental Conservation,환경 ODA,"공해방지, 자연환경 보존, 생활환경 개선 등을 목적으로 공여되는 공적개발원조(ODA)로서 환경 ODA에 관한 명확한 정의는 OECD에서도 검토 중에 있다. 각국은 독자적으로 정의를 설정하여 운용하고 있다.   "
153,,Mixed Credit,혼합차관,"수출입은행 등 정부계 금융기관이 해외융자를 할 때 금리가 싼 정부 원조자금을 일부 포함시킴으로써 전체 자금에 대한 융자조건을 보다 완화시키는 것. 경제협력개발기구(OECD) 가입국의 정부계 금융기관이 수출 금융을 제공할 때는 OECD 금리협정의 제약을 받기 때문에 금리와 상환기관 등 융자조건을 일정 수준 이하로 완화시킬 수 없다. 이러한 OECD 금리협정의 제약을 빠져나가기 위해 프랑스가 제일 먼저 혼합차관을 도입했으며 뒤이어 캐나다, 미국, 일본 등이 이를 적극 활용하고 있다.   "
154,,Co-financing,협조융자,"협조융자는 동일 융자대상사업에 대해 둘 이상의 융자기관이 자금을 분담하여 융자하는 방식이다. 단일 금융기관만으로는 자금부담이 너무 클 경우 또는 동일 융자대상사업에 수개국 내지 여러 금융기관이 융자할 때 이용된다. 이와 같은 융자방식은 융자기관의 입장에서 볼 때 자금부담 경감, 위험분산 등의 이점이 있고 차입자의 입장에서는 필요자금을 보다 원활히 공급받을 수 있는 장점이 있다. 협조융자는 1970년대 초반 세계은행 등 국제금융기구가 개도국의 개발프로젝트에 민간상업은행을 참여시키기 위해 도입한 것이다. 현재 국제금융시장에서 신용도가 낮은 개도국에 대한 금융 리스크 완화 수단으로 널리 활용되고 있다. 우리나라의 경우에도 한국수출입은행과 일반 외국환은행이 동 방식을 활용, 연불수출자금을 지원하고 있다. 협조융자에는 일반적으로 2개 이상의 은행이 특정사업, 또는 기업에 대해 동일 목적에 따라 자금을 대출하는 일을 말하며, 여기에는 병행융자(parallel financing)와 공동융자(joint financing)의 두 가지 형태가 있다. 병행융자는 각 금융기관이 특정사업에 대하여 부문별(지역별)로 융자대상을 분담하여 지원하는 것을 말하며, 공동융자는 특정사업에 대하여 각 금융기관이 융자비율을 분담하여 지원하는 것을 말한다. 보통 대규모 사업자금 융자에 있어서 1개 은행으로는 그 공급에 어려움을 느끼는 경우, 특정 은행이 2개 이상의 은행과 협의하여 융자조건을 정하고 대출하게 된다. 협조융자에는 융자의 집중화 외에 대출경쟁의 회피, 위험분산 등의 목적이 있다.   "
155,,Reciprocity,호혜주의,"국제무역에서 관세율, 쿼터, 그리고 다른 상업상의 규제조치에 대해 협상국 상호간에 특혜를 인정하는 제도이다. 호혜주의에 의한 쌍방간의 특혜는 협상국이 거래하는 여타의 국가들에까지 확대되지 않는다. 호혜협정은 개별국가 사이에 체결될 수도 있으며, 국가군들 사이에 맺어질 수도 있다. 호혜주의가 발전된 형태는 유럽경제공동체(EEC)와 같은 완전한 관세동맹이다. 관세동맹하에서는 점진적인 상호협정을 통해 참여국간의 모든 관세와 기타 규제조치를 철폐한다. 관세 및 무역에 관한 일반협정(GATT)의 회원국들은 다른 모든 회원국들에게 최혜국대우를 해야 하는 의무를 가지기 때문에 호혜주의가 어느 정도 배제된다. 최혜국대우는 비회원국에 부여하는 모든 무역상의 특혜를 회원국에까지 확대적용하는 것이다.   "
156,,Consultation Basis,협의주의 방식,"공적개발원조(ODA)의 지원방식중의 하나로 원조국이 수원국과의 협의를 통해 지원분야, 지원규모 등을 정한다.   "
157,R/D,Record of Discussions,협의의사록,"협의의사록은 개별 프로젝트형 기술협력을 시행함에 있어 상대국 실시기관과 협력내용에 대하여 합의한 사항을 모아서 정리하고 서명한 문서이다. 이 협의의사록의 성격은 양국정부간의 국제적인 조약에 해당되지 않으며 국제법상의 효력은 없으나, 실질적으로 해당프로젝트 방식협력의 시행에 기초가 되는 문서이다. 내용은 ①협력의 목적, ②대상분야, ③협력기간, ④실시운영계획, ⑤공여국측 지원사항(전문가의 파견, 기자재공여, 연수생 등), ⑥수원국 부담사항 등이며, 서로가 합의한 사항을 정리하고, 서명자는 자국정부에 합의내용의 실시를 권고하는 형태가 된다. 회의의사록이라고 불리기도 한다.   "
158,,Consultative Group,협의그룹,"원조공여국이나 국제기구가 원조의 대상으로 삼은 개도국과 경제정세 전반, 경제개발계획, 개발프로젝트 등에 관한 정보, 의견을 교환하고 정책대화의 추진이나 원조사업의 조정 및 효율화를 도모하기 위해 개최하는 회의이다. 세계은행이 주최하는 것이 통례이며 필리핀, 인도, 방글라데시 협의그룹 등이 있다. 이와 비슷한 것으로 원조국회의(donor's meeting) 및 채권국 회의가 있다. 원조국회의에서는 구체적인 개별사업을 검토하기도 한다.   "
159,,Local Cost,현지비용,"프로젝트 실시에 필요한 자금중 현지에서 조달 가능한 부문, 다시 말하면 현지통화 사용부문의 것으로 현지공사에 관계한 인건비, 일부 기자재 등의 비용이 이에 해당된다. 프로젝트 원조시, 본래 수원국이 부담해야 할 현지비용, 즉 프로젝트 부지 확보, 시설건설, 시설유지관리, 프로젝트운영 등에 필요한 경비를 말한다. 최근에는 동 부문을 수원국이 부담하지 않으려는 경우가 있어 프로젝트 추진시 애로사항이 되고 있으며, 원조효과를 올릴 수 없어 이를 타개하기 위해 현지비용 부담을 프로젝트 원조공여국측이 하는 경우가 많다.   "
160,,Helsinki Declaration,헬싱키 선언,"1975년 8월 1일 헬싱키에서 채택된 선언으로 경제, 과학, 기술 및 환경분야에서 국제적인 협력을 주요 내용으로 하고 있다. 합의된 사항은 첫째, 환경보호와 향상, 자연보호 및 현재와 미래세대를 위한 천연자원의 합리적인 이용은 제국민의 복지 및 모든 국가의 경제발전에 아주 중요한 과제이다. 둘째, 참가국은 국제법의 원칙에 따라 자국 영역에서 실시되는 활동이 다른 나라나 국가 관할권을 넘는 지역의 환경악화를 초래하지 않도록 보장해야 한다. 셋째, 환경정책을 성공시키기 위해서는 모든 시민 단체나 사회단체가 스스로 책임을 인식하여 환경보호와 향상을 지원하는 것이 그 전제조건이며 우선 젊은 세대에 대한 지속적이고 충분한 교육활동이 필요하다. 넷째, 경제발전과 기술의 진보는 환경보호와 역사적, 문화적 가치 보존과 양립하는 것이어야 하며, 환경피해를 줄이는데는 예방 조치가 가장 효과적이고, 천연자원의 개발과 관리에서 생태계의 균형을 유지하지 않으면 안 된다.   "
161,,Pearson Report,피어슨 보고서,"1970년대 대개도국 개발원조관련 문제점을 지적하고 방향을 제시한 보고서를 말한다. 1969년 세계은행 연차 총회에 제출되었다. 개발의 파트너라고 제목을 정하고 68개 항목으로 되어 있는데, 주요 내용은 ①각 선진국 정부는 1957년부터 1980년까지의 기간에 개도국을 위한 정부원조(민간투자는 제외)를 GNP의 0.7%까지 확대한다. ②정부원조의 금리는 2% 이하로 한다. ③제2세계은행의 기능을 확대하기 위하여 자금(한도권)을 확대한다 등이다. 맥나마라 세계은행 총재가 1968년 여름 개도국을 중심으로 하는 세계개발전략을 검토하기 위하여 피어슨 전 캐나다 수상을 위원장으로 하는 자문위원회(통상 피어슨 위원회)를 발족시켰다. 그리하여 이 보고의 제출을 요구한 데서부터 피어슨보고서라 불리고 있다.   "
162,,Feedback,피드백,원래는 전기관계 용어로 전기회로에 있어서 출력의 일부를 입력측에 되돌려 출력을 증대시키거나 감소시키는 것을 말한다. 생산을 자동화하는 경우 오토메이션 장치에는 이 원리가 유효하게 이용된다. 어떤 행위의 결과가 최초의 목적에 부합되는가의 여부를 확인하고 즉시 행위의 원천에 그 정보를 되돌려 보내 적당한 행위가 되도록 작용하는 것이다. 평가에서 피드백이란 모니터링이나 평가조사를 통해 얻은 정보(평가정보)를 관계부서에 제공하고 정보를 제공받은 측이 그 정보를 기존의 안건 실시나 신규안건의 계획 및 실시과정에 활용하는 것을 의미한다.   
163,,Project-type Technical Cooperation,프로젝트형 기술협력,"프로젝트형 기술협력은 개도국의 경제, 사회개발 및 복지향상에 기여하기 위하여 시설물건축, 물자공여와 전문가파견, 연수생초청 등의 개별사업요소를 상호 연계하여 지원하는 사업형태를 말한다. 프로젝트형 기술협력은 사업의 발굴, 지원, 실시, 평가까지의 일련의 과정을 개도국정부의 정책, 경제, 정치상황과 사업대상지의 조건 등을 종합적으로 고려하여 계획적이고 체계적으로 이루어지게 되며, 사업기간은 개도국정부의 사업계획을 바탕으로 기획, 입안부터 사업완료시까지 통상 2년에서 5년 정도가 된다. 사업기간 중 수원국(사업대상 개도국)은 우리나라 전문가 파견, 수원국 인력 초청연수 등을 통해 자국 실정에 적합하고 필요한 기술과 프로젝트의 자체 운영 및 관리능력을 배양받게 되며, 동시에 각종 필요한 시설과 기자재 등을 제공받게 된다. 프로젝트사업은 대부분 개도국의 교육, 훈련, 보건, 의료, 농림, 수산, 공공행정 등의 분야에 지원되며, 평균 건당 50만불에서 100만불 규모로 추진하고 있다. 사업추진을 위해 소요되는 경비는 원칙적으로 양국정부에 의해 공동부담하는 것을 원칙으로 삼고 있는데, 통상 수원국정부는 토지, 현지인력(건물) 등을 부담하게 된다.   "
164,,Project Loan,프로젝트 융자,"특정 프로젝트의 수행에 필요한 융자로서 예를 들면 도로의 건설이나 발전소 건설 등에 대한 소요자금의 융자가 이에 해당된다. 이는 세계은행(IBRD)의 전형적인 융자로서 세계은행이 대상프로젝트의 선정과 평가 및 집행은 물론 융자금의 사용에 대해 직접 관여하고 있다. 프로젝트융자와 프로그램융자의 차이는 다음과 같다. 프로젝트융자는 고정자산투자와 신규생산시설 건설등의 자본적 지출(capital ex- penditure)에 대하여 융자하는 반면, 프로그램융자는 원료와 상품의 수입 및 기존 생산시설의 가동과 생산활동 등에 소요되는 경상적 비용을 지원한다. 프로젝트 융자에 있어서는 융자승인 시점에서 구매물품목록(procure- ment list)이 확정되는데 비해 프로그램융자는 수혜국의 상품재고 및 생산현황 등에 따라 구매물품이 정하여지기 때문에 물자조달품목결정에 수혜국의 재량이 작용할 여지가 많다. 프로젝트융자의 경우 사업완성에 장기간이 소요되고 사업의 진척정도에 따라 융자금이 단계적으로 지급되는 것이 일반적이어서 융자금 지급에 보통 3∼5년의 장기간이 소요되는 반면, 프로그램융자의 경우에는 일정한 자본설비가 이미 갖추어져 있는 것을 전제로 융자가 이루어지기 때문에 융자금 지급이 비교적 단기간 내에 이루어질 수 있다.   "
165,,Project Aid,프로젝트 원조,"프로젝트 원조란 개도국의 경제·사회개발 지원을 위한 시설물 건축, 물자공여와 전문가 파견, 연수생 초청 등 주요 원조수단을 연계하여 종합 지원하는 것을 말한다. 주요분야로는 학교건축, 병원 건립, 직업훈련원 설립 등 사회인프라 정비 분야를 들 수 있다. 우리나라는 재원의 제약으로 인해 선진국과 달리 대규모 항만, 철도, 발전소 등 경제인프라 부문의 프로젝트 원조실적은 거의 없다.   "
166,,Project Cycle,프로젝트 사이클,"프로젝트는 일반적으로 일정한 예산과 기간 내에 결정한 목표를 달성하기 위하여 계획된 사업이다. 어떤 하나의 프로젝트가 일련의 관계성을 가지고 진행되는 경우 각 단계의 연결, 순환구조를 ""프로젝트 사이클""이라 부른다. 예를 들어 차관사업을 가정하면 일반적으로 다음과 같은 단계로 구성된다. ①선정과 확인(identifica- tion) : 수원국의 경제조사, 분야별조사 등을 통하여 프로젝트의 발굴, 선정 확인 ②준비(preparation) : 프로젝트의 각 측면 검토를 위해 프로젝트에 대한 사전조사를 실시 ③심사(appraisal) : 프로젝트 사업 내용, 사업시행 주체의 의도 및 사업시행 능력 등을 확인 ④교섭(negotiation) : 차관공여시 대부 및 프로젝트 실시에 따른 부속사항에 대해 교섭을 하고 차관계약을 체결 ⑤실시와 감독(im- plementation, supervision) : 상세설계 후에 입찰도 작성, 입찰, 시공과 시공감리 ⑥평가(evaluation) : 해당 프로젝트에서의 원조자금 사용의 유용성, 효율성과 프로젝트의 효과를 확인하고, 그 교훈에서 원조활동의 개선, 새로운 프로젝트의 기획입안을 위해 결과를 피드백(feedback) 한다. 한편, 기술협력에 소요되는 기간을 하나의 주기로 보고 개별 프로젝트에 ""계획(plan)"", ""실시(do)"", ""평가(see)""의 3과정이 있으며 이를 프로젝트 사이클이라고도 부른다.   "
167,,Program Loan,프로그램 융자,"특정사업을 대상으로 하는 것이 아니고 재해복구, 기존 생산시설의 완전가동, 수출급감 등으로 악화된 국제수지의 개선 등 특수목적을 달성하기 위해 필요한 자금을 지원하는 것이다.   "
168,,Prebisch Report,프레비시 보고서," UN 무역개발회의(UNCTAD)에 사무국장 프레비시가 제출한 보고서로서 제1차 UN 무역개발회의에 앞서 1963년 이후에 열린 준비위원회를 거쳐 1964년 2월에 토의자료로 제출된 것이다. 주제는 ""개발을 위한 새로운 무역정책을 찾아""이다. 프레비시는 이 보고서에서 자유·다각·무차별을 원칙으로 하는 관세 및 무역에 관한 일반협정(GATT)체제가 현재의 개도국에 불리한 점을 지적하고, 선진국과의 경제적 격차를 시정하기 위하여 개도국의 연평균 경제성장률을 1970년까지 5%로 끌어올리자고 주장하였다. 또한 개도국의 수출진흥을 위해 특혜관세제도와 국제상품협정 등 GATT의 개정 및 새로운 국제무역기구의 설립을 선진국측에 요구하였다.  "
169,,DAC 고위급회의,DAC High Level Meeting,"경제협력개발기구(OECD)의 개발원조위원회(DAC)는 보통 매년 1회, 과거 1년간 토의했던 주요 사안을 중심으로 최종적인 정리나 채택을 상급자 수준에서 행하는 회의를 개최하고 있다. OECD에서는 전체 각료이사회 외에 각 위원회마다 각료급회의를 개최하는 경우도 많지만 원조 부문에서는 회원국에 따라 담당 장관을 설치하고 있지 않는 경우도 많기 때문에 각료회의라고 부르지 않고, 고위급회의라고 지칭하고 있다. 여기서 채택되는 정책 기조(statement)이나 각종 가이드라인은 다음해의 원조정책방향의 지침으로서 많은 원조관계자가 주목하는 것이다.   "
170,,DAC Guideline Principles on Wo- men in Development,DAC/WID 지침,"경제협력개발기구(OECD)의 개발원조위원회(DAC)에서는 1975년의 국제여성의 해를 계기로 ""개발에 있어서 여성의 역할(WID)""이 받아 들여져, 1983년의 상급회의에서 ""개발시 여성역할을 지원하기 위한 원조기관 지침""이 채택되었다. 이것은 DAC회원국에 대해 원조를 실시하는 것 외에, 개도국의 여성역할이 얼마나 중요한 것인가 하는 것을 나타낸다. 1984년에는 ""DAC WID 전문가 그룹""이 결성되어 1985년에 ""나이로비 미래전략""이 채택되자 DAC는 ""나이로비로부터 2000년으로: DAC회원국이 취해야 할 행동""이라는 문서를 작성하였다. 아울러 1989년에는 WID 지침을 개정하였다.   "
171,,DAC Expert Group on Aid Evalua-tion,DAC 원조평가 전문가그룹,"경제개발협력기구(OECD)의 개발원조위원회(DAC)에는 몇 개의 Working Party Expert Group이 있는데, 그 중의 하나가 원조평가 전문가그룹이다. 1981년 5월에 회원국의 평가담당자가 협의그룹(Group of Correspondents on Aid Evaluation)을 만든 것을 계기로 1982년 DAC 고위급회의에서 상설 하부회의로서 평가전문가그룹이 설치되었다. 이 그룹은 ①평가정보의 교환 및 평가방법의 검토, ②평가결과 얻은 교훈을 원조효율성 향상을 위해 원조사업에 반영하도록 DAC에 제안, ③국별 혹은 분야별 대규모 평가안건에 대해 회원국과 합동평가 실시, ④개도국 평가능력 향상을 위한 노력 등을 목적으로 하며, 통상 연 2회 파리에서 회의를 개최하고 있다. DAC회원국의 평가담당 부서장과 옵저버로 세계은행, IMF, ADB, IDB 등의 국제개발금융기관이 참가하고 있다.   "
172,,DAC Chairman's Report,DAC 의장보고서,"경제협력개발기구(OECD)의 개발원조위원회(DAC)는 1962년 이후 매년 모든 회원국의 원조에 관계된 정책에 대해 토의한 결과 등을 위원장명의로 연말에 보고서를 간행하고 있다. 동 보고서는 일반적으로 ""DAC 의장보고서""로서 알려져 있지만, 정식으로는 ""Development Co- operation : Efforts and Policies of the Members of the Development Assistance Committee""이란 제목이다. 보통 동 보고서는 원조를 둘러싼 새로운 상황을 조망하는 의장 개관, 과거 1년 간에 DAC가 토의했던 특정주제의 보고, 대개도국 자금흐름에 관한 원조국별 분석 및 부속 통계자료가 포함되어 있다. 또한 동 보고서는 통상적으로 ""DAC Report""라고도 부른다.   "
173,,DAC Aid Review,DAC 원조심사,"경제협력개발기구(OECD)의 개발원조위원회(DAC)는 각 회원과 유럽연합(EU)의 원조정책에 관해 정기적으로 심사하는 회의를 대상국별로 개최하고 있다. 이전에는 전 회원국에 대해 매년 실시되었기 때문에 ""연차심사(annual aid review)""로 불렸는데 현재는 3년주기로 개최되고 있다. 심사대상은 공여국의 원조량, 질, 실시체제를 비롯 DAC에서 합의된 각종 정책실시 상황이 포함되며 심사대상국이나 주요원조기관을 현지 조사한 후에 회의자료를 제출한다. 또한 회원국중 2개국이 심사국으로 선정되어 독자적으로 조사를 실시한다. 심사결과는 공표되는데 토의과정 등은 원칙적으로 비공개이다.   "
174,,Contestability,경합성,"산업조직론에서 Baumol과 Willig등에 의하여 발전된 시장경합성의 개념은 최근 OECD무역위원회를 중심으로 국제적 시장경합성에 관한 논의로 확대 발전되고 있다. 1994년 OECD 무역위원회는 글로벌 세계경제에서 시장접근의 새로운 차원에 관한 논의를 모색하였고, 그 과정에서 시장접근을 저해하는 요인의 제거와 관련하여 국제적 시장경합성의 개념이 유용하다는 점을 발견하였다. 즉 무역 및 투자 자유화를 통해 세계경제의 통합이 가속화되고 있는 상황에서 시장 접근을 저해하고 왜곡하는 명목적 또는 실제적 장벽을 효과적으로 제거하기 위해서는 새로운 차원의 시장접근에 대한 인식이 필요하게 된다. 국제적 시장경합성(international market contestability)이란 시장조건이 외국의 상품, 서비스, 투자, 지적재산권, 기업인의 자유로운 시장접근을 허용하는 상태를 의미한다. 또한 외국기업이 국내기업과 동등한 조건 하에서 경쟁할 수 있는 기회와 여건이 제공되어야 함을 의미한다. 이러한 시장경합성을 보장할 수 있는 기회와 여건은 비단 정부의 직·간접적인 규제뿐만 아니라 민간기업의 행동에 의해 왜곡되어서도 안된다. 동 개념은 무역 및 투자자유화를 넘어서 경쟁여건의 균등화를 목표로 하고 있을 뿐만 아니라 국내의 민간기업에 의해 외국기업의 국내시장접근을 저해해서는 안된다는 점을 강조한다.   "
175,,,Commitment Basis,"일정기간중 원조국으로부터 수원국으로의 자금 흐름을 표시할 때 그 기간 중에 자금공여를 코미트먼트(약속)한 액수로 표시한 것을 말한다. 개도국으로의 자금의 흐름을 통계적으로 파악할 경우, 다양하게 나타낼 수 있으므로 자료이용에 있어 주의를 요한다. 또 코미트먼트 후의 지불액을 디스버스먼트베이스(disbursement basis)로 부르며 과거 공여한 차관의 상환액은 net와 gross로 분류된다. 어떤 근거의 자료를 이용할 것인가는 통계의 목적에 따라 다르다.   "
176,ECO,Economic Cooperation Organ- ization,경제협력기구,"비아랍 이슬람권인 이란, 튀르키예, 파키스탄 3개국이 1985년에 창설한 기구이다. 최근 들어 튀르키예의 유럽공동체 가입이 어려워지고 소련의 붕괴 이후 아제르바이잔, 우즈베키스탄, 투르크메니스탄, 키르키즈, 타지키스탄 등 중앙아시아의 이슬람권 5개국이 1992년 2월, 아프가니스탄이 1993년 2월 가입함으로써 10개국 인구 3억 3천만명을 포괄하는 거대한 서아시아 경제블록으로 발돋움하고 있다. ECO가 추구하는 것은 ①역내에서 관세·비관세 장벽을 철폐하여 자유무역지대를 만드는 것 ②ECO 투자개발은행을 설립하여 앞으로 활발해질 상호 합작회사 설립의 자금조달을 원활히 하는 것 ③각종 공동사업의 추진 등이다. 사무국은 테헤란에 있다.   "
177,ECA,Economic Cooperation Admin- istration,경제협력처,"미국의 대외원조기구로 제2차 세계대전 후 유럽의 전후부흥으로 대소동맹 세력을 유지하며 미국을 주축으로 하는 세계경제체제의 확립을 위한 ""마샬 플랜""의 일환으로 1948년에 성립한 경제협력법(Economic Cooperation Act)에 의거, 이른바 ECA원조를 담당하였다. 1951년 상호안전보장법(Mutural Se- curity Act)에 의한 MSA원조로 전환할 때 까지 ECA는 쌍무협정에 의한 수원국의 통화안정과 경제재건을 위하여 약 120억 달러의 원조를 제공하였다. 구체적인 용도는 수원국의 정치적·경제적 조건 여하에 따라 약간의 차이는 있었으나 채무상환을 주로 한 것(영국·노르웨이 등), 생산증진을 주로 한 것(프랑스·이탈리아 등), 구제를 주로 한 것(그리스 등) 등으로 구분할 수 있었다.  "
178,,,Disbursement,"수원국 정부 등에 대한 약속에 기초하여 행해지는 지출, 즉 원조실시액을 말한다. 금액을 산출하는 방법에는 총지출(gross dis- bursement)과 순지출(net disburse- ment)이 있다. 전자는 당해기간 중에 행해진 새로운 지출액을 가리키는데 반해, 후자는 지출총액으로부터 당해기간중 상대국에서 받은 원금상환액을 공제한 금액을 가리킨다. DAC 통계를 비롯, 원조량을 산출할 경우에는 순지출액 기준을 적용한다.   "
179,,DAC Recommendation and Guide- line,DAC 권고 및 지침,"경제협력개발기구(OECD)의 개발원조위원회(DAC)는 ODA의 규모확대를 위해 1980년대 후반부터 회원국들의 ODA/ GNP의 비율을 0.7%까지 높이도록 권고하여 왔으나 그 실적은 저조한 편이다. 그러나, ODA의 조건개선을 위한 증여율(G.E) 86% 이상 유지 권고는 일본(1996∼1997년, 78.6%)을 제외한 모든 회원국에 의해 준수되고 있다. 또한, DAC는 1987년 4월에 채택된 ""Guiding Principles for Associa- ted Financing and Tied and Partially Untied ODA""를 통하여 1988년 7월부터 tied 및 partially untied 원조자금공여의 경우 최저 양허성 수준(Concessionality Level: C.L.)이 최빈개도국(LLDCs) 에 대하여는 50% 이상, 기타 개도국(LDC)에 대하여는 35% 이상이 되도록 규정한 바 있다. 한편, OECD회원국들은 1992년 2월 전체회의에서 ""OECD 수출신용 가이드라인에 관한 협약(Arrangement on Guidelines for Officially Supported Export Credits) 개정안""을 의결한데 이어 1997년 6월 이를 재개정하여 무분별한 tied 및 partiallyuntied aid 지원으로 야기되는 무역질서 왜곡현상과 선진국의 자본재수출 과당경쟁 등을 방지할 목적으로 tied 및 partially untied aid의 지원조건을 강화하였는바, 그 내용은 다음과 같다. ①지원금액이 SDR 2백만 미만 또는 C.L.이 80% 이상(단, 혼합신용은 예외)인 경우 무조건 지원가능, ②LLDCs국가에 대하여는 C.L. 50% 이상 80% 미만의 tied 및 partially untied aid를 별다른 조건 없이 사전통보의 절차만 거쳐 지원가능, ③1998년 기준 1인당 GNP 3,030달러 이하(LLDCs 수준초과) 해당국가(중소득개도국)에 대한 C.L. 35% 이상 80% 미만의 tied 및 partially untied aid는 commercially viable하지 않은 project의 경우에만 사전통보를 거쳐 지원가능, ④1998년 기준 1인당 GNP 3,030달러를 초과하는 국가(세계은행으로부터 상환기간 17년 차관수혜 불능국)에 대하여는 tied 및 partially untied aid 제공 금지이다.   "
180,,DAC List of Aid Recipients,DAC 수원국 리스트,"경제협력개발기구(OECD)의 개발원조위원회(DAC)는 원조공여 흐름을 측정하기 위한 통계작성을 목적으로 수원국 리스트를 작성하고 있다. 이 리스트는 개도국국가(PartⅠ)와 구 사회주의국가 및 고소득국(PartⅡ)로 구분되는데 PARTⅠ 국가에 대한 원조는 공적개발원조(Official Development Assistance: ODA)로 산정하되 특수 목적에 의한 PARTⅡ 국가에 대한 원조는 공적원조(Official Aid: OA)로 산정 된다. 기존의 개도국 리스트를 두개 범주로 구분한 것은 냉전체제 종식이후 시장경제체제로 이행중인 동유럽국가들에 대한 원조수요가 증가한 때문이다. 따라서 전통적으로 경제개발을 목적으로한 ODA 대상국과 별도로 OA 대상국을 분류하여 통계를 작성하고 있다. ODA 대상국인 PARTⅠ 국가는 다시 1인당 GNP 기준으로 LLDCs (최빈국), Other LICs(저소득국, GNP 765불미만), LMICs(저중소득국, GNP 766불∼3,035불), UMICs(고중소득국, GNP 3,036불 ∼9,385불), HICs(고소득국, GNP 9,386불 이상)으로 나뉜다. OA 대상국인 PARTⅡ 국가는 중·동부유럽과 구소련 독립국(CEECs/NIS), 싱가폴, 쿠웨이트 등 고소득 개도국이 해당된다. 우리나라는 2000년 1월부터PARTⅡ로 옮겨져 고소득 개도국으로 분류되고 있다.   "
181,,,Commitment,"일반적으로는 자금공여 약속을 의미한다. OECD의 개발원조위원회(DAC) 정의에 의하면 코미트먼트는 ""구체적인 자금의 공여 및 공여조건하에 일정금액의 원조공여 의사를 협정 또는 이에 상당하는 계약으로 표명하는 것""으로 되어 있다. DAC에 보고하는 코미트먼트는 차관협정(Loan Agreement: L/A)에 근거하고 있다.   "
182,CDF,Comprehensive Development Framework,종합개발프레임웍,"세계은행이 추진하는 것으로 원조의 질을 향상시키기 위하여 개발의 포괄적이고 다면적인 측면의 모든요소를 종합적으로 고려한 framework을 구축하고자 하는 것이다. CDF는 거시 경제적인 측면과 동시에 시장경제의 축을 형성하고 있는 제도적, 구조적, 사회적 측면을 동시에 고려한 종합적인 원조전략을 의미한다. CDF는 정부, 공여국, 시민사회, 민간기업 및 개발참여자간의 튼튼한 파트너쉽을 강조하고 있으며, 수원국이 국제기구나 공여국과 함께 자신들의 개발의제를 스스로 수립하는 개도국의 주인의식(local own- ership)을 강조하고 있다. CDF의 기본방향은 두가지 측면에서 matrix를 만들어 수원국에 적절한 전략을 수립하고자 하는 것이다. 우측틀은 수원국의 지속적 성장과 빈곤완화를 위한 4개 필수요건인 구조적분야(structural), 인적자원분야(human), 물질분야(physical), 특별전략분야(specific strategies)로 구성되어 있으며, 좌측틀은 4대 참여자인 정부(government), 다자간 및 양자간 원조기관(multilateral and bilateral ins- titutions), 시민사회(civil society), 민간부문(private sector)으로 나누어 matrix 형 전략을 수립하고 있다. 세계은행은 CDF를2000년 9월까지 시범적으로 13개국(볼리비아, 코트디브와르, 도미니카공화국, 이디오피아, 에리트레아, 가나, 요르단, 키르키즈 공화국, 모로코, 루마니아, 우간다, 베트남, West Bank and Gaza지역)에 실시한 바 있다.   "
183,,"Build, Operate and Transfer",BOT,민간기업이 개도국에서 인프라 및 플랜트 등을 건설한 뒤 그 투입자금을 일정기간 스스로 조업한 매상으로 회수한 뒤 해당 개도국의 정부기관에 소유권을 양도하는 방식을 말한다.   
184,ASEM,Asia-Europe Meeting,아시아 유럽 정상회의,"아시아 10개국과 유럽연합(EU) 15개 회원국의 국가원수 또는 정부수반과 EU집행위원장이 모여서 2년에 한 번씩 개최하는 아시아·유럽 정상회의를 말하며, 다양한 분야의 협력을 추진하기 위하여 외무, 경제, 재무장관회의 등 각료회의가 열리지 않는 해에 열리며 고위관리회의(Senior Officials Meeting: SOM)를 수시로 개최하여 정상회의시 합의된 사항을 이행하기 위한 후속조치를 협의한다. 제1차 정상회의가 1996년 3월 방콕에서 개최된 이후 1998년 4월 런던에서 제2차 정상회의가 열렸으며, 2000년 10월 제3차 회의는 한국의 서울에서 개최되었다.   "
185,,AID Loan,AID 차관," 미국의 국제개발청(Agency for International De- velopment: AID)가 제공하는 차관으로 미국물자의 도입을 조건으로 하는 tied loan이며, 개발차관이라고도 한다. AID차관자금에는 AID/SA(Supporting Assistance)와 AID P/L(Program Lo- an)이 있다. 전자는 개도국에 제공되는 무상원조이며, AID P/L은 1961년 미국의 대외원조법에 의하여 경제개발을 촉진하고 산업을 현대화하는 데 필요한 물자 중 특히 기계류와 그 부속품 및 부대용역을 지원하기 위하여 대여된다. "
186,AFIC,"Asian Finance and Invest- ment Corporation Ltd.,",아시아금융투자공사,"아시아개발은행(ADB)은 개도국의 경제개발과정에서 민간부문의 활성화가 필수적이나 ADB자체 지원만으로는 민간부문지원에 한계가 있다는 점을 인식하고 역내 개도국의 민간부문에 대한 지원을 전담할 기구로서 아시아금융투자공사를 1989년 9월에 설립하였다. 역내외 9개국의 25개 민간금융기관과 공동 출자하였다. AFIC은 세계은행 산하의 국제금융공사(IFC)에 상응하나 IFC와는 달리 ADB와는 별도기구로서 싱가폴 회사법에 의해 설립된 유한회사형태의 Merchant Bank이며 납입자본금 115.5백만 달러중 약 30%를 ADB가 출자하고 나머지는 민간금융기관이 공동으로 출자하고 있는데 그 본부는 마닐라에 있다. 역내 개도국의 민간기업과 금융기관에 대한 융자 및 보증주식투자 수입금융, 리스 등의 금융서비스 제공을 통해 ADB의 민간부문활동을 보완지원하고 있다.   "
187,,Absorptive Capacity,흡수능력,"선진국으로부터 받은 공공의 자금지원을 효율적으로 사용할 수 있는 능력을 말한다. 일반적으로 개도국의 개발애로는 흡수능력의 부족으로 귀결된다. 흡수능력의 부족은 교육된 인력, 기술, 행정능률, 근대화된 사회규범, 사회간접자본 등의 미비에서 온다.   "
188,,Effectiveness,효과성,"당초 계획된 프로젝트사업의 달성목표, 혹은 사업실시 도중에 개정된 달성목표에 비추어 실현된 구체적 결과를 검토하고 또한 그 결과를 초래한 제 요인 및 조건에 관해 분석하는 평가항목이다.   "
189,,Point Four Program,포인트 4계획,"저개발국에게 기술지원과 경제원조를 제공하기 위해 마련된 미국의 정책이다. 1949년 트루먼(H.S. Truman)이 대통령 취임식 연설에서 이 계획을 4번째 정책사안으로 발표하여 포인트 포 계획이라고 명명되었다. 1950년 첫번째 정부지출금이 이 계획을 위해 조성되었다. 처음에는 국무부의 특별기구가 이 계획을 담당했으나, 1953년 이 계획은 다른 외국원조계획들과 통합되었다. 계획의 구성단계에서는 저개발국에게 제공될 명확한 원조형태가 구체화되지 않았다. 그러나 곧 원조는 농업·공중위생·교육 부문에 대한 기술적 지원을 중심으로 이루어질 것이 결정되었다. 수지를 고려하여 사기업들은 공공구조물과 산업에 필요한 자원을 공급하기로 했다. 몇몇 기술적 지원은 유엔의 전문기구들을 통해 공급되었지만, 대부분의 원조는 처음부터 미국이 전담했다. 종종 미국의 기업과 교육기관들이 쌍방계약에 의해 원조를 제공하기도 했다. 궁극적으로 몇 개의 새로운 국가적·국제적 기구들이 여러 분야의 발전을 촉진시키기 위해 창설되었는데, 저개발국에서 사기업들의 투자자본의 평등성을 확보하기 위한 국제금융공사(IFC, 1956), 장기간의 신용을 위한 개발차관기금(DLF, 1957), 특정지역에 차관을 제공하기 위한 미주개발은행(IDB, 1961) 등이 이에 해당한다. 또한 미국수출입은행(EXIMBANK), 세계은행(IBRD), 국제통화기금(IMF)과 같은 기존 기구들의 자본을 확대시키기 위해 노력했다.   "
190,,Peace Corps,평화봉사단,"미국 케네디(J. F. Kennedy) 대통령의 뉴 프론티어 정책에 의해 1961년 제정된 평화봉사단법에 따라 창설된 미국정부의 자원봉사자 기관(1971∼1982년에는 ACTION이라고 불린 독립기관의 하부기관이었음)이다. 이 기관은 개도국에 교육, 농업, 보건, 무역, 기술, 지역사회개발 분야의 전문인력을 보내 그들의 노력을 지원하는데 목적이 있다. 자원 평화봉사단원은 그들의 기술·교육·경험에 따라 특정 분야를 맡는다. 일단 외국에 가면 자원봉사자는 2년 동안 그 나라에서 좋은 이웃으로 지내며, 그 나라의 언어로 이야기하고 그곳 국민들의 생활과 비슷한 수준으로 살아야 한다. 평화봉사단은 1961년 16개국 900명의 자원봉사자에서 출발해 1966년 52개국 1만명이 넘는 자원봉사자로 그 규모가 늘어났으나, 1980년대초 많은 국가내에서 봉사단 파견의 필요성이 없어짐에 따라 63개국 6,000명으로 줄어들었다. 1970년대 평화봉사단은 전문인력을 모집하는데 보다 중점을 두기 시작했으며, 이는 봉사자의 가족들도 함께 받아들인다는 새로운 정책으로 더욱 촉진되었다. 또한 상대 국가와 긴밀히 협의해 프로그램을 짜도록 노력했다. 프랑스·독일·영국 등 몇몇 유럽 국가들도 평화봉사단과 비슷한 해외 자원봉사활동을 하고 있다. 이런 봉사활동은 반드시 공공기금만으로 이루어지는 것은아니며, 대체로 1∼2년 동안 각종 개발사업에 참여하는 젊은이들의 자원봉사로 이루어지고 있다.   "
191,,Evaluation Grid,평가그리드,사후평가조사표의 평가항목에 따른 작업표로서 현지 컨설턴트 등에 작업지시를 용이하게 하기 위해 조사사항 및 조사대상자를 일람표로 만든 것이다.   
192,,Pipeline,파이프라인,"원조공여를 약속한(commit) 차관액중 지불(disburse) 되지 않은 부분을 말한다. 일반적으로는 차관협정(L/A)이 체결되어 있는 것에 대한 미지불 부분을 파이프라인이라 말한다. 통상, 경제협력의 대상이 되는 기간시설(infrastruc- ture)관련 프로젝트는 4∼5년이 소요되는 경우가 많고, 또한 차관은 프로젝트의 실제 추진실적에 따라 지불되므로 일정한 규모의 파이프라인이 생기는 것이 보통이다.   "
193,,Impact,파급영향,"프로젝트 실시에 의한 개발효과를 ±효과에 관해 분석하고 그 효과 및 범위, 수혜자 범위에 관해 분석하는 평가항목으로 특히 사후평가 단계에서 중요한 의미를 갖는다.   "
194,,Tinbergen Report,틴베르겐 보고서,"유엔 경제사회이사회(ECOSOC)의 하부기구인 개발계획위원회가 1970년 1월에 제시한 1970년대 개발전략에 관한 보고서이다. 이에 앞서 1967년에 유엔총회 및 ECOSOC는 개도국의 개발전략의 책정을 제1회 노벨 경제학상 수상자인 네덜란드의 경제학자 J. 틴베르겐(Tinbergen, Jan)이 위원장으로 있는 개발계획위원회에 위촉하였다. 이에 따라 이 위원회는 《제2차 유엔개발의 10년을 위한 지침과 제안: Preparation of Guidelines and Pro posals for the Second United Nations Development Decade by Committee for Development Planning》(1970)이라는 제명의 보고를 하였는데, 이것이 ""틴베르겐보고서""이다. 이 보고의 배경에는, 1960년대에는 유엔무역개발회의(UNCTAD)를 중심으로 개도국에 대한 원조와 개발의 필요성이 강조되었으나 1970년대에는 유엔의 ""제2차 유엔개발의 10년""이라는 말에서도 알 수 있듯이, 이 같은 문제를 보다 구체화하기 위한 방책이 추구되었다. 1969년에 발표된 ""피어슨보고서(Pearson Report)""가 원조의 문제를 중심으로 하는 데 비하여 틴베르겐 보고는 개발을 문제의 중심으로 한 것이 특징이다. 구체적 내용은 ①1972년까지 선진국은 원조를 GNP의 1%, 그 중 정부원조를 0.75%까지 높이며, ②구속원조(조건부차관)의 폐지, ③선진국에 의한 개도국 산품의 수입자유화, ④1970년대 개도국의 성장목표를 GNP 성장률 6∼7%, 인구증가율 2.5%, 1인당 GNP 성장률 3.5∼4.5%에 두고, ⑤개도국의 토지제도 ·교육제도 등의 근대화, ⑥개발자금을 SDR 등의 국제유동성에 연계시키는 것 등이다. 기본적 구상은 다음과 같다. 첫째는 세계공동체의 이념을 제창한 것(이는 ""피어슨보고서""와 방법을 같이 함), 둘째는 프레비시보고서(Prebish Report) 의 유치산업 보호론에서 벗어나 합리적인 국제분업제도를 주장한 일, 셋째는 단순한 개도국의 생산능력의 확대가 아닌 이들 국가의 사회경제구조 변혁의 필요성을 주장함과 동시에, 개도국 자체의 노력의 필요성을 강조하는 것이다.   "
195,,Fourth World,제4세계,"개도국 중에서도 하위그룹에 속하며 석유와 같은 유력한 자원을 갖지 못한 국가군을 말한다. 일반적으로는 선진자본주의 제국을 제1세계, 소련·동구라파 등의 사회주의제국을 제2세계, 개도국을 제3세계라고 일컫는다. 그러나 미·소의 초대국을 제1세계, 유럽·일본 등을 제2세계로 보는 나라도 있어 제1세계에서 제2세계까지의 정의는 명확하지 않으며 또 공통적이라고 볼 수는 없으나 제3세계 중에서도 자원국과 비자원국간의 경제격차는 점차 확대되고 있다. 1974년 2월의 회교국정상회의와 1974년 3월의 비동맹국회의 등 제3세계의 국제회의에서도 이 문제가 표명되었지만 석유위기에 대처하기 위해 개최된 4월의 유엔자원특별총회 이후 비자원 개도국을 가리켜 특히 제4세계라는 단어가 사용되게 되었다. 이것은 자원위기의 영향이 같은 석유소비국 중에서도 선진국보다 경제구조가 약한 개도국에서 심각하게 나타난 까닭에 제4세계가 최빈국(LLDC)과 같다는 설도 있다.   "
196,,Third World,제3세계,"일반적으로 제2차 세계대전 이후 미·소 어느 진영에도 가담하지 않고 비동맹노선을 취했던 개도국들의 총칭. 1950년대 초에 프랑스의 인구학자 A. 소뷔가 당시 인도차이나에서 격화되던 민족해방전쟁을 프랑스 혁명의 제3신분의 대두에 비유해 제3세계(Le Tiers Monde)의 대두라고 평했는데 이후로 제3세계라는 말이 널리 통용되게 되었다. 제3세계를 규정하는 기준은 정치적으로는 제2차 세계대전 이전에 식민지배를 경험하고 종전 후에는 냉전체제의 동·서 어느 진영에도 가담하지 않은 국가들이 이에 해당되고, 경제발전 과정으로는 구미 자본주의와 일본이 속하는 제1세계, 그리고 소련과 그 영향권하의 동유럽 제국이 포함된 제2세계로부터 자본·기술·이데올로기 등을 도입한 개도국들을 가리킨다. 1970년대 초에는 중국이 3개 세계론을 전개했는데 미국·소련 같은 초강대국이 제1세계, 서유럽과 일본이 제1세계로부터 수모받는 제2세계, 제1·2세계로부터 지배당해 온 개도국들이 제3세계가 된다. 제3세계는 제2차 세계대전 이후부터 1960년대까지는 비동맹운동, 개도국들의 그룹화 등을 통해 미·소 지배의 세계질서에 대항해왔으며 국제사회의 여론형성에 상당한 영향력을 행사했다. 또 1970년대에는 선진국들에 대한 경제적 종속에서 탈피하기 위해 남남협력을 추구하고 서로의 유대를 강화했는데,경제발전이 진행되면서 제3세계 국가들 내부에서 빈부의 격차가 드러나자 그 결속력이 점차 쇠퇴해 갔다. 제3세계는 원래 냉전이라는 특수한 국제정치 환경에서 출현했기 때문에 90년대 초의 공산제국의 붕괴 이후 그 의미를 잃어가고 있다.   "
197,,Policy Coherence,정책일관성,"정책일관성은 1996년 OECD의 DAC 고위급회의에서 채택된 ""21세기 전략""의 4개 핵심분야중 하나로서 동 개념은 공여국이 수립하는 대개도국 정책중 대외원조정책과 무역, 외교, 안보, 환경 등과 같은 다른 정책과의 일관성을 의미한다. 이는 공여국내 대개도국 정책을 수립하는 정부부처간의 의견조정과 협력을 요구하고 있으며, 지금까지 잘 이루어지지 않고 있는 분야이기도 하다. OECD의 DAC는 2000년 5월에 개최된 고위급회의에서 빈곤완화관련 정책기조(policy statement)를 채택하였으며, 여기에서도 정책일관성을 강조하고 있다. 또한 DAC는 공여국의 정책일관성을 고양하기 위해 정책일관성 관련 체크리스트를 만들어 이를 회원국에게 적용코자 노력하고 있다.   "
198,ICT)과 ODA,Information and Com-munication Technology :,정보통신기술,"정보기술(information techno- logy: IT)란 협의로는 하드웨어, 소프트웨어를 포함한 컴퓨터이용 기술이다. 현재 아날로그 컴퓨터도 소수의 연구분야에서 활용되고 있으나 광범위하게 활용되고 있는 것은 디지털 방식의 컴퓨터로서, IT란 디지털기술로 정의될 수 있다. 디지털 기술은 컴퓨터, 통신, 방송, 가전, 게임, CD- ROM 출판 등 각종 분야에서 활용되고 있으며, ICT는 이 모든 분야를 포함한다. ODA와 관련해서는 가전과 영상산업, 게임 등은 국내산업에 영향을 미칠 우려가 있고 ODA분야로서 적정한지 등의 문제가 있어 ICT대상분야에서 제외한다. 다만 CD-ROM 출판은 선발개도국에서는 이미 활용중이며, 원격교육시 교재로서 활용할 필요성이 있고 대규모적인 인재양성에 필요하므로 원조 대상분야로서 검토가 필요하다. 정보기술과 전기통신기술 결합의 구체적인 모습인 컴퓨터네트웍은 기업, 행정기관, 연구소, 대학에서 활용되어 왔는데 이러한 네트웍이 글로벌화된 것은 TCP/IP 프로토콜과 전기통신망을 이용하여 개개의 컴퓨터네트웍을 접속하는 인터넷 출현에 힘은 바 크다. 따라서 IT는 사실상 컴퓨터 네트웍과 전기통신망의 이용을 기반으로 한 인터넷 이용기술로 생각할 수 있다. 아울러 ICT는 농업, 공업, 운수, 건설, 경제, 보건의료, 행정, 교육 등 모든 산업과 서비스 분야에서 활용될 수 있으므로 ICT와 ODA 문제를 검토하기 위해서는 원조활동의 모든 분야를 대상으로 검토할 필요가 있다.   "
199,,Information Literacy,정보소양,"정보소양이란 컴퓨터나 인터넷 등을 이용하여 정보를 수집하거나 선택하거나 활용하는 능력을 말한다. 매체소양(media literacy)이라고도 한다. 이와 비슷한 개념으로 컴퓨터를 사용할 줄 알고, 컴퓨터를 이해하고 활용할 수 있는 능력을 컴퓨터 소양(computer literacy)이라고 한다. 컴퓨터의 보급확산에 따라 정보량이 폭발적으로 늘어나고, 그로 인해 정확하게 정보를 처리하는 능력이 매우 중요시되고 있다. 고도의 정보화 시대에서는 컴퓨터를 이해하고 활용하는 능력이 글을 쓰고 읽는 능력과 마찬가지로 필수적인 소양이 된다는 뜻이다. 컴퓨터 소양이 없이는 정보를 탐색하거나 획득할 수 없고 정보의 처리나 편집, 표현 또는 교환 등을 적절하게 할 수 없기 때문에 정보소양과 컴퓨터 소양이라는 말을 혼용해서 사용하기도 한다. 각국에서는 초등학교에서 대학교까지의 교육기관을 위시하여 기업 등에서도 컴퓨터소양교육에 역점을 두고 있다.   "
200,,Policy Dialogue,정책대화,"개발원조에서 정책대화란 원조공여국과 수원국간 정부차원의 원조내용이나 수원국의 경제·사회정책 등에 관해 폭넓게 의견을 교환하고 수렴하는 과정을 말한다. 이는 향후 중장기적인 원조방침, 수원국의 개발수요나 중점섹터·분야 등에 관한 쌍방의 이해를 증진시킴으로써 협력사업 선정이나 실시에 반영하기 위한 것이다. 최근에는 개발원조시 공여국과 수원국의 파트너쉽이 강조되고 있어 그 수단으로 정책대화의 중요성이 더욱 증가되고 있다.   "
201,IT,Information Technology,정보기술,"IT란 컴퓨터 하드웨어, 소프트웨어, 통신장비 관련 서비스와 부품을 생산하는 산업을 통칭한다. IT분야는 정보통신, 정보처리, 정보보안, 표준화 등 모든 정보영역을 대상으로 하고 있다. 미국경제에서 정보기술산업이 차지하는 비중은 꾸준히 커지고 있다. 1993년 6%에서 1999년에는 8%로 상승했다. 이 중에서도 소프트웨어 업체들은 1993년 이후 6년 동안 연평균 10% 이상씩 성장해왔다. 하드웨어 업체들은 1995년까지 수년동안 연 14%의 평균 성장률을 보였다. 이후 성장률이 떨어지긴 했어도 9%대로 다른 산업과는 비교가 되지 않는다. 인터넷 등 통신서비스 산업은 연 5%의 매출증대를 보이고 있다.   "
202,,Digital Divide,정보격차,"정보격차란 계층간, 지역간, 성별간, 국가간 지식과 정보에 대한 접근이 불평등하게 이루어짐에 따라 격차가 벌어지는 것을 말한다. 정보화 시대에 가장 중요한 생산요소인 정보에 대한 접근과 이용의 격차는 소득격차를 심화할 우려가 있어 정보격차는 새로운 사회문제이자 국제적 이슈로 등장하고 있다. 따라서 정보격차문제를 정확히 진단하고 해소하기 위해 OECD, 유엔 등과 같은 국제기구, APEC, ASEM 등 지역협력기구 등에서 광범위하게 논의가 진행되고 있다. 특히 2000년 G-8 오키나와 정상회담에서는 ""경쟁력재고, 생산성 향상, 지속적 성장을 부양할 수 있는 정보기술의 잠재적 혜택이 사회의 모든 계층에게 돌아가야 한다""는 점에 인식을 같이하고 ""IT(information technology) 헌장""을 채택한 바 있다. 우리나라는 국가정보화 기본계획인 ""Cyber Korea 21""(1999)을 발표하고 정보격차로 인해 소득격차가 심화되지 않도록 소외계층의 정보이용 증대에 노력하고 있다. 특히 김대중 대통령은 국내뿐만 아니라 APEC 정상회의(1999.9), 제 3차 ASEM정상회의(2000.10), ASEAN +3/1 정상회의(2000.11) 등 국제사회에서도 개도국의 정보격차 해소지원의 필요성과 우리나라의 협력의지를 수차례 표명한 바 있다.   "
203,,Absolute Poverty,절대빈곤,"인간으로서 기초적인 생활을 영위할 수 없는 상태를 말한다. 절대적 빈곤은 영양부족, 질병, 단명, 높은 유아사망률, 문맹률 등으로 상징되지만 명확한 기준은 없고, 통상 연간 1인당 소비액으로 빈곤라인(poverty line)을 결정한다. 1972년 세계은행 총회 연설 중에 맥나마라 총재는 절대적 빈곤에 대해 언급하고 적극적인 빈곤퇴치계획을 제창했다. 이와 관련하여 세계은행은 1990년 세계개발보고서에서 1985년의 구매력평가달러를 기준으로 1인당 370달러 이하를 빈곤(poor), 275달러이하를 극빈(extremely poor)으로 분류하고 있다. 이 분류에 의하면, 동년 세계의 빈곤자수는 11억명, 그 중 극빈자는 6억 3천만명에 이른다.   "
204,,Strategic Aid,전략적 원조,"1970년대 2회에 걸친 석유 위기후 경기후퇴가 계속되었던 선진국에서는 재정상황 악화에 따라 원조정책을 재고하게 되었다. 특히 미국에서는 1981년 1월 레이건 정권이 출범한 이후 세계적·인도적인 원조정책에서 대폭적으로 전환하여 자국의 안정보장상 중요한 국가, 지역원조를 중점적으로 실시하는 전략적 원조정책을 취하고 있다. 이러한 원조의 특징은 대내외 상황에 맞추어 신축성 있게 정책전환이 가능한 반면 수원국의 이익보다 자국의 국익이 우선되는 경향을 보인다는 것이다. 구체적으로는 미국이 자국의 인접국인 카리브연안 제국을 중점적으로 원조한다는 취지 하에 표명한 바 있는 카리브해 구상을 들 수 있다.   "
205,,Self-help Effect,자조노력,"개도국의 원활하고 지속가능한 경제사회개발을 위해서는 선진국 및 국제기관에 의한 협력이 중요함은 물론 개도국 자신이 가능한 한 개발노력을 하는 것도 중요하다는 발상이다. 구체적인 자조노력의 형태로는 적절한 제정금융정책의 수행, 개발계획의 책정과 실시, 법제도 및 행정조직 제도면의 개선 등을 들 수 있다. 최근에는 선진국 및 국제기관의 원조공여 조건으로서 개도국의 자조 노력을 요구하는 목소리가 높아지고 있다.   "
206,,Capital Cooperation,자본협력,"개도국이 경제사회 개발을 행하려고 해도 투자자금 부족으로 실행할 수 없는 경우 선진국이 그 자금을 원조하는 것이다. 자금의 공여에는 정부베이스에서 무상협력(증여)과 유상협력(수원국이 상환을 요구하는 차관)이 있고, 민간베이스에서는 수출신용 및 해외투자 등이 있다.   "
207,,1% Aid,1％ 원조,선진국이 개도국에 대한 원조액을 매년 국민총생산(GNP)의 1％에 접근시키려 하는 것으로 1968년 제2차 유엔무역개발회의(UNCTAD)에서 결의되었다. 그러나 여기서 말하는 원조에는 민간투자도 포함되어 있는 것으로서 최근에는 그 보다도 공적개발원조(ODA)의 GNP비율(0.7％ 목표)이 더 중요시되고 있다.   
208,GSP,Generalized Sys- tem of Preference,일반특혜관세제도,"선진국이 개도국으로부터 수입하는 농수산품, 완제품 및 반제품에 대하여 일반적·무차별적·비상호주의적으로 관세를 철폐 또는 세율을 인하해 주는 제도이다. 여기서 일반적이라 함은 기존특혜가 수개 국가에 국한된 데 비하여, 일반특혜관세제도는 범세계적인 것임을 의미하며, 무차별적이란 지역통합·자유무역지역 및 관세동맹에 나타나는 역외국가에 대한 차별을 배제한다는 것으로, 일반특혜관세제도를 실시하는 국가가 그 수혜국에게 관세 또는 무역상의 대상을 요구하지 않는다는 것을 의미한다. 특혜관세의 편익은 ①경제가 개발도상 단계에 있는 국가로서, ②특혜의 편익을 받기를 희망하는 국가 중에서, ③공여국이 적당하다고 인정하는 국가에 대해서 공여된다. 일반특혜의 적용형태로는 실링방식과 이스케이프클로즈방식의 2종류가 있다. 실링방식은 개도국으로부터의 수입에 대하여 품목마다 일정 한도액의 수입범위를 정하고, 그 범위 내의 수입에 한하여 특혜관세를 적용하는 방식으로, 유럽경제공동체(EEC)·오스트리아·일본 등이 광공업산품에 대해 채택하고 있다. 이스케이프클로즈방식이란 특혜관세의 적용에 있어서 미리 한도액을 설정하지 않고 무제한으로 특혜공여를 인정하지만, 수입증가로 인하여 자국 산업에 손해를 주거나 또는 손해를 끼칠 우려가 있는 경우에는 특혜관세의 적용을 중지하는 등의 세이프가드(safeguard)를 취하는 방식으로, 미국·영국·북유럽제국 등의 선진국이 채택하고 있다. 일반특혜관세제도는 1963년 GATT 각료회의에서 최초로 논의되기 시작한 이래, 1970년 제4차 특혜특별위원회에서 일반특혜관세에 관한 최종결론을 얻어 제4차 특별이사회(TOB)를 통과함으로써 구체적 실시에 관한 최종적인 합의에 이른다. 이 제도를 실시하고 있는 나라는 EC 9개국, 북유럽 3개국, 미국·일본·오스트리아 등 25개국이며, 특혜대상품목은 CCCN 25∼99류에 있는 제품 및 반제품이다. 미국의 경우 수혜대상국은 OPEC 회원국 및 기타 자원수급 제한국가, 무차별대우를 받지 못하는 공산국가, GATT 또는 IMF 회원국이 아닌 국가, 선진국에 대하여 역특혜를 실시하는 국가 등을 제외한 개도국 및 속령이 이에 해당되며, 수혜대상품목은 점점 줄어들고 있다. 1974년 통상법(Trade Act of 1974)에는 수입 민감 품목에 해당되는 경우 수혜대상품목에서 제외할 수 있다고 규정하고 있어서, 미국에 큰 영향을 미치고 있으며, 개도국의 주요 수출품목을 GSP 대상에서 제외하고 있다.   "
209,HRD,Human Resources De- velopment,인적자원개발,"개도국의 개발담당자가 될 인재육성을 원조를 통해 지원하는 것을 말한다. 1979년 마닐라에서 개최된 유엔무역개발회의(UNC TAD) 총회에서 개도국의 인재양성을 강조, 이에 대한 협력이 표명되었다. 우리나라는 우수한 인적자원이 경제발전의 기초가 된 만큼, 원조분야에서도 HRD 지원을 비교우위 분야로 삼고 있다. 유엔이나 국제기구, 양자 원조기관이 실시하고 있는 보건, 교육, 식음료와 위생 등 개발지원사업을 시행함에 있어, 수원국 지역특성에 맞는 개발계획의 수립과 지속적 발전가능성을 확보하기 위해서는 수원국의 인적자원 개발이 특히 중요하다. 이 같은 개발지원사업은 크게, ①물자에 의한 지원(service delivery), ②인재개발육성과 능력배양(capacity building), ③수혜자, 지역주민 스스로에 의한 문제해결능력 강화지원(empowerment)등 3 분야로 이루어져 있으며 인적자원개발은 ②, ③, 특히 ②에 해당되는 활동을 말한다. 구체적으로는 개도국내 각 개발사업 담당자가 ①소관사업에 관한 문제상황, 지역주민의 needs파악(assessment), ②문제구조의 분석(analysis), ③사업계획서 작성, ④사업의 실시(action)와 감독, ⑤사업평가 등 능력향상을 위해 실시하는 교육, 훈련을 의미하며 인적자원개발은 개도국내 사업현장에서 이루어지거나(on the job training), 연수생초청 또는 제 3국 단기파견, 유학 등을 통해 이루어진다.   "
210,,Humanitarian Aid,인도적 원조,"정책적인 이해관계를 떠나 인도적 견지에서 하는 원조이다. 특히 세계각지의 지역분쟁, 내전, 국내 정정불안에 의해 발생되는 난민, 피난민 및 분쟁희생자를 대상으로 하는 원조가 대표적이다. 인도적 원조는 동시에 관련지역의 평화와 안정에도 밑거름이 된다. 또한 인간기본욕구충족(BHN)에 기초한 원조를 포함하는 경우도 있다.   "
211,,Population Problem,인구문제,"세계인구는 1800년에서 1960년까지 160년간 약 20억이 증가했는데 1960년에서 70년 사이 약 15년 동안에만 10억의 인구가 증가하였다. 그 다음 13년간에도 10억이 증가하여, 10억 단위로 늘어나는 기간도 단축되고 있는 경향이다. 최근의 인구증가동향은 인구증가를 경제사회적 발전의 성과로 보는 인구전환론으로 설명되는데, 인구전환론(demographic transition)은 인구동향을 4단계로 구분한다. 제 1단계: 출산율과 사망률이 모두 높은 단계. 제 2단계: 사망률이 급락하지만, 출생률은 높은 상태. 제 3단계: 사망률의 하락속도는 점차 둔화되나 사망률의 하락과 함께 출생율도 낮아짐. 제 4단계: 출생률과 사망률이 모두 낮은 안정상태. 제 2∼3단계는 출생률과 사망률의 차가 크기 때문에 자연인구 증가율(이민제외)이 매우 높다. 일반적으로 서구 제국과 일본은 인구전환이 끝난 단계에 있으며 많은 개도국은 제 2∼3단계에 있다. 결론적으로 개도국은 인구가 폭발적으로 계속해서 증가하고 있다. 급격한 인구증가(인구문제)는 식량공급이 이를 따라가지 못함으로서 세계적으로 식량위기를 부추 키고 있다. 또한 농산물 증산을 위한 대량의 비료와 살충제를 이용한 농업재배는 토지를 황폐화시키는 등 환경파괴를 초래하고 있다. 개도국의 인구급증이 문제가 되는 한편 선진국에서는 인구전환의 제 4단계후 인구정지 상황(한쌍의 부부가 2.1명의 아이를 출산, 인구증가가 없는 상황으로 인구의 자연증가율이 0인 상태)이 현실화되고 있으며 일본, 프랑스 등은 한 쌍의 부부가 2.1명 이하의 신생아를 출산, 인구감소로 인한 인구구조의 왜곡이 문제가 되고 있다.   "
212,,Consortium,컨소시엄," 여러 나라들이 어떤 한 나라에 차관을 제공하고자 국제적 협의하에 형성하는 국제차관단으로 저개발국을 원조하는 ""채권국 회의""라고도 한다. 특정한 원조 수혜국을 대상으로 원조 효율을 높이기 위해 채권국 및 국제기관이 대상국의 경제, 금융정세, 원조계획 등을 협의하는 회의로서 채권확보에 대한 관점에서부터 채무구제에 이르기까지를 협의한다. 1958년 세계은행 주최로 인도에 대해 열린 것이 최초이며, 그 외에 경제협력개발기구(OECD)가 주최한 것 등이 있다. 최근에는 인도와 파키스탄에 대한 채권국 회의가 세계은행 주최로, 튀르키예에 대해서는 OECD 주최로 열린 적이 있으며, 네덜란드가 주최한 인도네시아에 대한 채권국 회의는 1992년 해체되었다. 채권국 회의와 비슷한 취지로 설립된 협의그룹(consultative group), 원조그룹(aid group)등이 있는데 실질적으로는 현재 채권국 회의와 거의 차이가 없다.   "
213,MFN,Most-Favoured-Nation Treatment,최혜국대우,"한 나라가 협정을 통하여 한 품목에 대한 최고의 혜택을 부여했을 경우, 그 혜택이 다른 교역 대상국들에게도 적용된다는 원칙이다. MFN의 가장 근본적인 개념은 대우의 평등성이다. MFN은 내국민대우(national treatment)와 함께 무차별주의를 구성하고 있다. WTO체제 하에서 MFN은 약속된 일반적인 의무로 어떠한 국가에게 부여된 여하한 양허도 즉시 다른 국가들에게도 적용이 되어야 한다. 이런 사항은 WTO가 관여하는 일부 협정에도 명시되어 있다. 예를 들면 통관규제, 관세 및 관련 부과세 등과 관련하여 모든 GATT 체결국들은 서로에게 동등하게 적용하여야 한다. 그러나 다음과 같은 예외도 있다. ①자유무역지대(free trade area) 및 관세동맹(customs)의 협정국이 되는 등 특정한 조건을 충족시키기는 WTO회원국들은 이로 인한 특혜무역협정을 비회원국에게 똑같이 적용시킬 의무는 없다. ②개도국들은 그들의 수출품에 대해 특혜를 주는 일반특혜관세제도를 유지할 수 있다. ③일부 국가를 우대해 둘 수 있도록 법적인 토대를 마련하기 위한 면책을 신청할 수 있다. ④비적용 제도가 있어 기존의 WTO 회원국이 새로 가입하는 회원국에 대해 협정의 혜택을 거부할 수 도 있다. 서비스 무역에 관한 일반협정은 이러한 지속적인 MFN 예외를 철폐하는 것을허락하고 있다.   "
214,,United Nations Co- nference on the LLDC,최빈국유엔회의,"최빈국(LLDC)지원을 위한 회의로서 1981년 9월 파리에서 최초로 개최되었다. 139개국과 70개이상의 국제기관이 참석, 최빈국이 빈곤에서 벗어나 자립·성장을 실현할 수 있도록 무역, 일차상품, 식량, 농업, 에너지 등 여러 분야에서의 국제협력 방향을 규정한 ""LLDC를 위한 1980년대 신 행동계획""이 채택되었다. 제2차 회의는 1990년 9월 파리에서 개최되어 유엔회원국 147개국과 50개 이상의 관련국제기관, 60개 이상의 NGO가 참석, 본회의에서 ""90년대 LLDC 개발촉진을 위한 정책""이 채택되었다. 이중 ""LLDC에 대한 원조목표""에 대해서는 원조국의 지역배분과 실적을 고려하여 ①LLDC에 대한 GNP/ODA비가 0.2% 이상인 국가는 계속해서 노력 ②GNP/ODA비가 0.15%인 국가는 서기 2000년까지 0.2% 수준으로 상향 ③GNP/ODA비 0.15%를 이미 공약한 국가는 5년 동안 동 목표 달성 ④ ①∼③이외의 나라는 LLDC에 대한 ODA를 실질적으로 증가시키기 위해 최선을 다해야 함 등 4개 범주를 결정했다.   "
215,,Debt Swap,채무스와프,"개도국의 채무부담을 경감하기 위하여 외국민간은행이 개도국의 채권을 할인하여 개도국측이 발행한 다른 채무와 맞교환(스와프)하는 것을 말한다. 채권 내용을 건전화하기 위하여 1980년대 후반에 고안하였다. 채무를 다른 채무로 교환하는 것을 채무전환(debt con- version)이라고도 한다. 차입채무를 채권과 교환하는 경우 Debt Fund Swap라고 하고, 차입채무를 주식으로 교환하는 경우는 Debt Equity Swap라 한다. 또한 자연보호를 위하여 채무를 교환하는 것을 환경 스와프라고 부른다.   "
216,,Participatory Evalua- tion,참여적 평가,"공급업자, 파트너, 수혜자 등 해당사업과 관련된 사람들이 평가과정에 적극적으로 참여하여 평가의 모든 단계, 즉 기획과 설계, 자료수집 및 분석, 평가결과물 확인, 결론, 제언, 결과배포, 사업성과 향상을 위한 실행계획 준비의 모든 단계에 참여하여 평가를 하는 것을 말한다.   "
217,,Participatory Develop- ment,참여적 개발,"참여적 개발은 수원국 현지주민이 자신들의 개발과정에 자발적이고 광범위한 참여를 통하여 개발이 이루어지도록 하는 일종의 개발분권화 전략으로서 절대빈곤층을 포함, 재산, 교육, 인종, 성 등의 차원에서 불이익에 처한 광범위한 주민 및 지역사회가 자신들에게 직접 영향을 미칠 수 있는 개발 프로젝트의 설계, 집행, 평가 등의 제반과정에 적극적으로 관여하는 것이라 할 수 있다. 다만 여기서 참여의 의미는 단순히 특정 개발프로젝트나 프로그램에 일부분 관여하는 것이 아니라, ①의사결정에의 참여, ②집행에의 참여, ③개발이익에의 참여, ④평가에의 참여 등 경제·사회·정치적 관점에서 개인의 이니셔티브를 충분히 활용한 권한강화(empowerment)를 통하여 개발프로젝트의 실효성 제고와 개발이익 분배의 형평성 등 궁극적으로 사회정의 실현을 추구하는 전략인 것이다. 또한 전통적인 상의하달(top-down) 개발전략의 상대개념으로서 민주화 확대 및 인권존중, 지방조직체 및 자치정부의 역할증대, 여성의 정치·경제적 의사결정에의 적극적 참여 등을 포함함으로써 개인의 창의 및 민간기업, 시장경제제도의 역할강화 등 민간부문 투자에 유리한 정책 및 환경조성에 있어서 개도국 정부의 역할이 중시되고 있다. 따라서 참여적 개발은 수혜자참여(beneficiary participation)라는 개발프로젝트와 직결된 협의의 개념으로부터 올바른 통치, 민주화, 인권존중 등을 포괄하는 광의의 개념까지 매우 다양하다고 할 수 있다.   "
218,SDR,Special Drawing Rights,특별인출권,"IMF 가맹국이 국제수지가 악화되었을 때 SDR을 인도함으로써 외화를 풍부하게 보유하고 있는 다른 가맹국으로부터 외화를 인출할 수 있는 특별인출권을 말한다. 그 대신에 외화준비가 풍부한 나라는 SDR을 인수하고 외화를 제공하는 의무를 진다. SDR의 발행총액은 가맹국의 합의로 결정되며 출자액에 따라 각국에 배분된다. 각국은 국제수지가 악화됐을 때 배분액의 범위 내에서 타가맹국으로부터 외화를 인출할 수 있다. 또 SDR의 가치는 16개 통화와 결부된 표준 바스킷 방식으로 정해왔으나 1981년부터는 미국·영국·서독·프랑스 ·일본의 5개국 통화로 개정되었다. SDR제도를 IMF 협정에 포함시키기 위한 제1차 개정은 1969년 7월에 발효됐고, 배분은 1970∼1972년까지 계속되었는데 배분합계액은 93억 SDR이었다. 1973년 이후의 창출은 없었으나 1979년부터 3년 간에 걸쳐서 합계 120억 SDR의 재배분이 있었다. 그 후의 배분에 있어서는 미국 등이 세계적 인플레이션을 조장할 우려가 있다는 등의 이유로 반대하고 있기 때문에 정지되고 있다.   "
219,,Export by Turnkey System,턴키방식수출,"열쇠(key)를 돌리면(turn) 모든 설비가 가동되는 상태 하에서 인도하는 플랜트(plant) 수출의 계약방식으로서 개도국으로 하는 수출은 대개가 이 방식에 의한다. 즉, 먼저 플랜트 수출의 기술적 가능성과 기업화의 가능성을 검토하기 위해 타당성(feasibility) 조사를 시작으로 국제입찰·계약성립, 기기의 제작, 조달, 현지 토목공사, 건설, 기계의 설치, 시운전, 요원훈련 및 조업지도까지의 일체를 포함하며, 다만 남은 일은 열쇠를 돌리기만 하면 생산이 이루어지는 상태 하에서 인도되는 방식의 수출을 말한다.   "
220,,Tied Loan,타이드 론,"조건부 융자, 즉 자금을 빌려주는 측이 미리 용도를 지정하고 또 그 운용을 감독하는 형식의 차관이다. 수출업자가 수입업자에게 신용을 공여하고 그 자금지불을 일정기간 연장해 주는 연불수출은 그 전형적인 예이다.   "
221,F/S,Feasibility Study,타당성조사,"F/S조사는 광의로는 사전실행여부조사와 실행여부조사로 나누고, 이것은 조사의 대상범위와 정도에 따라 나누고 있다. 실시여부조사는 프로젝트의 가능성, 타당성, 투자효과에 대한 조사로 일반적으로 프로젝트가 사회적, 기술적, 경제적, 재무적 측면에서 실시가능한지를 객관적으로 증명하려는 것이다. 예비조사에 가까운 것에서부터 공사실시에 근접한 것까지 그 수준이 다양하다. 일반적으로는 경제적 평가, 해석에 중점이 두어진다. 개발원조사업중 개도국에 대해서는 개발조사사업으로 실시되는 사례가 많다. 또한 최종 결과보고서는 수원국이 프로젝트를 실천할 수 있는가에 대한 정부 담당자의 의사결정 판단의 기본자료가 된다. 이 외에도 수원국의 자금부담이 필요한 경우에 자금 수당이 요청되고, 국제금융기구 등이 프로젝트가 차관대상으로 적절한지를 판단할 때에 유력한 심사자료가 된다.   "
222,,Rationale,타당성,프로젝트 사전조사단계에서 수원국 요구(needs)가 정확하게 파악되어 적절하게 사업이 계획되어 있는지 여부를 평가하는 항목으로 주로 사후평가 단계에서 검토된다.   
223,,Colombo Plan,콜롬보 플랜,"정식 이름은 ""Colombo Plan for Coope- rative Economic and Social Devel- opment in Asia and The Pacific""으로 아시아·태평양 국가들의 경제발전계획을 논의하고 개발에 대한 기술적·재정적 원조를 제공하기 위한 계획이다. 이 계획은 인도·파키스탄·스리랑카·오스트레일리아·뉴질랜드·영국 정부가 논의한 결과에 따라 1951년 콜롬보에서 수립되었고, 이후 미국 및 일본과 많은 동남아시아 국가들이 이 계획에 참여했다. 처음 명칭은 남부 및 남동부 아시아 경제개발 협력을 위한 콜롬보 계획이었으나 동남아시아의 여러 신생 공산주의 국가들이 참여하자 현재의 명칭으로 변경되었다. 개발계획과 이와 관련된 여러 문제들은 연례회담을 통해 협의되며, 기술원조를 담당하는 상설기관이 마련되어 있다. 그러나 대부금이나 원조금을 할당하는 중앙기금은 없다. 대신 개발에 필요한 재정은 개별 정부와 세계은행(IBRD)에 의해 조성된다. 1950년에 스리랑카의 콜롬보에서 개최된 영연방 외무장관회의에서 제안되어 1951년 발족한 동남아시아 기술·경제원조계획으로 발족 당시에는 영연방국가들만 참가했으나 이후 확대되어 영연방 이외의 국가도 참가하고 있다. 자본원조계획과 기술원조계획 중 현재는 기술원조계획이 주가 되고 있다. 원조방식은 원칙적으로 원조국과 수원국의 2국간 협정에 의한다. 사무국은 스리랑카의 수도 콜롬보에 있다.   "
224,KR,Kennedy Round,케네디 라운드,"관세 및 무역에 관한 일반협정(GATT)의 제6차 관세교섭이다. 이 교섭의 직접적인 원인은 1958년 결성된 유럽경제공동체(EEC)로서 EEC가 역외 국가들에 대해 공동관세를 설치하여 미국이 유럽의 시장에서 소외되려 하자, 1962년 6월 케네디 대통령은 미국 의회에서 통상확대법(Trade Ex- pansion Act)을 통과시키고 관세교섭을 제창해 EEC 관세장벽의 철거 및 세계무역의 자유화와 경제협력 체제의 확대를 꾀했다. 스위스의 제네바에서 1964년 5월 시작해 1967년 5월 타결되었다. 케네디 라운드는 다음의 4가지 문제와 관계한다. ①이전 GATT의 품목별협상 대신에 소수를 제외한 전상품에서 최종 50％에 이르는 점진적 관세의 인하, ②협상에 공산품과 함께 농산품의 포함, ③관세와 함께 비관세 장벽도 토의, ④저개발국에 호혜주의를 적용하지 않는다. 교섭에는 54개국이 참가했으며 4만여 관세항목이 토의되었다. 교섭의 성과로 5년의 기간에 걸쳐 공업제품의 관세에 대해 평균 35％의 인하가 합의되었으나 철강과 직물의 관세는 별 변동이 없었다. 농산물에 있어서는 소맥의 가격안정이나 식량원조를 내용으로 하는 곡물협정이 성립되었고, 비관세 장벽 부문에서는 단일한 반덤핑 규약(anti- dumping code)이 채택되었다.   "
225,L/A,Loan Agreement,차관협정,"개도국에 차관 지원과정에서 정부간에 체결하는 협정으로 통상 정부간 공한교환(Exchange of Note: E/N)이 이루어진 후 체결된다. 종종 약정(ar- rangement)형식으로도 체결된다. 동 협정에는 지원사업, 차주, 차관총액, 상환기간 및 이자율 등 지원조건, 입찰방식 등이 명시된다.   "
226,,,차관매매,"개도국에 빌려준 돈의 회수가 어렵게 된 외국은행들 사이에 빚을 사고 파는 신종 금융거래로서 예컨대 브라질에 많은 돈을 빌려주고 칠레에는 소액을 빌려준 은행이 그 반대입장에 있는 은행과 서류상으로 빚을 맞바꾸는 것이다. 남미의 외채대국들이 최근 잇달아 외채상환 연기를 일방적으로 선언함에 따라 서방의 은행들은 위험부담을 덜기 위해 차관을 균형있게 분산시킬 필요를 느껴 이러한 거래가 이루어졌다. 거래시 차관 액면가는 채무국의 신용상태와 정치상황 등을 감안해 할인된 가격으로 떨어지는데 브라질은 실제 차관액의 75%, 칠레가 69%, 폴란드 42%, 루마니아 90%, 수단이 14%로 거래된다. 개도국의 외채 총액은 1조달러를 초과, 차관매매도 연간 50억 내지 100억달러 규모로 추산된다. 이 거래는 채무국에 싼값으로 투자하고 싶은 사기업이 은행에서 차관을 할인 구매하는 등의 변형된 형태로도 나타나고 있다.<B>차관조건(Terms and Conditions of Loan)</B>차관공여 조건으로서 협의로는 금리, 상환기간 및 거치기간을 말한다. 이러한 조건은 상대국의 경제현황, 안건의 성격 등이 감안되어 결정된다. 또한 광의로는 정부간에 합의한 교환공문에 의해 정해진 상기 이외의 조건 및 차관협정(Loan Agreement: L/A)상 합의된 조달방식, 대부실행방식 등 모든 규정을 포함한다.   "
227,,Loan,차관,"국제간에 이루어지는 신용공여 및 자금조달행위. 경제성장이나 자본축적에 필요한 국내저축량이 부족한 개도국이 국제기구·국제금융기관이나 외국의 민간기업·민간금융기관, 그리고 외국정부로부터 자금이나 물자를 차용하는 외자도입의 한 형태이다. 따라서 차관은 그 본질상 외국자본의 성격을 띠고 있으면서도 저개발국 내의 국제수지표 상으로는 해외저축의 한 항목으로 나타나게 된다. 차관은 그 제공이 공공 차원에서 이루어지는가, 민간 차원에서 이루어지는가에 따라 공공차관과 상업차관으로 나누어진다. 공공차관은 대부분 사회간접자본의 조성과 같은 공공의 목적을 위해 도입되므로 상업차관에 비해 그 상환기간이 길고 이자율도 낮다. 따라서 공공차관은 상업차관보다 차입자측에 유리한 연성차관이라고 할 수 있으며, 또한 양허적 성격을 띠고 있기 때문에 경제협력이라고도 한다. 만일 국가간 직접협상에 의해 즉 차관공여국과 차입국 간의 양자간 협상에 의해 공공차관이 이루어지면 그것은 양자간 또는 쌍무적 경제협력이라고 하며, 유엔(UN) 및 UN 산하 라틴아메리카카리브경제위원회(ECLA)와 같은 국제기구나 세계은행(IBRD), 아시아개발은행(ADB) 등과 같은 국제금융기구를 통해 간접적으로 이루어지면 그것은 다자간 경제협력이라고 한다. 양자간 경제협력 형태의 공공차관은 공여국과 수원국간의 이해관계의 일치에 의해 이루어지나 공여국의 직접적인 영향력에 좌우되는 면이 많아 다자간 경제협력 형태의 공공차관보다 바람직하지 못하다. 상업차관은 차관공업국의 민간기업이나 금융기관이 도입국의 정부 및 금융기관의 지불보증 하에 도입국의 민간기업에 제공하는 차관이다. 이것은 보통 급속한 경제발전에 따른 민간기업의 투자확대 요구로 인해 이루어지는 것이기 때문에 현금차관보다는 투자에 필요한 원자재나 자본재 형태로 수행되며 그 수입대금을 분할 상환하는 형태로 이루어진다. 또한 차관은 그 사용 용도에 따라 프로젝트 차관(project loans), 프로그램 차관(program loans)으로 나누어진다. 프로젝트 차관이란 고속전철사업·원자력발전소건설 등과 같이 차관을 사용하는 도입국에서의 특정한 사업내용이 정해져 있는 차관이며, 프로그램 차관은 이러한 특정 사업내용이 정해져 있지 않고 도입국에서 그 사용 용도를 정하는 차관이다. 프로젝트 차관의 경우 차관이 도입될 때 그 특정사업에 필요한 제반 설계·기술·자재 등이 공여국의 요구에 따라 수반되는 것이 보통이므로 그 부문의 차관공여국에 대한 의존도를 높일 위험성이 있다.   "
228,,Sustainability,지속가능성,"프로젝트의 자립성, 지속성을 운영관리면, 경제·재무면, 기술면에서 검토·확인하는 평가항목이다. 종료평가 단계에서는 자립발전의 전망에, 사후평가 단계에서는 자립발전의 결과 분석에 각각 중점이 두어진다.   "
229,,Sustainable Devel-opment,지속가능한 개발,"환경과 경제개발을 조화시켜 환경을 파괴하지 않고 경제개발을 한다는 개념이다. 1987년 이 말을 처음 사용한 유엔환경개발위원회(UNCED)는 ""미래 세대의 욕구를 충족시킬 능력을 손상시키지 않으면서 우리 세대의 욕구를 충족시키는 개발""을 지속가능한 개발이라고 정의하고 있다. 즉 인간의 기본욕구 충족을 위해 경제개발을 할 때 생태계의 수용능력인 환경용량을 초과해서는 안 되며, 생활수준만이 아닌 삶의 질에도 관심을 기울이며, 환경과 경제를 통합적 차원에서 다루어야 한다는 것이다. 이 개념은 1992년 세계 178개국 정부대표들이 모인 리우 유엔환경개발 회의에서 세계환경정책의 기본규범으로 정식 채택되었다. 환경과 개발은 불가분의 관계로서 자연환경 및 자원의 피폐를 초래하지 않는 개발을 추진함으로써 환경문제를 해결하려는 것이다. 지속가능한 개발의 발상은 ""환경과 개발에 관한 세계위원회""가 1987년 작성한 브란트란트 보고서 ""우리가 공유하는 미래(our common future)""에 명확히 제시되어 있다. 지구정상회담에서 채택된 리우선언과 Agenda 21은 지속가능한 개발 달성을 중심목표로 하고 있다.   "
230,CSD,Commission on Sustainable Development,지속가능개발위원회,"유엔환경개발위원회(UNCED)의 산하기구이다. 1992년 브라질 리우 정상회담이 채택한 지구환경보호 실천계획인 ""Agenda 21""의 이행여부를 점검하고 평가하기 위해 설치되었다. 53개 이사국(임기 3년)을 중심으로 유엔회원국과 1천여개의 환경단체들이 연례회의와 워크숍을 개최해 지속가능한 개발의 중요성을 홍보하고 유엔의 환경보호활동을 지원한다.""지속가능한 개발(sustainable development)""은 환경이 미래세대의 요구를 충족시킬 수 있는 능력을 손상하지 않는 범위 내에서만 현 세대의 경제개발을 허용한다는 개념으로 UNCED가 1987년 도입하였다. 한국은 1996년까지 이사국을 역임했고 1998년 2월 경주에서 환경관련 공공기술이전에 관한 워크숍이 열렸다.   "
231,GEF,Global Environment Facility,지구환경기금,"지구환경보전을 목적으로 설립된 국제기금으로 지구환경금융이라고도 한다. 개도국의 환경 분야 투자 및 관련 기술개발을 지원하기 위해 1990년 10월에 설립되었다. 유엔개발계획(UNDP), 유엔환경계획(UNEP), 세계은행 등이 공동으로 관장하고 있다. 한국은 1994년 5월 11일 가입하였다. 기금은 생물 다양성 보존협약, 기후변화협약 등 국제 환경협약상의 수혜국 및 세계은행, 국제개발협회, 유엔개발계획 등 국제기구의 수혜대상국에 지원된다. 한국은 지구환경기금의 자금 수혜를 위해 1994년 7월부터 중국과 공동으로 ""황해 광역 생태계 조사사업""을 추진하였다. 이 사업은 황해 생태계에 대한 종합적인 감시 및 평가기술 개발 등을 내용으로 한다. 지구환경기금은 현재 생물 다양성 보존협약, 기후변화협약의 임시 재정기구의 역할을 하고 있지만 앞으로 각종 환경협약의 통합기금 역할을 수행하며 지구 환경보전 사업과 관련된 핵심적 기구로 자리잡을 전망이다.   "
232,G.E.,Grant Element,증여율,"원조조건의 유연성을 표시하기 위한 지표로서 OECD의 개발원조위원회(DAC)가 채택한 것으로 하나의 원조가 상업베이스의 융자에 비하여 개도국에 어느 정도 유리하게 되어 있는가를 나타낸다. 개도국에 대한 원조에는 자금 등을 증여하는 경우와 후에 상환 받는 경우가 있다. 개도국측에서는 전자, 즉 증여쪽을 선호한다. 증여율은 원조의 질을 나타내는 지표로 대부의 이율, 상환기간, 거치기간 등의 함수로 표시되며, 증여의 경우 100%이다. 수치가 높을수록 질이 우수한 원조라고 말할 수 있다. 개도국에 대한 정부자금의 흐름중 증여율이 25% 이상인 것이 ODA로 간주된다. 예를 들어 금리 4.75%, 상환기간 10년, 거치기간 4년 대부의 경우 증여율이 약 25%가 되며, 따라서 ODA라 할 수 있다. 그랜트 엘리먼트, 증여상당분, 컨세셔널 엘리먼트 등으로 불리기도 한다 ※ Grant Element(G.E.) 및 양허성수준(C.L.)을 비교·설명하면 G.E.와 C.L.은 모두 공여자금속에 포함되어 있는 증여 성격의 자금크기를 나타내는 것으로서 그 산식은 다음과 같다. 다만, G.E.와 C.L.의 차이점은 원리금상환액의 현가 계산시 G.E.는 그 할인율이 ""연 10%""로 고정되어 있는 반면, C.L.은 각국의 평균상업참고금리(CIRR)를 반영한 할인율을 적용한다는 점이다.   "
233,,HIPC Trust Fund,중채무빈국 신탁기금,"세계은행은 채무문제가 경제에 심각한 영향을 주는 17개국을 중채무빈국(Heavily Indebted Poor Countries: HIPC)으로 정하고 채무연장 및 채무전환의 우선교섭 대상국으로 삼아 왔는데 1989년 브레이티 제안에 기초하여 신채무전략을 채택함과 동시에 중채무빈국 대상을 확대하였다. 1995년 말 현재 중채무 중소득국은 17개국, 중채무빈국은 36개국, 합계 53개국이 중채무국으로 남아있다. 중채무빈국에 대해서는 채무 말소, 원조공여를 중심으로 지원하여 왔으며 1996년 9월 IMF/세계은행 총회에서 중채무빈국 가운데 구조개혁을 노력하는 국가에 대해 신속한 채무 말소 등을 대책으로 하는 신탁기금의 설립을 제안하였다. 세계은행은 1996년 11월에 5억달러의 기금을 적립하고, 1996년 11월과 1997년 3월 중채무빈국 회의를 개최, 주요 채권은행(아프리카개발은행, 미주개발은행 등)들에 대해 신탁기금의 취지를 설명하였다. 1997년 4월 최초로 우간다에 대한 세계은행과 IMF이사회의 신탁기금의 사용이 승인되었다. 아프리카 개발은행을 비롯, 그간 경감된 채무말소의 현재가치는 3억 4000만 달러 정도로 예상된다. 세계은행과 IMF는 중채무빈국의 구조개혁을 평가, 개혁성과가 있는 것으로 평가된 볼리비아와 브루기나파소를 차기 신탁기금 지원대상국으로 검토하고 있다. 중채무빈국 신탁기금은 주요 채권자인 아프리카개발은행과 미주개발은행, 선진국 정부 등이 동의하면, 조성 총액이 55억∼85억 달러에 달할 것으로 예상된다. 이 범위 내에서 세계은행이나 IMF는 구조개혁에 적극적인 국가를 추출, 분석, 평가하여, 신속하게 채무의 말소 등을 지원하게 된다. 지금까지 채무말소나 구조개혁 지원융자를 결정하는 데에는 3년 정도가 걸렸으나, 향후에는 1년 정도로 단축될 것으로 예상된다.   "
234,,On-going Evaluation / In-terim Evaluation,중간평가," 중간평가는 사전조사시 상정된 사항들이 원활히 진행되고 있는가, 당초 상정된 전제조건들의 변화가 없는가와 쌍방간 합의된 사항이 제대로 실행되고 있는가에 대해 모니터링 하는 것으로 필요에 따라 다음단계의 사업계획 수정을 목적으로 실시하는 평가로서 장기사업의 경우는 복수의 중간평가를 실시할 수도 있고 단기의 경우는 중간평가가 필요치 않은 경우도 있다.  "
235,,Intermediate Technology,중간기술," 진공업국의 대규모적인 자본집약적 테크놀로지와 개도국의 토착적인 테크놀로지 중간에 위치하는 테크놀로지의 집합을 말한다. 제2차 세계대전 후 선진공업국에서 개발된 기술을 개도국에 그대로 적용함으로써 결과적으로 바람직한 성과보다는 오히려 많은 모순을 낳았다. 이를테면 자본집약적인 기술이 성급하게 도입한 경우, 재래의 노동집약적인 전통적 기술과 그 주변의 교육기반이 파괴되는 일이 많았다. 그 중에서도 개도국의 성급한 공업화정책이 비난을 받는 가장 큰 이유는 본래 공업화의 파급효과로서 겨냥하였던 빈곤·영양실조·저생활 수준의 해결 등이 실패로 끝나고, 오히려 악화된 예가 많기 때문이다. 중간기술이란 이상과 같은 여러 문제에 대처하기 위해 내세운 착상으로 슈마허(E.F. Schumacher)가 제창하였다. 슈마허는 ①직장은 대도시권에 집중시키지 않고, 사람들이 현재 살고 있는 지역에 만든다. ②이와 같은 직장은 고액의 투자나 다량의 수입을 필요로 하지 않고, 저렴한 생산비용으로 대량생산이 가능한 것이어야 한다. ③생산기술도 비교적 간단한 것이어야 한다. ④원재료는 주로 현지의 것을 사용하고, 제품도 현지에서 사용되는 것이 바람직하다는 등 여러 가지 점을 강조하였다. 선진공업국에서는 현대기술이 그 내부에 비인간적인 소외를 가져다주는 요인을 내포하고 있고, 환경오염과 자원의 낭비로 이어진다고 지적되어 왔다. 그래서 현대기술을 대신하는 다른 기술로서 소프트 사이언스, 래디칼 테크놀러지 등이 제창되고 있는데, 중간기술은 그 중의 하나이다.  "
236,,Dependency Theory,종속이론,"개도국의 후진성이나 그 원인을 설명한 이론. 제2차 세계대전 후 주로 남아메리카 당시의 구체적 현실에 입각하여 남아메리카 학자들이 제기하였다. 1929년 세계공황과 1930년대의 세계적 대불황으로 인하여 수출경제에 타격을 입은 남아메리카는 외국자본 계열기업의 국유화·민족화와 함께 수입대체 공업화를 적극적으로 추진하였다. 그러나 제2차 세계대전의 종료와 함께 남아메리카의 고립성이 해제되는 한편, 수출주도형 성장론의 부활, 수입대체 공업화의 부진, 국제적·국내적 소득격차의 확대, 다국적 기업의 세력팽창, 관료적 권위주의가 대두하게 되었다. 그때 남아메리카의 사회과학자들은 ""저발전이란 무엇인가?"", ""왜 저발전이 지속되고 있는가?""에 관한 질문을 제기하기에 이르렀고, 저발전에 대한 문제의식이 종속이론으로 대두되었다. 그들은 서유럽 사회의 발전이론이 남아메리카 사회의 분석에는 적합하지 않다고 판단, 남아메리카에 적합한 이론적인 틀을 구축하려고 하였다. 일반적으로 종속이론의 연원은 유엔 산하 라틴아메리카카리브경제위원회(Economic Commission for Latin America and the Caribbean: ECLA), 프레비시(R. Prebisch), 바란(P.A. Baran), 스위지(P.M. Sweezy), 프랑크(A.G. Frank)등의 마르크스 또는 신마르크스 사조에서 찾을 수 있다. ECLA는 1948년 설립되어 제2차 세계대전 후 수출주도형 성장론의 부활에 대항하여 수입대체 공업화의 필연성 및 이론적 정당성을 옹호하는 이론을 펼쳤고, 이들 학자들은 바로 ECLA 이론에 대한 비판에서 출발하여 60년대 후반 이래의 라틴아메리카 종속이론의 주류를 이루고 있다. 종속이론 속에는 각기 다른 분석방법을 가진 구조주의와 신마르크스주의의 양대 계보가 혼재되어 있는데, 종속이론으로 분류되는 연구 범위와 내용은 반드시 일치하지 않는다. 이와 같은 종속이론이 전반적으로 지니고 있는 문제점은 다음과 같다. ①종속이론 속에는 어떤 지역이 세계자본주의 체제로 편입되면 그곳에 자본주의적인 요소가 도입되고 전자본주의적 부문이 재편성된다는 점은 인식되고 있지만, 그 속에서 이에 대항하는 민족주체를 낳는 내적 발전의 동태적 과정의 해명이 결여되어 있다. ②의존은 통일국가 사이에서 외부적으로 서로 의지하는 것인 데 반하여, 종속(dependency)은 후진적이고 동질성이 적은 사회에 병합하여 노동을 세계적으로 분화하는데 중점을 두는, 보다 복잡한 일련의 관계를 포함하는 것이라고 구별하는 데서 종속개념은 출발하지만, 그 개념은 아직도 애매 모호한 입장이다. ③저개발세계가 해방에 이르는 과정에서의 민족국가형성이 지니는 의의를 과소평가하고 있다. ④종속성 탈피의 방향이 명확하지 않다는 것 등이다.   "
237,,Completion Evaluation,종료평가," 종료평가는 사업의 종료 직전에 실시하는 것으로 사전조사시 설정된 당초 합의의사록(Record of Discussion: R/D)의 사업목표를 달성했는지 여부와 사업목표 달성을 위해 사업연장이 필요한지, 사업에 대한 후속조치가 필요한지 여부 등을 판단하는데 주안을 두고 실시하는 평가를 말한다.   "
238,,Conditional Loan,조건부차관,"세계은행이 지속적인 국제수지적자로 경제침체에 빠져있는 개도국들을 지원하기 위해 1980년부터 도입, 시행중인 차관. 기존 세계은행의 차관이 대형 프로젝트 사업지원에 국한된 데 반해 차입국의 대외채무상환 등 광범위한 용도로 사용될 수 있다. 따라서 부문별로 차관이 공여되는 섹터론의 성격이 강하다. 차입국의 국제수지 적자축소를 주목표로 삼고 있는 만큼 차입국이 경제정책에 국제수지적자 보전대책을 반영하는 것을 차관공여의 전제조건으로 삼고 있다. 구조조정차관은 대부분이 변동금리로 도입되며 차관기간도 장기이다. 우리나라도 1981년 이후 여러 차례 구조조정차관을 도입한 바 있다.   "
239,,Institution Building,제도구축," 1980년 세계은행이 아프리카 개도국에 대한 구조조정 융자시 개도국정부의 경제조정정책 실행능력을 높이기 위해 조직과 제도개혁의 의미로 사용되었다. 그 후 개도국이 개발원조를 자주적이고 자립적으로 운영·관리할 수 있는 능력을 향상시키기 위한 조직과 제도개혁, 인재육성을 지칭하는 것으로 확대되었으며 자본, 기술, 서비스를 중심으로 이루어지는 개발원조에서 제도구축은 개발원조의 과정이 아니라 그 자체가 개발원조의 목적으로 인식되게 되었다. 제도구축의 궁극적인 의의는 효율적이고 효과적으로 개발목표를 달성토록 하는 것과 개발성과의 지속적 유지발전에 필요한 기능과 구조를 체계화시킴에 있다. 오늘날에는 제도구축의 중요성이 점차 높아지고 있으며 수원국 사정에 가장 적합한 제도구축 달성을 위한 학술적, 실천적인 연구개발이 진행되고 있다.   "
240,,United Nations Regional Economic Commissions,유엔지역경제위원회," 유엔체제 내에서 지역내 회원국의 경제발전을 촉진하고 회원국간 경제관계 강화 및 개선 등을 위해 설립된 조직으로서 보통 구속적인 통상규범을 강구하고 있지 않다. 이들의 모조직은 경제사회이사회 즉 ECOSOC이다. 지역경제위원회에는 아프리카 경제위원회, 유럽 경제위원회, 남미·카브리해 경제위원회, 아시아·태평양 경제사회이사회 및 서아시아 경제사회이사회 등이 있다.   "
241,UNDRO,Office of the United Nations Disaster Relief Coordinator,유엔재해구제조정관사무국, 천재지변이나 그 밖의 재해를 입은 국가에 대한 국제적인 구제활동을 조정하기 위하여 1972년 3월에 설치된 유엔 기구이다. 재해구제조정관이 통제하며 조정관은 유엔 사무총장에게 직접 보고서를 제출한다. UNDRO는 지구공동체의 방재수단을 결집·강화하는데 주력한다. 구제를 기다리는 피해국 주민들에게 유엔 명의로 직접적인 원조를 제공할 수도 있고 국제적십자사와 같은 비정부기구의 도움을 요청할 수도 있다. 합당한 구제사업을 원조제공자들에게 연결시켜주기 위하여 UNDRO는 정보조정 센터의 역할을 한다. 재해구제조정관사무국은 상습자연재해지역의 구제물자 비축을 돕고 천연방재수단의 효과적인 이용에 조력함으로써 지구공동체의 방재능력에 효율성을 담보한다.   
242,UNCHE,UN Conference on the Human Environment,유엔인간환경회의,"1972년 6월 5일부터 16일까지 스톡흘름에서 개최된 유엔인간환경회의(United Nation Conference on the Human Environment)는 지구환경문제가 국제적인 관심사로 부상하게 된 결정적인 계기가 되었다. 이 회의의 결과 7개의 선언문과 26개의 원칙으로 구성된 ""유엔인간환경선언(The United Nations Declaration on the Human Environment, 스톡홀름선언) ""이 채택되었다. 26개의 원칙은 ""인간은 품위있고 행복한 생활을 가능하게 하는 환경속에서 자유, 평등 그리고 적정 수준의 생활을 가능하게 하는 생활조건을 향유할 기본적 권리를 가지며 현세대 및 다음세대를 위해 환경보호 개선의 엄숙한 책임을 진다""고 말하고 있다. 대기·수질·토양은 물론 산성비를 포함한 인접국가간 환경문제, 해양오염, 야생동식물의 국가간 거래, 개발과 환경보전의 융합, 과학과 기술, 환경문제에 관한 교육 등 당시의 환경문제 전반에 관한 주제를 폭넓게 다루고 있다. 이 날을 기념해 환경의 날이 제정되었다. ""유엔인간환경회의""는 지구환경문제에 관한 최초의 국제회의가 되었으며, 동 회의에서 채택된 ""인간환경선언""은 지구환경문제를 해결하기 위해 국제사회가 채택한최초의 선언으로서 그간 지구환경 논의의 기틀을 제공하였다. 이 회의이후 1973년 UN은 지구환경문제 논의의 중심기구로서 유엔환경계획(United Nations Enviroment Programme: UNEP)을 설치하였는데, UNEP는 그동안 오존층 보호를 위한 몬트리올의정서를 비롯한 많은 국제환경협약과 지구환경보전사업을 수행, 지구환경문제의 해결을 위한 국제적 노력을 주도하는 기구로 발전하였다.   "
243,ESCAP,United Nations Economic and Social Commission for Asia and Pacific,유엔 아시아·태평양 경제사회이사회,"1947년 아시아 극동지역 각국의 경제 부흥에 필요한 경제·기술의 조사와 연구 등을 위하여 유엔의 경제사회 이사회의 한 부문으로서 설치된 ECAFE(아시아극동 경제연구회)의 후신이다. 1974년 9월 ESCAP로 개명했다. ESCAP는 아시아·태평양 지역의 39개국(이중 준가맹국은 8개국) 외에도 프랑스, 네덜란드, 옛 소련, 영국, 미국의 5개국을 더한 44개국으로 구성되었다. 본부는 방콕이며 연 1회 총회가 개최된다. 1991년 4월 10일 서울에서 열린 제47차 총회에서 서울선언을 채택하였다. 아·태 국가간 선의와 우호관계를 증진하고 90년대 및 장래의 경제·사회적 발전 도상에 닥칠 도전에 효과적으로 공동 대처하자는 내용으로 아시아 선·후진국들의 기술이전→구조조정→교역증대에 따라 공존공영을 목표로 하고 있다.   "
244,,United Nations Child-ren's Fund,유엔아동기금,"전쟁피해 아동의 구호와 저개발국 아동의 복지향상을 목적으로 설치된 유엔 특별기구이다. 유니세프(UNICEF)라고도 한다. 1946년 12월 유엔총회의 결의에 따라 전쟁 피해 아동과 청소년들의 구호를 위해 설립된 기구이다. 처음 명칭은 유엔국제아동구호기금(United Nations Inte- rnational Children＇s Emergency Fund: UNICEF)이었으며, 1953년 현재의 명칭으로 바꿨으나, UNICEF라는 약호는 그대로 쓰기로 했다. 지원분야는 긴급구호·영양·보건·예방 접종·식수 및 환경개선·기초교육·모유수유권장에 이르기까지 다양하다. 활동기구는 개도국형 기구인 대표사무소와 선진국형 기구인 국가위원회로 나누어진다. 개도국에 설치된 대표사무소는 자국아동 구호를 위한 각종 지원사업을 펼치며, 선진국에 설치된 국가위원회는 아동구호를 위한 지원 마련과 자국민에게 세계의 아동문제를 홍보하는 역할을 한다. 조직은 집행이사회와 사무국으로 구성된다. 정책결정기구인 집행이사회는 정책수립·계획·검토 및 사업예산과 운용비용을 승인한다. 사무국은 전세계 개도국에서 이루어지는 유니세프의 실제적 활동을 담당한다. 사무총장은 유엔사무총장과 집행이사회에 의해 임명된다. 기금은 각국 정부와 민간단체 및 개인의 자발적인 기부금 외에 특별제작한 카드 판매를 통한 수익 등으로 충당한다. 총 재정수입 중 약 30%는 민간부문에서 기부된다. 한국은 1950년부터 1993년까지 UNICEF로부터 다양한 지원을 받았으며, 1988년 집행이사국이 되었다. 1994년 1월 유니세프한국대표부가 유니세프한국위원회로 바뀌면서 지원을 받는 국가에서 지원을 하는 국가가 되었다. 이후 북한의 기아사태, 내전중인 르완다·소말리아 등에 긴급자금을 지원했으며, 기금을 마련을 위한 여러 가지 사업을 벌이고 있다. 또한 세계적인 문화예술인들이 임명되어 어린이를 위한 활동을 펼치는 UNICEF 친선대사에 2명이 임명되었다. 본부는 미국 뉴욕에 있다.   "
245,UNV,United Nations Volun- teers,유엔봉사단,"유엔개발계획(United Nations Development Program: UNDP)의 산하에서 개도국에 자원봉사자를 파견하는 기관으로서 1968년 유엔총회의 결의로 1970년 12월 7일 UNDP 산하에 발족된, 유엔 내의 유일한 국제봉사기구이다. 개도국에 실제적인 도움을 줄 뿐만 아니라, 세계 각국 청년들의 교환을 통한 다양한 문화체험, 유엔 회원국들의 이해증진 등을 목적으로 하며, 전 세계의 UNDP사무소를 통해 일한다. 파견분야는 경제·사회·과학·의학·정보 등 각 분야의 150여 개 직종이며, 중간수준의 기술원조(middle-level technical assistance)를 제공하여 봉사대상지역의 국민을 훈련시키고 기술개발계획을 지원한다. 봉사자 파견은 UNV 등록자 명부에 개별적으로 등록한 자 가운데서 수용국의 요청에 따라 본부의 지역담당관이 검토하여 3,4명의 후보자를 통보하고, 수용국 정부는 적임자를 지명한다. 계약은 동일한 지역에서 2년을 원칙으로 하나 1년 이내의 연장계약이 가능하다. 매년 140개국 이상에서 지원한 각 분야의 능력있고 경험있는 4,000여 명의 남녀가 전문봉사원 또는 현장봉사원으로서 임무를 수행한다. 창설이래 150개 개도국 및 선진국 출신 봉사자 약 2만여 명이 140여개국에서 일해 왔다. 일반적으로 봉사원의 70%는 개도국출신이며, 나머지 30%는 선진국 출신이다. 재원의 일부는 관리기관인 UNDP가 부담하며, 나머지 예산은 유엔기관들의 정규 프로그램 예산과 봉사자를 보내는 국가, 또는 받아들이는 국가의 기부금으로 충당한다. 한국은 1990년부터 소수의 인원을 파견하기 시작했고, 1996년에 UNV와 협력양해각서를 체결했다. 본부는 독일 본에 있다.   "
246,UNCTAD,United Nations Conference on Trade and Devel- opment,유엔무역개발회의,세계무역체제에 대한 개도국이 참여확대를 유도함으로서 그들의 경제개발을 촉진하기 위해 유엔 총회결의 제19호에 의해 1964년 설립되었다. UNCTAD 설립의 주된 동기는 넓게는 개도국들이 경제개발 추진에 애로를 격고 있으나 이를 보조해줄 전문적인 국제기구가 없다는 것이었다. UNCTAD는 특히 일반특혜관세제도(Generalized System of Preference: GSP)와 국제 1차 산품 협정(International Commodity Agree- ment) 등의 개발에 적극적이었다. 1992년 2월 콜롬비아에서 개최된 제8차 총회에서는 그동안 7개 상설위원회로 운영되고 있던 조직을 5개 상설위원회와 5개 특별작업반으로 개편하였다. UNCTAD IX는 1996년 5월 남아공 미드랜드에서 개최되었으며 UNCTAD X는 2000년에 태국에서 개최되었다.   
247,,Office of the United Nations High Com- missioner for Refugees,유엔난민고등판무관사무소,"세계 난민문제의 항구적 해결을 위하여 설립된 유엔의 보조기관이다. 1951년 국제난민기구(International Refugee Or- ganization: IRO)가 폐지된 후, 난민의 보호와 구제를 위해 유엔경제사회이사회(Economic and Social Council: ECOSOC) 아래 설치되었다. 1951년 1월에 발족하고, 7월에 ""난민의 지위에 관한 조약""을 채택했다. 원래 한시적인 성격을 가진 기관이었으나, 유엔총회에서 5년마다 존속을 연장해 왔다. 총회와 ECOSOC가 정하는 바에 따라 난민에 대해 인도적·사회적 입장에서 국제적 보호를 요청하고, 이들의 귀국과 정착을 위한 원조를 목적으로 한다. 인도주의에 입각한 난민의 국제적인 보호, 즉 난민이 자신의 의사에 반해 박해받을 위험이 있는 나라로 송환되는 것을 막고, 난민의 귀환·재정착·가족재결합사업 등을 지원한다. 또한 난민구제를 위한 자금조달, 난민캠프의 설치·운영·관리 등의 활동을 편다. 난민의 국제적 지위에 관한 분쟁 등의 문제가 발생할 경우 고등판무관은 ECOSOC에 보고하고, 난민문제자문위원회를 설치할 수 있으며, 난민이 부당한 대우를 받거나 강제송환 될 때는 고등판무관의 이름으로 해당국 정부에 항의를 할 수 있다. 1980년 이후 인도차이나 난민문제을 포함하여 아프간사태와 아프리카 내전에 의한 난민이 증가함에 따라 UNHCR의 활동은 그 폭이 넓어졌으며, 쿠르드난민, 캄보디아난민을 위한 수용시설 운영 등 활발한 활동을 펴고 있다.   "
248,UNESCO,"United Na- tions Educational, Scientific and Cultural Organization",유엔교육과학문화기구,"1946년 창설된 유엔 전문기구이다. 교육·과학·문화 부문의 국제협력을 도모함으로써 세계평화에 기여한다. 유네스코는 문맹퇴치와 초등의무교육을 지향한 회원국들의 노력을 뒷받침하고 사상과 지식의 국제적인 교류를 장려한다. 1960년대와 1970년대에 저개발국가에 대한 관심이 고조되자 유네스코 기금의 상당부분이 교육과학개발계획에 할당되었다. 1980년대에 들어서는 유네스코의 예산규모가 해마다 급격히 증가하였으며, 지나치게 정치성을 띠고 있다는 비판여론이 들끓었다. 미국은 예산문제로 말미암아 1984년 12월 31일 유네스코를 떠났고 1년 뒤에는 영국의 탈퇴를 초래했다. 부속기관으로는 2년마다 개최되는 총회와 45개국 대표들로 이루어지는 집행위원회 및 사무국이 있다. 유네스코 헌장은 1945년 11월에 제정되어 이듬해 효력을 발생했는데, 유네스코 활동과 각 회원국 시책 사이에 통일성을 확보할 목적으로 회원국마다 자문위원회를 설치할 것을 규정했다. 1962년 12월 유네스코 총회는 결의문을 채택하여 교육계획 분야에서의 진보적인 훈련과 연구를 위하여 국제교육계획기구(IIEP)를 발족시켰다. IIEP는 행정상으로는 유네스코의 부속기구에 불과하지만 독자적인 집행위원회에서 정책과 계획을 규제·통할한다. 1969년 1월 세계교육국이 유네스코에 병합되었다. 프랑스 파리에 본부를두고 있다. 한국은 1950년 6월 14일 제5차 유네스코 총회에서 정식회원국으로 가입했다. 1951년 11월 10일 ""유네스코 헌장 준수서약 동의요청안""이 국회에서 통과되고 1953년 7월 6일 유네스코 한국위원회 설치령이 대통령령 제801호로 공포되었으며 이듬해 1월 30일에는 유네스코 한국위원회 창립총회가 소집되었다. 유네스코 한국위원회는 국내외의 교육·과학·문화·홍보부문에 관한 연락 및 정보교환을 통하여 이 부문들의 사업에 협조하고 있으며, 유네스코 활동에 관한 국제협약 체결문제에 대해서 대정부 자문기관의 역할을 수행하고 있다.   "
249,UNRRA,United Nations Relief and Rehabilitation Admini- stration,유엔구제부흥사업국,"1943년 11월 9일 창설된 유엔 산하기구. 제2차 세계대전의 참화를 복구하는 광범위한 사회복지계획을 수행하기 위하여 44개국의 합의로 설립되었다. 주요업무는 식량·의류·연료·거주지·의약품과 같은 구제물자의 배급, 전문요원에 의한 구제사업, 농업·경제 부흥원조였으며 난민들의 보호와 본국송환을 위해 수용소·인력·식량 등을 제공하기도 했다. 1947년에 활동이 정지되었고, 이행되지 않은 계획들은 국제난민기구, 세계보건기구, 유엔아동긴급기금(지금의 유엔아동기금)에 이관되었다.   "
250,UNIDO,United Nations Industrial Development Organiza- tion,유엔공업개발기구,"개도국의 공업화 촉진을 목적으로 하는 유엔 전문기구이다. 1966년 제21차 유엔총회의 결의로 종래의 유엔공업개발센터를 계승하여 1967년 1월 유엔총회의 보조기구로 발족했다. 1979년 UNIDO 헌장이 채택되고 1985년 그 효력을 발생함에 따라 1986년에 유엔경제사회이사회(Economic and Social Council: ECOSOC)와 특별협정을 체결하여 유엔의 16번째 전문기구가 되었다. 개도국 공업개발 확대 및 근대화를 지원하고, 개도국간 또는 개도국과 선진국간의 협력과 기술원조을 촉진한다. 유엔 내의 공업활동과 관련한 중앙조정기관의 임무를 가지며, 개도국의 공업개발에 필요한 연구·조사·계획작성 및 기술원조를 행하고, 공업관계 표준화, 데이터 정보를 수집·분석·발행한다. 주요기관은 총회와 공업개발이사회, 기획예산위원회 및 사무국이 있다. 총회는 2년마다 개최되며, 공업개발이사회는 임기 4년의 53개 이사국으로 구성되는데, 기획예산위원회를 통해 제출된 기획 및 예산안을 검토·집행·감독하고 총회 결정사항의 이행을 점검한다. 기획예산위원회는 임기 2년의 27개 위원국으로 구성된다. 자원은 유엔개발계획(United Na- tions Devlopment Program : UNDP)로부터 제공되며, UNIDO는 UNDP 사업의 집행기관으로서 역할을 한다.한편, 1990년대 중반에 UNIDO의 비효율적인 기구운영에 불만을 품은 캐나다, 미국, 영국, 오스트레일리아 등 선진국들의 탈퇴가 잇달아 UNIDO의 폐지론이 대두되기도 하였다. 한국은 1967년에 가입했고, 1987년 4월이래 UNIDO 서울투자진흥사무소(ITPO)를 개설 운영하고 있다. 본부는 오스트리아 빈에 있다.   "
251,,United Nations Expanded Program of Technical Assistance for Economic Development,유엔경제개발기술원조확대계획,"유엔 제4차 총회는 후진국 기술원조계획을 승인하여 경제사회이사회의 하부기구로서 지도감독의 기능을 가진 기술원조위원회(TAC) 및 기술원조국(TAB)을 설치하였으며, 1950년 7월 이후 이들 기관을 중심으로 경제개발기술원조확대계획을 수행해 왔다. TAC의 원조는 유엔의 전문기관인 식량농업기구(FAO), 세계보건기구(WHO), 국제노동기구(IL O), 유엔교육과학문화기구(UNESCO), 국제민간항공기구(ICAO) 등이 각 분야를 담당하고 TAB는 각 전문기관의 활동을 연결조정하며 또 필요한 원조를 제공하고 있다. 기술원조의 형식은 전문가의 지도, 기술자의 훈련을 위한 장학금공여, 세미나 개최, 연구소 설치에서부터 철도, 항만건설, 전기통신시설의 개선지도, 수리제도의 개선, 임목자원의 관리보존지도, 공중위생, 결핵예방지도 등 광범한 것으로 일일이 열거하기 어려울 정도이다. 이 계획에 소요된 자금은 회원 각국의 자발적인 기부 또는 유엔특별계정에서 지출되어 왔으며 지금까지 자금의 약 60%는 미국의 갹출에 의존해 왔다. 이 계획은 해를 거듭함에 따라 점차 기타 국제적 개발계획과 수원국의 개발계획이 결부되어 실시되는 경향이 강해지고 있다.   "
252,UNDP,United Nations Deve- lopment Programme,유엔개발계획,"1965년 기술원조확대계획과 유엔특별기금(United Nations Special Funds)이 통합되어 결성된 유엔 보조기구로서 개도국에 자금을 공여하는 유엔기구이다. 1966년에 개발투자 및 융자의 사전 조사를 목적으로 설립되었고, 본부는 뉴욕에 있다. 현재 150개 이상의 나라가 농업, 임업, 어업, 관광, 보건, 위생 등 경제, 사회적 분야에서 폭넓게 추진중인 프로젝트가 5,000건을 넘는다. 참가국이 매년 납입하는 돈을 재원으로 국제 금융기구 등 유엔전문기구를 실시 기구로 하여 조건 정비를 위한 투자 전 원조, 다자간 기술협력을 하고 있다. 집행위원회는 개도국 27개국과 선진국 21개국의 도합 48개국 대표들로 구성된다. 원조는 5개년 국가개발계획을 통하여 구체화되는데 개발계획, 기능인력의 훈련, 상공업 발전을 위한 현대적 기술연구소의 설치 등에 자금을 공여한다. UNDP는 과학연구설비를 제공하며 성장잠재력을 연구하는 전문가의 배양에 힘쓰고 있다.   "
253,UNDD,United Nations De- velopment Decades,유엔개발 10년,"국제개발전략(International Develop- ment Strategy)으로 불리기도 한다. 케네디 미국대통령의 제안으로 1961년 제16회 유엔총회에서 1960년대를 ""유엔개발 10년""으로 선언할 것을 결의했다. 그 후 10년마다 국제개발전략으로서 개발목표를 설정하였다. 국제적 차원의 경제협력을 추진하여 남북 간 격차 시정을 기본목적으로 1960년 유엔총회는 1960년대에 개도국 GNP의 실질성장률을 평균 5%로 높일 것을 결의했는데 순조롭게 목표선을 넘어선 6%를 달성하였다. 또한 1970년대 성장목표를 실질성장률 6% 이상으로 정한 ""제2차 유엔개발 10년""이 결의되었으나, 닉슨 쇼크, 2차례의 오일쇼크 등으로 인하여 목표에 크게 못 미쳤고(실적 5.3%), 특히 석유자원이 없는 개도국은 더욱 큰 타격을 입었다. 1980년에는 1980년대를 ""제3차 유엔개발 10년""으로 할 것을 결의하고, GNP 성장률을 7%이상으로 할 것을 목표로 하였으나, 제2차 석유파동 이후의 세계경제 불황, 일차상품의 가격하락, 채무문제 악화 등으로 이 목표는 달성하지 못하였다. 1989년에는 90년대를 ""제4차 유엔개발 10년""으로 할 것을 결의하였으며, 1990년 말에는 지금까지 채택된 수량적 목표대신 국제기관이나 각국이 최우선과제로서 반영해야 할 주제를 명확히 한 ""제4차 유엔개발 10년을 위한 국제개발전략""이 채택되었다. 동 전략에는 지속가능한 개발이 중시되어 ①경제의 가속도 성장 ②인구정책 및 인적자원 개발 ③빈곤완화와 기아의 근절 ④지구환경에 대한 고려 등 4가지 점이 중시되었다.   "
254,,Shaping the 21st Century - A New DAC Strategy of Development Cooperation,21세기 개발전략,"1996년 DAC 고위급회의에서 채택한 21세기를 향한 장기적인 원조지침으로 ①향후 20년 동안 경제적 복지, 사회개발, 지속가능한 환경 부문에서의 측정 가능한 목표 설정과 비전을 제시하였다. ②경제적 복지부문에서는 2015년까지 극빈자 비율을 절반으로 감축하고 ③사회적 개발부문에서는 ？2015년까지 모든 나라에 초등교육 보급, ？2005년까지 초등·중등교육의 남녀격차를 해소, ？2015년까지 영아와 5세 미만의 유아사망율 2/3 감축 및 임산부 사망률 3/4감축, ？2015년까지 모든 개인에 성과 생식에 관한 보건서비스(reproductive health services) 제공 실현 등을 목표로 하고 있다. 또한 2005년까지 모든 국가가 자체 환경보존전략을 실행하게 함으로써 2015년까지 현재의 환경자원의 감소경향을 역전시킨다는 3개 부문에서의 개발목표 제시 외에도 개발은 개도국 국민 및 정부가 일차적으로 책임을 갖는다는 점과 개발정책의 일관성 및 지속적인 모니터링 평가와 함께 개도국의 자조노력을 강조하고 있다.   "
255,,20:20 Initiative,20 대 20 원칙,"1995년 코펜하겐에서 개최된 유엔 사회개발정상회의(World Summit for Social Development: WSSD)에서 건의된 개발정책으로, 개도국 정부재정의 20%와 공여국 개발원조액의 20%를 해당 수원국의 기초사회서비스(basic social services)에 투자한다는 원칙이다. 20:20 vision, 20:20 comp- act, 20:20 policy 등으로 사용되기도 한다.   "
256,UNEP,United Nations Envi- ronment Programme,유엔환경계획,"유엔환경계획(UNEP)은 1972년 6월 스톡홀름에서 열린 유엔 인간 환경회의의 결의에 의한 권고를 바탕으로 같은 해 12월에 제 27회 유엔총회가 결의하여 설립한 유엔 기구. 본부는 케냐의 수도인 나이로비에 있다. UNEP의 목적은 ①환경분야에서 국제적 협력추진 ②유엔 여러 기관의 환경관련 활동의 정책작성 ③세계의 환경감시 ④환경과 관련된 과학적 지식의 입수 등이다. 현재 안고 있는 주요한 과제는 대기오염, 해양 오염 등 지구 규모의 환경오염 및 사막화의 진행, 열대우림의 감소 등에 대한 방지 대책을 비롯하여 육상 생태계 보호, 환경과 개발, 인구의 급증, 빈곤 등에 따른 환경문제, 환경교육 및 훈련에 대한 지원, 인간거주지와 건강, 국제 유해 화학물질 등록제도 및 지구 환경 모니터링 시스템에 의한 환경상황 파악 등 여러 분야에 걸쳐 있다. UNEP는 다른 유엔기구, 정부간 기관(IGO), 비정부기구(NGO), 각국 정부와 긴밀한 관계와 협력을 유지하면서 활동하고 있다. UNEP는 유엔 총회에서 선출된 58개국(임기 3년)으로 구성된 UNEP 관리이사회, 동사무국 및 UNEP의 활동 자금을 지원하는 유엔환경기금(각국의 임의 각출)으로 이루어져 있다. UNEP의 기본방침은 관리이사회에서 결정되며, 결정사항은 UNEP 본부 등 전문 직원 약 2천명에 의해 실시된다.   "
257,UNCED,United Nations Conference on Environment and Development,유엔환경개발회의,"지구정상회담, 리우회의라고도 한다. 지속가능한 개발을 위한 지구동반자관계(glo- bal partnership)를 형성하기 위해 19 92년 6월 3∼14일에 개최된 국가정상급 회의이다. 이 회의는 178개국의 정부대표 8,000여명과 167개국의 7,892개 민간단체 대표 1만여명, 취재기자 6,000여명, 대통령·수상 등 국가정상급 인사 115명 등이 참석한 사상 최대 규모의 국제회의였다. 주요행사로는 각 국 국회의원이 참가한 ""국회의원대회"", 도시환경문제를 의논한 ""세계도시회의"", 그리고 ""국제환경기술박람회"", ""국제환경언론가대회"", ""열대식물환경조사회의""등이 개최되었다. 또한 이 회의의 최대 쟁점사항인 개도국에 대한 재정지원 및 기술이전 문제를 둘러싸고 선진국과 개도국간의 입장이 첨예하게 대립하여 4차례에 걸쳐 독일·프랑스·노르웨이·일본 등지에서 세계 각국의 정상들과 저명인사들로 구성된 현인회의(Wiseman's Meeting)가 개최되었다. 동 현인회의는 비공식적인 회의였지만 세계 저명인사들이 대거 참석하여 권고적 성격의 결의안을 채택하여 UNCED 협상 돌파구를 마련하는데 기여했다. 이밖에도 UNCED에 대한 개도국의 입장정립과 공동전선 형성을 논의하기 위한 주요개도국 회의가 3차례에 걸쳐 인도·중국·말레이시아에서 열렸다. lt;배경gt; 지구환경문제를 논의한 최초의 유엔환경회의는 1972년 스톡홀름에서 개최된 ""인간환경회의""인데 이 회의 결과 유엔체제 내에 지구환경문제를 전담하는 유엔전문기구인""유엔환경계획(UNEP)""이 설치되었다. UNEP는 현재까지 지구환경 논의를 주도하는 유엔기구로서 ""오존층 보호를 위한 몬트리올 의정서"", ""기후변화협약"", ""생물다양성협약""등의 국제 환경협약 제정을 주관해 오고 있다. 또한 유엔총회는 1983년 환경과 개발의 조화를 모색하기 위해 노르웨이의 브룬트란트 수상을 위원장으로 하는 ""환경과 개발에 관한 세계위원회(World Commission on Environment and Development: WCED)""를 구성하고, 1987년 ""지속가능한 개발(sustainable development)""이라는 개념을 처음 제시한 ""우리의 미래(Our Common Future)""라는 보고서를 제출했다. 지속가능한 개발이란 ""미래세대의 후손들이 그들 스스로의 욕구를 충족시킬 수 있도록 하는 능력과 여건을 저해하지 않으면서 현재 우리 스스로의 욕구를 충족할 수 있도록 하는 성장""으로 정의되어 있다. 그러나 최근에는 지속가능한 개발을 보다 발전시킨 ""환경적으로 건전하면서 환경이 지속가능한 개발(en- vironmentally sound and sustain- able development : ESSD)""이라는 개념이 보편화되었다. 지속가능한 개발이라는 개념을 구체화하기 위한 실천계획을 수립하기 위해 1989년 제44차 유엔총회는 1992년 6월 ""유엔환경개발회의""를 개최하도록 결의했으며, 지난 3년간 4차례에 걸친 준비회의가 매번 1개월 이상의 기간 동안 개최되었다. 회의조직은 다음과 같다. ①전체회의(plenary)：페르난두 콜로르 브라질 대통령을 의장으로 해서 한국을 포함한 39개국의 부의장국을 중심으로 각국 정상과 수석대표들의 기조연설과 회의 전반을 총괄, ②본회의(main committee)：토미 코 싱가포르 주미대사를 의장으로 ""리우선언""과 ""아젠다21""의 실질협상을 총괄, ③준비회(preparatory commit- tee/prepcom)：토미코 싱가포르 주미대사를 의장으로 개최 등이다.   "
258,,Declaration on the Human Environment,인간환경선언,"1972년 6월 스톡홀름에서 개최된 유엔 인간환경회의에서 채택된 선언으로 인간환경의 보전과 개선을 위하여 전 세계에 그 시사와 지침을 부여하는 공통의 원칙이다. 이 선언은 전문과 26항의 원칙으로 되어 있으며, 전문에는 인간환경의 보호, 개선의 중요성, 개도국·공업국을 가리지 않고 각각의 입장에서 환경보전에 임할 것을 호소하고 있다. 원칙 중에는 ""인간은 그 생활의 존엄과 복지를 보유할 수 있는 환경에서 자유, 평등, 적절한 수준의 생활을 영위할 기본적 권리를 갖는다""라는 환경권을 선언하고 있다. 또한 천연자원이나 야생동물의 보호, 유해물질이나 열의 배출규제, 해양오염의 방지, 개도국의 개발촉진과 원조, 인구정책, 환경문제에 관한 교육, 환경보전의 국제협력, 핵무기 등 대량파괴 무기의 제거와 파기를 촉구하고 있으며, 다시 환경에 대한 국가의 권리와 책임, 보상에 관한 국제법의 진전 등을 명기하고 있다.   "
259,,Human Security,인간안보,"1994년 인간개발보고에서 유엔개발계획(UNDP)이 제창한 새로운 안전보장개념이다. 지금까지의 안전보장은 국가가 자국의 영토를 밖으로부터의 침략으로부터 보호하는 것으로써 군사적 수단이 중요한 역할을 하였다. 인간의 안전보장이란 국가 아닌 인간을 안전보장의 주체로서 세계의 어떤 국가나 지역에 속하는 사람이라도 평등하게 대해야 한다는 생각이다. 또는 안전이 없는 상황에는 빈곤, 기아, 실업, 질병, 사회붕괴, 차별, 억압, 인권침해, 소외, 환경파괴, 범죄, 성폭력, 마약 등 다양한 것이 포함되어 있다. 따라서 인간의 안전보장을 실현하기 위한 기본적 필요를 충족, 사회통합, 인권존중과 민주주의와 참여, 환경보전과 지속가능한 개발, 성(gender)평등 등의 요소로서 새로운 개발 패러다임 ""지속가능한 인간개발(sustainable human de- velopment)""과 그것의 실천을 위한 국제협력의 필요성이 강조되고 있다.   "
260,HPI,Human Poverty Index,인간빈곤지수,"1997년 인간개발보고서는 하나의 복합적인 지수로서 인간 빈곤의 다양한 측면을 파악하기 위해서 인간빈곤지수를 도입했다. 인간개발지수가 한 국가의 인간개발의 달성에 있어서 전반적인 발전을 측정하는 반면, 인간빈곤지수(HPI)는 인간개발지수와 동일한 차원에서 인간의 기본적 개발에 대한 저해요소를 계량화한다. 인간빈곤지수는 어떤 한 집단의 빈곤정도를 총체적으로 측정하여 나타낸다. 인간빈곤의 모든 측면을 하나의 계량적인 지수로서 나타내는 것은 매우 어렵기 때문에 인간빈곤의 개념은 단순한 수치이상의 의미를 지닌다. 정치적 자유의 부족, 개인적인 안전에 대한 위협, 공동체의 생활에 자유롭게 참여할 수 있는 기회의 부재, 그리고 지속가능성에 대한 위협 등은 좀처럼 쉽게 측정될 수도 없고 계량화하기도 어렵다. 그럼에도 불구하고 인간빈곤지수는 인간개발지수에서 이미 반영된 세 가지 필수적인 요소(수명, 지식, 적절한 생활 수준)의 박탈에 초점을 맞추고 있다. 인간개발지수와 인간빈곤지수의 차이점은 인간개발지수는 한 공동체 국가의 인간개발의 진보를 총체적으로 측정하는 반면, 인간빈곤지수는 박탈, 즉 공동체에서 진보로부터 소외된 사람들의 비율의 정도를 측정한 것이다. 인간개발보고서에는 인간빈곤지수를 개도국의 인간빈곤측정을 ""인간빈곤지수-1(HPI-1)""로 표시하고, 선진국의 인간빈곤측정을 ""인간빈곤지수-2(HPI-2)""로 구분하여 표시하고 있다. 개도국을 측정하는 인간빈곤지수-1에 사용된 세 가지 차원은 건강, 지식, 적절한 생활수준을 적용하여 측정하고, 선진국에는 인간빈곤지수-1에 적용된 것이 동일하게 적용되지만 거기에 사용된 척도는 대체될 필요가 있어 다른 항목들을 추가적으로 적용하고 있다. 인간빈곤지수-2에는 다음과 같은 항목들을 포함한다. ①생존권의 박탈(60세이전에 사망할 것으로 예상되는 인구의 백분율로 측정), ②지식의 결핍(현대사회에서 필요한 가장 기본적인 요구사항인 읽고 쓰는 능력이 부족한 상태를 인구의 백분율로 측정), ③경제적 자원의 박탈(개인가처분 소득이 중위값의 50%이하인 사람들의 백분율로 측정), ④사회적 소외(전체 노동력에서 차지하는 장기 실업자들의 백분율로 측정) 등을 적용하여 측정한다. 수명과 문맹률의 측정에 있어서 인간빈곤지수-2는 인간빈곤지수-1과 동일한 척도를 사용하지만, 인간빈곤지수-1보다 높은 하한선을 적용한다.   "
261,BHN,Basic Human Needs,인간기본욕구," 과거 원조는 생산력의 증대를 목표로 하는 것이 많았으나 소득분배의 불균형으로 빈곤층의 생활개선에 도움이 되고 있지 못하다는 인식 하에 개도국의 빈곤층에 직접적인 이익을 주는 식량, 물, 주택, 의복, 보건, 의료, 교육 등 분야의 원조에 중점을 두어야 한다는 방안이다. 1973년경부터 미국, 세계은행을 중심으로 제창되어 ILO, DAC에도 계승되어 현재에 이르고 있으나, 개도국의 경제성장을 억압하게 된다는 측면에서 비판도 있다.   "
262,HDI,Human Development Index,인간개발지수,"한 나라의 개발수준을 평가하기 위해 유엔개발계획(UNDP)이 새로 고안한 지표이다. 과거 개발원조가 개도국의 빈곤완화에 직접적으로 결부되지는 않는다는 인식에 기초한 것이다. 경제개발지수에 덧붙여 인간개발지수, 즉 국민소득, 고용, 교육, 건강, 환경 등의 개념을 취합한 것이다. UNDP에서는 1990년부터 ""기대수명"", ""성인문자 해득율"", ""1인당 국민총생산(구매력 평가, 빈곤층 비율에 의해 조정)"" 세 가지 지표로 각국의 인간개발지수를 분석하여 ""인간개발보고서(Human Development Report)""를 발간하고 있다. 그러나 인간개발이 인간개발지수보다는 더 넓은 개념이다. 인간개발의 중요성은 양으로 측정할 수 없기 때문에 하나의 포괄적인 척도나 지수의 사용은 불가능하다. 그러나 인간개발의 수준을 복합적으로 측정함으로써 인간개발 문제에 대한 관심을 상당히 효과적으로 불러일으킬 수 있다. 인간개발지수는 인간개발에 관한 다양한 관심사를 모두 포괄할 수 있는 완전한 대안은 아니다. 인간개발지수는 세 가지 기본적인 차원인 ""수명, 지식 그리고 적절한 생활수준""에 대한 국가별 성취정도를 측정한다. 이는 평균수명, 교육수준(성인의 문자해득과 초중고 입학)과 소득에 의해서 측정된다. 인간개발보고서는 지난 90년부터 유엔개발계획(UNDP)이 매년 발표하는 각국의 ""삶의 질""에 관한 평가보고서로서 각국의 평균 수명과 교육수준, 1인당 국민소득 등 모두 206개 지표를 토대로 작성한다.   "
263,,United Nations Spe- cial Fund,유엔특별기금,"개도국의 개발촉진을 지원할 목적으로 설치된 유엔의 원조기금으로서 개도국의 경제 및 사회개발 원조를 위하여 1958년 10월, 5천만 달러의 기금으로 발족했으며, 유엔총회와 경제사회이사회(Economic and So- cial Council: ECOSOC)의 관리를 받았다. ECOSOC에서 선출한 선진국 9개국, 개도국 9개국의 18개국으로 구성된 관리이사회가 운영했다. 개발투자에 앞서 자원조사·기술자 양성·전문가 파견 등의 사업을 했으나, 1965년 20차 총회의 결의에 의해 유엔기술원조확대계획(United Nations Expanded Program of Technical Assistance: UNEPTA)과 통합하여 유엔개발계획(United Nations Devel- opment Progam: UNDP)로 재설립되었다.   "
264,,Specialized Agencies of the United Nations,유엔전문기구,"유엔과 협정을 맺고 제휴·협력하며, 특정한 목적과 임무를 수행하는 정부간 국제기구를 말한다. 각국 정부간의 협정에 의해 설치되고, 유엔과 협조관계를 유지하면서 경제·사회·문화·교육·보건 기타 연관된 분야에서 특정한 목적과 임무를 수행하는 국제기구이다. 협정은 ECOSOC와 각 전문기구 사이에 체결하여 유엔총회의 승인을 받는다. 전문기구들은 독자적인 회원국제도를 가지며, 입법·행정기구, 사무국 및 자체예산을 갖는 자율적인 기구이다. 유엔헌장 제64조에 따라 매년 ECOSOC에 보고서를 제출하며, ECOSOC의 조정기구를 통해 유엔 또는 각 전문기구와 협력한다. 현재 유엔전문기구는 국제노동기구(Internatio- nal Labour Organization: ILO), 유엔식량농업기구(Food and Agriculture Organization: FAO), 유엔교육과학문화기구(United Nations Educational Scientific Cultural Organization: UN- ESCO), 세계보건기구(World Health Organization: WHO), 국제부흥개발은행(International Bank for Recon- struction and Development: IBRD), 국제개발협회(International Develop- ment Association: IDA), 국제금융공사 (International Finance Corparation: IFC), 국제통화기금(International Mo- netary Fund: IMF), 국제민간항공기구(International Civil Aviation Organi- zation: ICAO), 만국우현연합(Univer- sal Postal Union: UPU), 국제전기통신엽합(International Telecommunication Union: ITU), 세계기상기구 (World Meteoro-logical Organization: WMO), 국제해사기구(International Maritime Organization: IMO), 세계지적소유권기구(World Intellectual Property Or- ganization: WIPO), 국제농업개발기금(International Fund for Agricultural Development: IFAD), 유엔공업개발기구(United Nations Industrial Development Organization: UNIDO) 등이다. 그리고 국제원자력기구(Inter- national Atomic Energy Agency: IAEA)와 관세 및 무역에 관한 일반협정(General Agreement onTariffs and Trade: GATT)은 유엔의 전문기구에 준하는 정부간 국제기구이다.   "
265,,United Nations Popu- lation Fund,유엔인구기금,"인구문제에 관한 사회적·경제적·인권적 측면의 인식을 높이고 개도국의 인구정책을 지원하는 기관이다. 1966년 유엔 제21차 총회의 결의에 따라 1967년에 유엔인구활동신탁기금이 설립되었고, 이것이 1987년 유엔인구활동기금(United Na- tions Fund for Population Activities: UNFPA)으로 바뀌었다가, 다시 현재의 이름으로 변경되었다. 그러나 UNFPA라는 약어는 그대로 쓴다. 1979년에 유엔총회의 보조기관이 되었다. 조직은 사무국장과 이사회로 구성되며, 사무국장은 기금에 대한 행정책임자로서 유엔총회의 지시를 받는다. 이사회는 경제사회이사회(Economic and So- cial Council: ECOSOC)가 정하는 조건에 따라 유엔개발계획(United Na- tions Development Programme: UN- DP)의 집행이사회가 겸한다. 세계 인구문제 해결에 필요한 자금을 지원하며, 언론 및 교육사업, 인구밀도, 기본자료 수집 등의 주요사업 외에 개도국의 인구정책과 관련한 특별사업을 펼친다. 개도국의 인구정책과 가족계획을 위해 각 대상 국가에 적합한 방법으로 조직적이고 지속적인 원조를 제공하며, 가족계획의 인권적 측면에 관한 인식, 세계의 인구문제가 갖는 사회적·환경적 의미에 대한 인식을 제고하기 위한 전략을 개발한다. 1974년을 세계인구년도로 정한이래 동년 8월 부쿠레슈티에서 열린 세계인구회의, 1984년 멕시코시티에서 열린 국제인구회의 및 1994년 9월 카이로에서 열린 ""유엔 인구와 개발에 관한 회의""를 주도적으로 준비·개최했으며, 1987년 7월 11일을 ""세계인구 50억의 날""로 지정하는 등 인구문제에 대한 여론형성에 기여했다. 부쿠레슈티에서 채택되고 멕시코시티에서 계속하기로 결정된 ""세계인구행동계획""의 추진·감시를 담당하는 한편, 가족계획에 관한 정보활동, 통계수집, ""세계인구현황"" 발간 등 세계 각지에서 약 700∼900개의 프로젝트를 수행한다. 재원은 주로 각국 정부 또는 민간의 자발적 기부금으로 충당한다. 미국은 레이건(R. W. Reagan) 대통령 때 낙태에 반대하는 입장에서 인구기금에 대한 자금제공을 중지했다가 빌 클린턴(Bill Clinton) 대통령 때 다시 제공하기 시작했다. 특히 UN- FPA는 각 국의 NGO와 밀접한 관련을 맺고 기금의 15% 이상을 NGO에 제공한다. 실제로 인구문제와 관련한 산아제한과 같은 예민한 문제는 NGO의 활동을 통해서 접근하는 편이 효과적이기 때문이다. 1995년에는 NGO의 자문을 얻기 위해 NGO자문위원회(Advisory Committee)를 설립했다. 가입국은 155개국이며, 한국은 1973년에 가입했다. 본부는 미국 뉴욕에 있다.   "
266,,Loan Assistance,유상자금협력,"저리이며 변제기간이 장기인 완화된 조건의 양자간 자금협력을 의미한다. 우리나라의 경우, 대 개도국 지원을 위한 ""대외경제협력기금""을 수출입은행에서 집행하고 있으며, 일본은 엔화에 기초한""엔 차관""을 해외경제협력기금(OECF)이 실시하고 있다. 개도국의 경제개발과 복지 향상에 기여할 것을 조건으로 하며, 증여율이 25%이상 되어야 한다.   "
267,EU,European Union,유럽연합,"1957년 유럽경제공동체(European Eco- nomic Community: EEC)가 출범한 이래 단일유럽법과 마스트리히트조약에 의한 유럽공동체(European Commu- nity: EC)의 새로운 명칭이다. 유럽의 정치·경제 통합을 실현하기 위하여 1993년 11월 1일에 발효된 마스트리히트조약(Maastricht Treaty)에 따라 출범한 유럽 12개국 연합기구로 약칭은 EU이다. 당초 EEC 회원국은 벨기에, 프랑스, 서독, 이탈리아, 룩셈부르크, 네덜란드였고, 1973년에 덴마크, 아일랜드, 영국, 1981년에 그리스, 1986년에 포르투갈과 스페인, 1995년에는 오스트리아, 핀란드, 스웨덴 등 유럽자유무역연합(European Free Trade Asociation: EFTA) 회원국이 모두 가입하였다. EU의 역사는 1950년대부터 시작한다. 1950년 프랑스의 로베르 슈만(Robert Schuman)과 독일의 콘라드 아데나워(Konrad Adenauer)는 유럽석탄철강공동체(European Coal and Steel Community: ECSC)에 대한 구상을 발표하였다. 독일의 재무장을 억제하려는 프랑스와 전후 상실된 국제적 영향력을 재고하려는 독일의 이해, 유럽공동시장의 창출을 통한 경제적 효과를 기대한 이탈리아와 베네룩스 3국의 이해가 합치하여 1951년 파리조약에 따라 ESEC가 설립되었다. 또 1957년 로마조약에 따라 EEC와 유럽원자력공동체(European Atomic Ener- gy Community: Euratom)가 출범하였다. 이후 1965년 합병조약(Merger Treaty)으로 각 공동체가 집행위원회, 유럽의회 등의 기관을 공유하게 되었다. 이후 유럽연합(EU)의 발전과정은 대략 다음과 같은 세 단계로 나누어 볼 수 있다. ①ESEC의 탄생부터 룩셈부르크 타협으로 회원국가의 거부권을 인정한 1966년까지가 탄생과 성장의 시기이다. ②정체와 부활의 시기로 1966년부터 1985년까지이다. 이 시기에 대부분의 유럽국가들은 국민국가 단위의 발전전략, 즉 케인즈주의적 모델에 입각한 복지국가 건설을 추진하였다. 따라서 각 국이 일국적 발전전략을 추진하였기 때문에 일반적으로 이 시기를 EU의 정체기라고 평가하나 그 성과는 결코 무시할 수 없다. 1968년 회원국간의 관세장벽을 철폐하고 대외공동관세정책을 마련함으로써 관세동맹(Customs Union)을 창설하였고, 1969년 대외정책에 대한 정기적인 자문을 수행하는 유럽정치협력체(European Political Cooperation: EPC)를 설치하였다. 1970년 회원국가의 부가가치세 일부를 공동체의 수입으로 할당하기로 결정하였고, 1975년 공동체 예산결정과정에서 유럽의회의 권한을 강화하는 조정절차를 도입하였다. 1975년부터 정책결정과정에 중요한 영향력을 행사하는 유럽정상회담(European Council)을 정기적으로 개최하기 시작하였다. 또한 이 단계에서는 1971년 베르너 보고서(Werner Report)에 기초하여 통화동맹을 모색하였고, 1978년 유럽통화제도(EMS)와 환율조정제도(Exchange Rate Mecha- nism: ERM)를 발족하여 통화정책에 대한 협의가 이루어졌다. ③ 새로운 도약의 시기로 1985년부터 현재까지이다. 이 시기에 특징적인 것은 1991년 마스트리히트조약인데, 유럽단일통화의 창출을 추진하는 것과 EC를 EU로 변경하여 공동체 통합에 일보 진전을 이룩하였다. 하지만 EU는 EC와는 달리 법률적 실체는 아니며 유럽통합을 추진하는 추상적 주체개념이다.   "
268,EC,European Community,유럽공동체,"EC, 유럽석탄철강공동체(Eur- opean Coal amp; Steel Community: ECSC), 유럽원자력공동체(European Atomic Energy Community: Eura- tom)의 총칭이다. 1967년 7월 유럽경제공동체(European Economic Com- munity: EEC)의 법적 기초를 이루는 로마조약 조인 10주년을 맞이하여 이들 3조직의 집행기관이 종합하여 일체가 되어 새로운 출발을 했기 때문에 이 이름이 쓰여지게 되었다. 종래는 프랑스, 서독, 이탈리아, 벨기에, 네덜란드, 룩셈부르크 등 유럽 6개국으로 구성되어 있었으나, 1973년 1월 1일 영국, 덴마크, 아일랜드의 3개국이 신규가입, 다시 1981년 1월 1일부터 그리스가 가맹하여 10개국이 되었으며 스페인, 포르투갈도 1986년 1월에 가맹하여 12개국 체제가 되었다. 활동 주체로 되어 있는 EEC는 1958년 1월에 발족, 1959년 1월부터 실시단계에 돌입했다. 로마조약의 규정에 의하면 ①역내제국간의 관세전폐와 수출입제한의 철폐 ②대외공통관세의 설정과 공동통상정책의 수립 ③농업, 운수, 경쟁제한 등의 방면에서의 공통정책의 작성 ④노동력, 자본이동, 기업 설립 등의 자유화 ⑤유럽투자은행의 설립 등을 행하도록 되어 있었다. EC의 기구에는 각료이사회(Council of Minis- ters), 유럽의회(European Parliament), 사법재판소(Court of Justice), 유럽위원회(European Commission)가 있다. 각료이사회는 EC의 최고결정기관이며 가맹국의 대표(각료)로 구성, 가맹국의 일반 경제정책을 조정한다. 유럽회의는 로마조약에 정해진 제기관이 특정국의 이익에 사로잡히지 않고 EC전체의 입장에 서서 행동하고 있는가의 여부를 감독하는 권한을 갖는다. 사법재판소는 로마조약의 해석이나 적용에 대한 법규를 준수하기 위한 기관이다. 또 유럽위원회는 EC위원회라고도 불리며 ①EC 각 기관이 채택한 조치의 실시를 감독하고 ②로마조약이 규정한 사항에 대하여 권고나 의견을 작성하며 ③이사회가 결정한 규칙을 실시하는 것 등을 임무로 하고 있다. 위원회의 권고가 대부분 그대로 각료이사회를 통과하는 일이 많고 EC의 통합추진을 위해서도 특히 중요한 기관이 되고 있다.   "
269,NICs,Newly Industrializing Countries,신흥공업국,"1960∼1970년대를 통해 급속한 경제발전을 이룩한 선진국과 후진국의 중간에 있는 국가군으로 중진국이라고도 한다. 한국, 대만, 홍콩, 브라질, 싱가포르, 멕시코 등이 이에 속한다. 이들 국가들은 수출지향적 공업화정책 또는 수입대체 공업화정책 등을 통해 세계의 공업생산과 공산품 수출에서 차지하는 비율의 급속한 확대, 국내 공업부문의 생산·고용 비율의 증대, 1인당 GNP의 높은 성장률과 대 선진국과의 격차를 축소하는 데 성공하였다. 그러나 1970년대 후반에 들어서면서 브라질과 멕시코 등은 채무위기, 엄청난 인플레이션 등으로 성장이 둔화되면서 급기야는 자본축적의 동력이 쇠퇴하여, 이 대열에서 탈락하였다.   "
270,,Rapid Appraisal Tech- niques,신속평가기법,"원조평가 실시의 한 방법으로 동 기법은 신속하며 특히 사업에 관한 경영자의 정보수요를 지원하는데 있어서 저비용으로 체계적인 정보수집이 가능한 방법이다. 동 기법은 신속하고 저비용인 반면 신뢰도가 낮은 약식평가기법과 타당성 및 신뢰도는 높으나 고비용과 전문적 기술, 시간 등을 요하는 정식평가기법(센서스, 조사, 실험 등)의 장점만을 혼합하여 평가하는 기법이다. 동 기법은 주로 의사결정시 질적이고 기술적 정보만으로 충분할 때, how와 why라는 대답이 필요할 때, 모니터링으로 부터 얻은 계량적 정보를 설명해야 할 때, 사업개선을 위한 실무적 제언이 필요할 때 활용한다.   "
271,,Quick Disbursing Loan,신속차관,"선진국의 양자간 원조는 주로 프로젝트 형태인데 대규모 원조사업의 경우 세밀한 사전조사와 설계에 시간과 노력이 걸리고, 수원국에 대한 파급효과를 조사하는데도 시간이 많이 필요하다. 일본의 경우 공여규모의 확대에 따라 원조집행에 시간이 걸리고, 엔고 경향 등으로 미국의 달러로 환산하는 개발원조위원회(DAC)의 액수와 실제 지출액의 차이가 커지는 경향이 있다. 이에 따라 신속한 의사결정 및 집행이 필요한 경우, 비프로젝트형 원조(Non-Project Aid)등에서 신속차관(Quick Disbursing Loan)이 요구되고 있다. 상품차관과 같은 비프로젝트형 원조(Non-Project Aid)도 신속차관의 한 형태이며 이는 계약조인에서 대부 완료까지 비교적 단기간에 이루어진다.   "
272,NIEO,New International Economic Order,신국제경제질서,"1973년 말의 OPEC공세이래 개도국이 강력히 요청하고 있는 도상국의 이익을 중시한 새로운 세계의 경제질서이다. 현재 세계경제의 체제는 선진국에 이익을 가져오는 것이며 근본적으로 변혁되지 않는 한 개도국의 이익은 있을 수 없다고 하는 사고방식이 바탕을 이루고 있다. 1974년 제6회 UN 특별총회(자원총회)에서 이것을 원칙적으로 인정하여 ""신국제경제질서 수립선언""이 채택되었다. 구체적으로는 자원의 항구주권, 개도국 상품의 가격연동제에 의한 가격보상, 생산국 카르텔 촉진 등이 요구항목이다. 개도국은 UN이나 UNCTAD, 비동맹회의, 국제경제협력회의(CIEC) 등을 통해 NIEO의 실현을 요구하고 있다.   "
273,,Aid for Increased Food Production,식량증산원조,"무상자금협력 형태의 하나이다. 개도국의 식량문제 해결을 위해서는 자조노력에 의한 식량생산의 증가가 무엇보다도 중요하다. 식량증산원조 대상물자로서는 비료, 농약, 농기구 등이 있다. 동 원조는 일반무상원조의 범위 내에서 실시되는 각종 농업 프로젝트원조와 함께 농업개발에 중점을 두고 있는 개도국에 대해 큰 공헌을 하고 있다. 식량증산원조에 의해 공여되는 농업기자재는 비료, 농약, 소형농기구에 국한되지 않고 농업용 기계(경운기, 트랙터, 농약살포기, 탈곡기, 트럭-트렌치-펌푸), 운송차량 등 폭넓은 농업생산 향상을 위해 필요한 기자재가 포함된다. 식량원조가 케네디 라운드 교섭과 관련하여 KR원조라고 통칭되는데 비해 식량증산원조는 ""2KR""이라 한다.   "
274,,Food Aid,식량원조, 개도국의 식량부족난 완화 및 주요 곡물을 구입하기 위한 자금을 무상으로 공여하는 무상자금협력의 하나로 1995년 체결된 국제곡물협정 가운데 식량원조규약에 의하여 실시되고 있다. 일본의 경우 식량원조 규약에 기초한 소맥환산방법에 의하여 구입자금을 제공한다. 공여대상국은 무상자금협력 대상국 가운데 식량부족 현상이 심각하고 식량자급률이 낮은 것을 지원의 조건으로 한다. 그 대신 수원국은 자금을 적립할 의무를 지고 있음. 이를 KR원조라 부르는 것은 상기 국제곡물협정 중 식량완화규약이 케네디 대통령에 의하여 제창된 관세 및 무역에 관한 일반협정(GATT)의 관세 일괄인하 교섭(Kennedy Round)의 일환으로 만들어졌기 때문이다.   
275,,Customer Service As- sessment,수혜자평가," 수혜자측 시각을 파악하기 위한 기법으로 최종수혜자와 중간수혜자에 의한 평가이며 사업실시관련 피드백을 목적으로 실시한다. 수혜자평가는 공여국의 전략계획 및 전략목표 등에 관한 수혜자, 또는 잠재적인 수혜자의 의견을 도출해 내는데도 활용된다. 사업부서는 수혜자평가를 통해 개발수요와 우선분야 등에 대한 새로운 정보를 얻을 수 있다. "
276,CSP,Customer Service Plan,수혜자서비스계획, 사업목표달성을 위해 수혜자 및 관계자를 고려하는 개념으로 수혜자의 피드백을 통하여 수혜자의 욕구를 사업내용 선정시 어떻게 반영할 것인가를 다룬다.   
277,WFP,World Food Program-me,세계식량계획," 식량원조를 통해 개도국의 경제·사회 발전을 도모하기 위하여 설립한 유엔기구이다. 1961년 UN총회와 UN 식량농업기구(Food and Agriculture Organization: FAO)의 결의로 설립, 1963년부터 기능을 발휘하였다. 사무총장의 임기는 5년이며 조직은 식량원조정책 및 계획위원회(Committee of Food Aid Policies and Programmes: CFA)와 유엔경제사회이사회, 식량농업기구(FAO)에서 선출된 인원이 모여 매년 2회 정기회의를 개최한다. 주요 활동은 식량원조와 긴급구호활동이며 이러한 활동을 통해 저개발국의 경제개발을 촉진시키는 것이 목적이다. 일용품, 현금, 용역의 기부를 포함하는 세계식량계획은 수혜국들이 균형식을 유지하고 개간과 관개사업을 확장하여 식량조달의 어려움을 극복하는 데 중점을 둔다. 1995년 10월 북한 평양에 최초로 세계식량계획 상주사무소를 개소하였고 같은 해 11월 36만 명의 한달 양식에 해당하는 쌀을 원조하였다. 사무국은 이탈리아 로마에 있다.   "
278,WHO,World Health Organi- zation,세계보건기구,"1948년 보건상태의 향상을 위한 국제적 협력을 촉진시키기 위해 설립된 유엔 특별기구이다. 이 기구는 1923년에 설립된 국제연맹 산하 보건기구와 1909년 파리에 설립된 국제공중보건사무소의 전염병 통제, 격리조치, 약물표준화 등에 관련된 특수한 업무를 계승했으며, 모든 사람들이 최상의 건강상태를 달성할 수 있도록 하는 정책을 추진하기 위해 보건기구헌장의 범위 내에서 폭넓은 권한을 위임받고 있다. WHO는 건강을 단순하게 질병이 없는 상태로서가 아니라 완전한 육체적, 정신적, 그리고 사회복지의 상태라고 하는 적극적 의미로 규정하고 있다. 제네바에 본부를 두고 있는 WHO는 3개의 주요기관에 의해서 운영된다. 세계보건총회는 전반적인 정책을 결정하는 기관으로서 매년 소집되고, 집행위원회는 보건전문가로 구성되어 있으며 이들은 총회에서 3년 임기로 선출된다. 마지막으로 사무국은 전 세계적으로 지역사무소와 분야별 행정요원들을 갖추고 있다. 조직의 재정은 우선 상대적인 기여 능력에 따라 회원국 정부가 매년 기부하는 재원으로 충당된다. 이와 함께 1951년 이후에는 UN의 기술원조확대계획에 따라 실질적인 자원을 배분 받고 있다. WHO의 업무는 3가지로 분류된다. 첫째, 중앙검역소 업무와 연구자료를 제공한다. 이 기구는 성문화된 세계위생법을 갖추고 있는데 이 법은 불필요하게 국가간 무역이나 항공여행 등을 방해하는 일이 없도록 검역조치를 표준화했다. WHO 중앙사무국은 또한 회원국 정부에게 백신의 사용이나 암연구, 영양학적 발견, 약물중독의 통제, 방사능에 의한 건강상의 위해 등에 관한 최신 정보를 제공한다. 둘째, 이 기구는 유행병 및 전염병에 대한 대책을 후원한다. 즉 국가적 범위의 예방접종계획 등을 포함하여 대중 캠페인을 벌이는 일, 항생제 및 살충제 사용 교육, 조기진료 및 예방을 위한 연구소와 의료시설의 향상, 깨끗한 생수 공급과 위생 체계 등을 도와주는 일, 그리고 시골지역 주민에 대한 건강 교육 등의 사업을 추진한다. 이러한 사업들은 결핵, 말라리아, 성병 등에서 상당한 성공을 거두었으며, 콜레라, 트라코마, 황열병, 인도마마에서도 괄목할 만한 진전을 가져왔다. 1980년 5월 천연두가 지구상에서 박멸되었다고 선언했는데 이것은 주로 WHO의 노력에 따른 성공이었다. 셋째, 회원국의 공중보건 행정을 강화하고 확장하도록 노력한다. 회원국의 요청이 있으면 장기 국민보건계획을 준비하는 정부에게 기술적인 권고를 해주고, 현지 조사나 시범연구계획을 수행할 전문가단을 파견한다.   "
279,,Gender Equality,성평등," 성평등이란 사회적으로 가치 있는 재화와 기회, 보상 등을 여성과 남성이 동등하게 향유할 것을 요구하는 것이다. 성평등은 남성들과 여성들이 같은 존재가 되는 것을 의미하는 것이 아니라, 그들이 제반 기회와 삶의 가능성이 평등하다는 것을 의미한다. 성평등과 여성의 권한강화에 대한 강조는 모든 사회와 문화에 적용될 수 있는 특별한 성평등의 모델을 가정하는 것은 아니라, 여성들과 남성들이 성평등이 무엇을 의미하는지에 대해 결정하며 그것을 달성하기 위해 협력하여 일할 동일한 기회를 가지고 있다는 어떤 관심을 반영하는 것이다. 작금의 불평등으로 인해 남성들과 여성들을 동등하게 대우하는 것은 성평등의 한 전략으로서는 불충분하다. 불평등의 맥락에서 볼 때 동등한 대우는 불평등의 영구화를 의미할 수도 있다. 성평등을 이룬다는 것은 불평등을 강화시키고 유지시키는 사회적 관계와 제도적 실행들의 변화를 요구하는 것이다. 그것은 또한 그들의 사회를 형성함에 있어서 여성들을 위한 강력한 목소리를 요구한다.  "
280,GDI,Gender-related De- velopment Index,성관련개발지수,"인간개발보고서는 1995년에 성관련개발지수를 도입했는데, 이 지수는 인간개발에 있어 남성과 여성사이의 불평등의 정보를 보여주기 위해서 인간개발지수와 동일한 변수를 사용하여 성관련 인간개발 상태를 측정하였다. 인간개발에 있어 성적격차가 커질수록 한 국가의 성관련개발지수는 인간개발지수와 비교해서 상대적으로 낮아진다.   "
281,,Advanced Countries,선진국,"경제개발이 앞선 나라를 후진국·개도국에 대비하여 이르는 말이다. 선진국이라는 말은 매우 애매하고 막연하게 사용되는 용어인데, 이 말을 쓰는 측면의 다양성, 이것을 관찰하는 자의 입장의 차이에서 각각 견해가 달라 정의를 내리기는 어렵다. 지난날 한때는 후진자본주의 국가인 독일, 일본, 이탈리아 등에 대해, 선진자본주의 국가로서의 영국, 프랑스 등을 가리켰듯이, 선진국·후진국이라는 개념이 하나로서 대비되는 상대적·극한적 개념으로 쓰이는 경우가 많았다. 현재는 개도국 문제에 대한 연구를 통해상식적으로는 경제적 입장에서 선진국, 중진국, 후진국이라는 3단계설이 주장되고 있다. 이러한 구별에 대해서는 종래에 여러 주장이 있었다. 예를 들면, 1인당 소득수준, 산업인구 구조비율, 자원의 개발상황, 국제정치·경제관계, 경쟁적응력 등이다. 이 경우 경제적 입장을 고려하여 1인당 소득수준, 공업화의 진전도가 기준이 된다. 고소득국이지만 공업화가 진행되지 않은 중동산유국 등은 선진국으로 분류하지는 않는다. 경제적 발전은 과학·기술, 정치·사회 제도 및 기타 문화적 여러 측면의 발전이 전제가 되기 때문에 선진국은 경제면만이 아니라 정치·사회·문화를 망라하여 종합적으로 판단, 비교적 발전하고 있는 나라라고 정의할 수 있다. 최근 선진국, 개도국의 구분 외에, 그 중간에 급속히경제성장, 공업화를 이룩한 한국, 대만, 싱가포르 등을 중진국 또는 신흥공업국으로 부르는 3단계 구분도 사용되고 있다.   "
282,CBD,Convention on Bio-logical Diversity,생물다양성협약,"지구규모로 가속화되는 생물종의 멸종을 방지하기 위해 생물의 다양성을 포괄적으로 보존하고 지속적으로 이용하는 것을 목적으로 채택된 조약이다. 지금까지의 야생생물 보호·보전에 관한 국제적 약속은 특정의 종이나 생식지에 집중되었지만 본 조약은 생물의 다양성 전체를 대상으로 하고 있다. 생물의 다양성이란 생식지, 종, 유전자의 3가지 측면에서의 다양성에 대한 총칭이며 이러한 다양성을 보전하지 않으면 생물을 멸종으로부터 구할 수 없다고 하는 것이 본 조약의 기본적인 입장이다. 또한, 단지 보호만이 아니고 지속적인 이용을 도모해 나가면서 보전하는 방식을 취하고 있는 것이 특징이다. 환경과 개발에 유엔회의(지구정상회담)에서는 한국을 포함한 150국 대표가 서명했다.   "
283,,Repayment Period,상환기간,"거치기간 종료 후 차관만료일까지를 상환기간이라고 하며, 이 기간 중에 차관의 상환 및 미상환잔액에 대한 이자지급이 진행된다. 원금의 상환은 유로 달러차관일 경우 상환기간 개시일 및 그 이후 6개월마다 균등 할부상환을 원칙으로 하며 할부회수는 ""상환년수÷2＋1""로 계산된다.   "
284,,Commodity Aid,상품원조,"특정 개도국이 국제수지 적자 및 외환부족으로 국내경제 운용에 필요한 필수적인 기초 물자도 수입하지 못하고 이로 인해 인플레이션, 사회불안을 야기하거나, 산업생산을 위한 원료부족, 설비부품의 조달불가 등으로 경제개발이 어려운 경우, 이러한 상황에 대처하기 위해 필요 물자나 기자재를 구입하려는 국가에 무상, 유상으로 자금을 공여하여 경제안정과 개발에 기여하려는 목적으로 공여되는 자금이다. 단기간에 실시된다는 점과 지원이 신속하게 이루어진다는 특징이 있다.   "
285,,Tripartite Cooperation,삼각협력,"어떤 개도국의 개발에 2개의 공여국이 공동으로 협력사업을 실시하는 것을 뜻한다. 일본의 경우 최초의 삼각협력은 1994년부터 캄보디아에서 실시된 ""캄보디아난민 재정착, 농촌개발계획""에서 시작되었다. 이는 캄보디아 내전 후 해외에서 귀국한 귀국자의 재정착을 지원하기 위해 시작되었으며, 일본-아세안(ASEAN)이 공동으로 실시하였다. 구체적으로 일본에서는 청년해외협력대 자원봉사자(JOCV)를 파견하였으며 말레이시아, 필리핀, 인도네시아, 태국에서도 각 분야 전문가를 파견하여 캄보디아 농업, 생활수준 향상, 교육, 공중위생 등 4분야에서 협력활동을 실시하였다. 전체 프로젝트의 조정은 일본국제협력사업단(JICA)의 전문가가 담당하였으며, 삼각협력은 기술수준이 약간 뛰어난 주변국가(선발국)에서 기술자가 파견되어 개도국 수준에 맞는 적정수준의 기술을 이전할 수 있고 인건비도 저렴하다는 이점이 있다.   "
286,,Social Safety Net,사회안전망,"근로자가 실업이나 소득의 감소 등으로 인해 경제적 어려움에 처할 경우 정부가 나서서 이를 구제해주는 일련의 사회보장 프로그램이다. <B>[광의개념의 사회안전망]</B>사회안전망과 관련된 국내의 논의에서는 이를 사실상 ""사회보장""과 거의 같은 의미로 넓게 규정하고 있다. 공공연금, 의료보험, 실업보험, 산재보험 등 4대 사회보험을 1차 사회안전망으로, 사회부조, 실업부조 등 공공부조를 2차 사회안전망으로 간주하여 양자를 포괄하는 것으로 본다. <B>[협의개념의 사회안전망]</B>빈곤에 대한 최후의 보루로서의 ""사회장치""라는 정도의 의미로 규정한다. 개인적 관점에서 볼 때 ""생활유지를 위한 수단을 결여한 사회구성원이 자력만으로는 생활을 유지할 수 없는 경우 의존할 수밖에 없는 사회적 장치, 즉 최종적인 의존처(last resorts)""이며, 국가나 지방정부와 같은 정책주체의 관점에서 볼 때 ""자력만으로는 생활을 유지할 수 없는 상태에 놓인 사회구성원을 정상적인 노동 및 사회활동이 가능할 때까지 최소한의 생활유지가 가능하도록 해주기 위해 준비, 보유하는 수단""을 의미한다. <B>[OECD 국가의 사회안전망]</B>1.사회부조(Social Assistance): 사회부조는 ①생계유지를 위한 수단을 갖지 못한 사람을 선정하여 빈곤상태에서 구하고 최소한의 생계를 지원(preventing desti- tution) 및 ②이를 통해 사회소외층을 최소화(reducing social margi- nalisation and exclusion) 하고자 하는 사회프로그램이다. 사회보장지출에서 차지하는 사회부조 지출액의 비중은 1980년 이후 대부분의 OECD 국가에서 크게 증가되어 왔음에도 불구하고 10% 미만이다. 2.실업급여(Un- employment Benefit): 실업급여제도의 긍정적인 측면은 소득지원을 통해 구직활동을 장려하고 정상적인 노동시장 접근에 전념케 함으로써 적극적 노동시장정책(Active Labor Market Policy)에의 참여를 이끌어낼 수 있다는 점을 들 수 있다. OECD 회원국중 엄밀한 의미에서는 프랑스, 독일, 오스트리아 3개국만이 실업보험 및 사회부조와 구분된 순수 형태의 실업부조제도를 두고 있다.   "
287,WSSD,World Summit for Social Development,사회개발정상회의,"1995년 3월 덴마크의 코펜하겐에서 유엔 사회개발정상회의(WSSD)가 개최되었다. 동 회의는 빈곤, 실업, 사회분열 등 소위 차가운 평화(Cold Peace) 시대에 인간안보를 위협하고 있는 사회적 갈등문제들에 대한 전지구적인 해결책을 찾기 위한 것이었다. 인간안보는 탈냉전시대의 새로운 국제안보개념으로 선진국과 개도국은 빈곤퇴치와 생산적 고용확대, 사회통합증진을 위한 노력을 다짐했다. 각국 대표들은 빈곤, 실업, 사회분열 등의 문제해결을 위해서는 3백억에서 4백억달러의 막대한 자금이 필요하다고 주장하고 있다. 그리하여 각국 대표들은 빈곤퇴치 등의 목표를 달성하기 위한 자금마련계획인 ""20 대 20 원칙""에 합의했다. ""20 대 20 원칙""은 선진국이 공적개발원조(ODA)의 20%를 사회개발을 위해 지출하고 대신 원조를 받는 개도국들은 예산의 20%를 사회개발에 지출하자는 것이다. 한편 우리나라는 180개국 중 부의장 국가의 하나로 피선되었고, 우리대표단은 사회통합에 있어서 가족역할의 중요성에 대한 내용을 UN문서에 처음으로 포함시켰다.   "
288,,Softening of Terms and Conditions of Aid,원조조건의 완화," 보통 원조조건에 관한 OECD의 개발원조위원회(DAC) 권고에서 볼 수 있듯이 ODA 전체 증여비중 향상 및 증여율(GE) 향상을 의미하는데, 무조건부 원조(untying) 및 GNP 비율 등 원조의 질과 양의 개선 전반을 포함하는 경우와 차관조건(금리, 변제기간, 거치기간)만의 협의의 완화를 의미하는 경우도 있다. 원조조건의 완화는 원조량의 증대와 함께 국제적 요청이 되고 있다.  "
289,,International Devel- opment Goal,원조의 국제목표,"ODA 대 GNP 비율 0.7% 목표는 1964년 제1차 유엔무역개발회의(UNCTAD)에서 자금의 흐름 총액 대 국민소득 비율 1% 권고를 발단으로 하여 1969년 피어슨보고서 ODA 대 GNP 비율 0.7% 권고에 따라 1970년 유엔총회 결의로 채택되었다. 동 결의 내용은 ""선진국은 각각 개도국에 대한 ODA를 점진적으로 증대하여 그 양이 1970년대 중반까지 시장가격 표시 GNP의 최저 0.7% 상당량에 달할 수 있도록 최대의 노력을 경주하기로 한다""는 것이었다. 이에 대해 일본, 벨기에 등은 달성기한에 대해 입장을 유보하고, 미국, 영국 등은 0.7% 목표를 수락하지 않았다. 그 후 1980년 유엔총회에서 ""ODA의 GNP비율 0.7%를 1985년까지, 늦어도 1980년대 후반 중에는 달성하도록 최선의 노력을 경주한다. 그 후 대 GNP 비율 1% 목표를 조속히 실현한다""는 내용을 채택했다. 1981년 당시 0.7% 목표를 달성한 나라는 스웨덴(1974), 네덜란드(1975), 노르웨이(1976), 덴마크(1978) 4개국뿐이다. 프랑스는 1988년까지 달성을 목표로 하고, 호주, 캐나다, 핀란드, 이탈리아는 1980년대 말까지 달성하도록 한다는 취지를 선언한 바 있다. 원조의 국제목표로서는 이밖에도 1978년 DAC 조건권고중의""증여율(G.E) 86% 이상"", 1981년 LLDC 유엔회의에서 채택된 ""향후 몇년내에 LLDC에 대한 ODA의 대 GNP 비율 0.15% 이상, 또는 배증 이상"" 등이 있다.   "
290,,Umbrella Coopera- tion,우산방식 협력,"어떤 목표달성을 위한 다양한 원조수단 (전문가파견, 개발조사, 유상자금협력, 무상자금협력, 프로젝트방식의 기술협력 등)을 유기적으로 결합해서 실시하는 협력방식을 말한다. 우산방식이란 명칭은 달성 목표를 우산의 자루, 다양한 원조수단를 우산의 뼈대(살)에 비유한데 연유한다. 일본에서 우산방식협력을 채택한 대표적인 경우는 1981년 인도네시아식량자급 프로그램이었다. 동 프로그램은 쌀증산, 작물생산 진흥, 농민생활수준 향상을 목적으로 전문가파견, 개발조사, 유상자금협력, 무상자금협력, 프로젝트방식의 기술협력 등을 조합하여 실시함으로서 높은 성과를 보였다. 우산방식 협력은 기존 일본이 실시하던 협력방식을 바꾼 것이 아니라, 각 수단들을 유기적으로 제휴시킴으로써, 각각의 협력사업에 상승효과를 높일 수 있다는 점을 발견한데 의의가 있다.   "
291,UR,Uruguay Round,우루과이 라운드,"관세 및 무역에 관한 일반협정(General Agreement on Tariffs and Trade: GATT) 하에 논의되었던 제8차 다자간 무역협상으로 과거 7차례의 다자간 협상과의 차이점은 우루과이라운드(UR)가 새로운 시대상황에 맞추어 매우 광범위한 의제를 다루고 있다는 점이다. UR협상은 상품그룹협상그룹(GNG)과 서비스협상그룹(GNS)을 양축으로(무역협상위원회가 양대 협상을 총괄) 하여 15개의 의제로 구성되어 있다. 이 의제의 특성을 살펴보면, 첫째, GATT체제의 확대와 관련된 것으로, 우선 농산물, 섬유류 교역이다. 이는 그동안 GATT체제 밖에 있었으나 이번 UR를 통해 GATT체제로 복귀하거나 흡수되었다. 다른 하나는 서비스, 무역관련 투자조치, 무역관련 지적재산권 등을 들 수 있는데 이들 의제는 이번에 처음으로 GATT 다자간 협상의제로 채택되었다. 둘째, GATT체제의 정비와 관련된 것이다. 여기에는 그동안 현실에서 상당 부분 훼손되었던 GATT규범을 재복원하고, 경우에 따라 현실에 맞게 새롭게 수정하는 데 중점을 둔 의제가 포함되었다. 예를 들면 세이프가드, 보조금 상계관세, 반덤핑관세 등이 여기에 속한다. 셋째, GATT체제의 강화와 관련된 것으로 각료급의 GATT 참여 확대, GATT와 국제통화 및 금융기구와의 관계 강화를 다루는GATT 기능 강화가 대표적이다. 또한 당초 협상의제에 포함되어 있지 않은 세계무역기구(WTO)의 설립 합의도 이 범주에 포함된다. 이것은 협정수준에 머물러 있던 GATT의 집행력을 강화시키는 데 일차적인 목적이 있다.   "
292,,Request-Basis Principle,요청주의," 공적개발원조 실시시 수원국 정부로부터 외교문서에 의한 공식 요청을 받은 후에 사업계획을 검토하여 실시하는 것을 말한다. 요청주의는 개도국의 정책을 존중함과 아울러 개도국의 자조노력을 촉진한다는 기본적인 사고에 기초한 것이다. 한편, 일부 선진원조국들은 원조국측에서 수원국에 안건을 제시하는 경우도 있는데 이를 ""협의주의""라고 한다.   "
293,PPP,Polluters Pay Prin-ciple,오염자부담원칙,"오염자 부담원칙은 OECD 국가들이 엄격한 환경규정을 도입하고, 높은 비용과 경쟁력에 미치는 부정적인 영향이 도출되기 시작한 1970년대 초부터 환경정책의 기본원칙으로 대두된 원칙으로서 3P또는 PPP로 줄여서 부르기도 한다. 오염자부담원칙이란 오염방지 조치를 이행하거나 오염으로 야기된 피해를 보상하는데 드는 비용을 오염자가 부담해야 한다는 것을 의미한다. OECD가 1972년에 채택한 ""환경정책의 국제경제적 측면에 관한 지침""(Guiding Principles on the International Econ- omic Aspects of Environmental Pol- icies)에서는 희소한 환경자원의 합리적인 사용을 촉진하고 국제무역과 환경투자를 왜곡시키지 않기 위해 오염방지 및 관리조치의 비용분담에 사용되는 원칙으로 정의하고 있다. 즉, 동 원칙은 환경이 수용 가능한 상태가 될 수 있도록 하기 위해 공공기관이 결정한 상기의 조치들을 이행하는데 드는 비용을 오염자가 부담해야 한다는 것이다.   "
294,OEEC,Organization for European Economic Cooperation,유럽경제협력기구," 1948년 4월 파리 협정에 의해 설치된 유럽의 경제조직으로서 유럽 부흥계획, 즉 마샬플랜에 따라 각 국의 노력을 조정하여 유럽 경제를 복구시키기 위해 설치되었다. OEEC의 많은 기능 중에는 특히 회원국간의 교역량 제한조치들을 폐지하고, 회원국간에 부족한 자원을 상호 배분하며, 경제적 공동 관심사를 논의할 정기회담을 위한 체제의 구상 등이 포함되었다. 1961년 OEEC는 비유럽국가들도 포함시키는 경제협력개발기구(OECD)로 대체되었다.   "
295,,Aid Fatigue,원조피로,"원조를 해도 눈에 보이는 효과가 없다. 90년대 들어 선진공여국에서 재정악화와 경기후퇴 등으로 원조공여량이 정체되는 현상을 나타내는 말로서 원조량이 증가하지 못하거나 감소하는 배경으로는 정부재정의 악화 및 선진공여국의 주요 원조대상 지역인 아프리카의 정체와 퇴보 등 개발원조의 실효성에 대한 회의론을 들 수 있다. 이로 인해 공여국 가운데는 개발원조에 대한 의문이 일어나고 있으며, 원조예산에 대한 국민의 지지가 약해지기도 한다. 90년대 전반에 주요 선진국이 원조피로 현상을 보였으나, 오히려 일본은 ODA예산이 동 기간 중 2배로 증가하였다가, 1998년에 ODA예산이 10%이상 감소함으로써 다른 공여국이 원조피로에서 벗어날 때 ""원조피로""를 경험하고 있다.   "
296,,Aid Evaluation,원조평가,"개발원조에 있어서 평가의 정의는 아직 국제적으로 통일되지 않았으나, OECD 개원조위원회(DAC)에서는 ""평가는 사업의 타당성, 목표달성도, 효과, 효율성과 자립발전성을 판단하기 위하여 실시중, 또는 종료한 프로젝트에 대하여 가능한 한 체계적이고 객관적으로 심사하는 것""으로 정의하고 있다. 또한 ""평가는 공여국과 수원국이 서로의 정책결정 과정에서의 교훈을 반영하여 신뢰성 있고 유익한 정보를 제공해야만 한다""고 설명하고 있다. 통상 DAC 정의에 기초한 5개의 평가항목, ①목표달성도(effectiveness), ②효과(impact), ③실시의 효율성(effi- ciency), ④계획의 타당성(relevance), ⑤지속발전성(sustainability)의 관점에서 중간평가, 종료평가, 그리고 사업 종료 후에 일정기간이 경과한 시점에서 실시하는 사후평가를 실시하고 있다.   "
297,,Statistics on Development Assistance,원조통계,"선진국으로부터 대개도국 자금 흐름에 관련되는 통계로서는 OECD의 개발원조위원회(DAC)가 DAC 회원국과 유럽공동체(EC) 및 국제원조기관 등에 대하여 파악하는 것이 가장 일반적인 것으로 되어 있다. 더욱이 DAC는 회원국 이외의 원조통계에 대해서도 관여한다. 우리나라도 매년 DAC에 개도국에 대한 원조 실적을 제출하고 있다. 이러한 통계는 자금흐름 전체를 공여주체에 따라 정부베이스와 민간베이스로 대별하고, 정부베이스의 흐름을 공적개발원조의 기타공적자금(OOF)으로 분류하여 달러베이스로 파악, 매년 DAC 사무국에서 발행되는 통계지침서에 따라서 작성되고 있다. DAC의 대표적인 원조통계 자료로는 ""Development Cooperat- ion Report"" 및 ""Geographical Distrib- ution of Financial Flows to Developing Countries""가 있다. 이외에 ""External Debt Statistics, Financing and External Debt of Developing Countries"", 그리고 ""Statistics on External Indebtedness""등이 있다.   "
298,,Aid Graduation,원조졸업,"개도국의 1인당 GNP 수준이 증대하거나 개발이 이루어져 ODA 공여의 대상국에서 벗어나는 것을 말한다. OECD의 개발원조위원회(DAC)의 정의에 따르면 ODA 대상국과 수혜지역은 DAC에서 작성한 개도국리스트의 제 I부에 속하는 국가와 지역이다. 또한 어떤 개도국의 소득수준이 높아지고 개발이 진전되면 DAC와의 협의를 거쳐 브루네이와 싱가포르처럼 ""좀 더 개발된 개도국과 지역(개도국 리스트Ⅱ)""으로 분류된다. 이런 국가에의 원조는 DAC 정의상 ODA가 아닌, OA(Official Aid) 로 분류된다. 다시 말하면 수원국에서 졸업했다는 것을 의미이다.   "
299,,Aid Coordination,원조조정,"대 개도국 원조효율성을 제고하기 위해 원조공여국과 원조기관간에 협의·조정하는 것을 말한다. 개도국의 개발수요 확대 및 다양화에 따라 개별 원조국, 원조기관만으로는 이러한 개발 수요에 부합하는 원조를 공여하는데 한계가 있다. 또한 지역·분야에 따라서는 특정 원조국의 경우에는 경험과 지식이 부족한 경우도 있다. 이러한 맥락에서 다른 원조국 및 원조기관의 협조는 원조중복을 피하고 원조효율을 제고하는 데 중요하며, OECD의 개발원조위원회(DAC)는 대표적인 원조조정기구라 할 수 있다.   "
300,,DAC Recommendation on Terms and Conditions of Aid,원조조건에 대한 DAC 권고,"원조조건 완화를 목적으로 OECD의 개발원조위원회(DAC)에 의해 4회에 걸쳐 이루어진 권고로서 그 주요내용은 다음과 같다. ①공적개발원조 약속액의 평균 증여율(G.E)을 빠른 시일내에 86% 이상으로 한다. ②ODA 약속액의 대 GNP 비율이 특히 낮은 국가에 대해서는 비록 다른 수치가 권고조건을 상회해도 본 조건을 달성한 것이라고는 간주하지 않는다. ③원조조건은 당해 수원국의 소득수준, 국제수지, 채무 등의 상황을 감안하여 결정한다. ④DAC 회원국은 수원국별로 원조조건을 근접시키도록 배려한다. ⑤후발개도국에 대한 원조는 기본적으로 증여로 한다. 차관을 포함하는 경우는 약속액의 평균 증여율이 국별로 3년간 86% 이상으로 하든가, LLDC 전체에 대하여 1년에 90% 이상으로 한다.   "
301,,Export on Easy-payment Term 또는 Deferred-payment Expo-rt,연불수출,수출대금의 전부 또는 일부를 나중에 받는 일종의 외상수출이다. 무역대금은 약정된 물품이 선적되거나 수입하는 나라에 도착하면 결제하는 것이 보통이다. 그러나 연불수출은 물품대금의 전부 또는 일부를 나중에 받는 조건으로 수출하는 것이다. 일반적으로 수출과 동시에 20∼25%의 계약금을 현금으로 받고 잔액은 5∼7년에 걸쳐 나누어 받게된다. 수출금액이 큰 공장설비 등 대규모 시설재를 수입하는 자는 어려움을 겪게 된다. 이러한 경우 정부나 민간은행의 지불보증을 전제로 연불수출방식을 택하게 된다. 최근에는 선진국간의 경쟁 격화로 개도국에 대한 수출경쟁이 심해지면서 수입국에 제시하는 유리한 수입조건으로 활용되고 있다. 우리나라도 개도국 수출에 이 방식을 많이 사용하고 있다. 국제경제가 급변하고 외환확보가 시급한 시점에서 큰 문제로 대두되고 있다.   
302,WID,Women in Develop- ment,여성과 개발,"개도국의 경제·사회생활에 있어서 여성의 역할은 너무도 크며 개발과정에 여성의 참가를 확보하는 것은 개발원조를 효과적으로 실시하는 데 중요한 일이다. 이런 생각이 유엔을 중심으로 한 일련의 여성 지위향상 움직임이나 개도국의 개발노력을 배경으로 ""여성과 개발(WID)""의 개념으로 발전하였다. ""여성과 개발""의 기본적인 생각은 ①여성은 개발에 있어서 수익자일 뿐만 아니라 개발의 담당자이기도 한 점에 유의하여 개발 프로젝트에의 여성 참가의 확보를 고려한 개발원조를 추진할 것, 이를 위해 ②여성의 사회적·경제적 환경을 개선하고 여성의 전반적인 지위향상을 촉진 할 것 ③개도국, 선진국 쌍방의 국제이해와 협력을 증진시킨다는 것 등이다. 최근에는 개발과정에서 여성을 수혜자로서 뿐만 아니라 참여자로서 고려해야 한다는 차원에서 한 걸음 나아가 성평등(Gender Equality)을 개발목표로 보는 관점으로 변화되고 있다. 성평등이란 남녀가 사회적으로 가치있는 제언, 자원 및 혜택을 평등하게 향유하는 것을 의미하는 것으로서 OECD의 개발원조위원회(DAC)는 성평등을 정책, 기획, 평가, 제도적 구조 및 의사결정 과정에 주요 개념으로 도입함으로써 빈곤, 민주화 및 인권 등 개발목표의 효과적인 달성을 도모하고 지속가능한 개발과 인간중심의 개발에기여한다는 성평등 전략을 추구하고 있다.   "
303,,Engineering Consultant,엔지니어링 컨설턴트,"개발프로젝트 컨설턴트중 특히 기술적인 전문지식과 경험을 토대로 프로젝트 실시담당자를 위해 프로젝트의 계획·실시에 관한 지도·조언을 제공하는 것을 엔지니어링 컨설턴트라고 한다. 엔지니어링 컨설턴트가 제공하는 서비스에는 ①경제개발에 유효한 개발프로젝트의 발굴 및 입안(project identification) ②해당 개발프로젝트에 대해서 현지조사를 실시하여 동 프로젝트의 타당성 유무 확인 ③상기 ②의 결과, 타당성이 있다고 판단된 프로젝트에 대해 필요 기자재 또는 토목공사에 관한 상세 설계 ④입찰서류 작성, 입찰 평가, 사전자격심사 ⑤시공관리 ⑥프로젝트가 완성된 후 운영지도 및 인재육성·경영지도 등이 있다.   "
304,,Concessional Loan,양허성 차관,"일반적으로 이자율, 상환기간, 거치기간 등 3요소를 고려, 시중의 일반자금 융자와 비교하여 차입국에 유리한 조건에 의한 차관을 지칭한다. 개도국에 대한 직접차관중 증여율이 25% 이상을 상회하는 양허성 차관을 공적개발원조(ODA) 차관이라고 부른다.   "
305,C.L.,Concessionality Level,양허성 수준," 수출신용의 질(양허성)을 나타낼 때 사용되는 기준으로 OECD 개발원조위원회(DAC)의 공적개발원조 기준으로서 사용되고 있는 증여율(Grant Element)과 유사한 개념이다. 증여율은 차관액과 10%의 할인율로 나눈 차관원리금 상환액의 현재가치를 비교, 그 비율을 구하는 것이며 양허성수준은 같은 산출식에서 10% 대신 수출신용공여국의 시중금리를 기준으로 한 금리를 할인율로 사용한다. OECD의 수출신용 지침에서는 C.L.을 기준으로 공적수출 신용공여의 규제를 행하고 있다.   "
306,OAU,Organization of African Unity,아프리카단결기구,"1963년 5월 25일에 창설된 아프리카내 정부간 조직이다. 한때는 남아프리카 공화국과 남서아프리카(나미비아)를 제외한 아프리카의 모든 나라가 이 조직에 가입했다. 1978∼1979년 모로코가 정부의 정통성 문제로 잠시 축출 당했고, 1984년에는 서부 사하라에서 모로코와 전쟁을 벌이고 있던 폴리사리오 반란 집단인 ""사라위 아랍 민주공화국""을 회원으로 가입시키는 문제를 둘러싸고 모로코가 탈퇴했으며, 자이르는 1984년 탈퇴했다가 1985년 다시 가입했다. OAU의 주요업적은 알제리와 모로코 분쟁(1964∼1965)을 중재한 일이다. 나이지리아 내란(1968∼1970)을 중재하려는 노력은 실패로 끝났다. 1980년대에 OAU는 차드 내란을 끝내기 위해 중재를 시도했고, 남아프리카 공화국의 인종 차별 정책에 항의하기 위해 남아프리카 공화국에 대한 경제 제재 조치를 제안했다. OAU는 유엔(UN)에서 ""아프리카 그룹""을 유지하고 있으며, 국제문제를 조정하려는 OAU의 노력은 대부분 UN의 ""아프리카 그룹""을 통해 이루어진다. OAU는 또한 아프리카 대륙의 발전과 농업재건에 역점을 두었다. 유엔 무역개발회의(UNCTAD)는 유엔 무역개발회의 안에 설치된 개도국들의 모임인 ""77위원회""에서 아프리카국가들의 상호 협력을 이끌어내는데 이바지했다. OAU의 최고 기구는 국가 및 정부 수반들의 연례회의이다. 이 정상회담이 열리지 않는 동안에는 각 회원국의 외무장관으로 구성된 각료회의에서 정책결정이 이루어진다. OAU 본부는 에티오피아의 아디스아바바에 있다.   "
307,,Bilateral Aid,양자간 원조,"경제협력은 양자간 원조와 다자간 원조로 구분되는데 양자간 원조는 국가 대 국가 베이스로 공여되는 개발원조를 말한다. 양자간 협력은 다시 상환의무여부에 따라 무상협력과 유상협력으로 구분되며, 우리나라의 경우, 무상협력을 무상원조(무상자금협력)와 기술협력으로 구분하여 실시하고 있다.   "
308,AEC,African Eco- nomic Community,아프리카 경제공동체,"아프리카의 경제발전을 목적으로 1994년에 창설된 기구로서 1997년말 현재 회원국은 50개국을 넘어섰으며 아프리카 단결기구(Organization of Africa Unity : OAU)의 회원국에게 가입이 개방되어 있다. 장기적으로는 아프리카 공동시장 형성을 지향하고 있으며, 중기적으로는 무역협력 및 무역촉진에 초점을 맞추고 있다. 아디스아바바에 사무국을 두고 있다.   "
309,TICAD,Tokyo Internatio- nal Conference of African Devel- opment,아프리카개발회의,"1993년 10월 일본정부가 제안하여 유엔기구(OSACAL, UNDP) 및 아프리카를 위한 지구연합(GCA)이 공동으로 도쿄에서 개최한 회의를 말한다. 냉전 후 국제사회의 중요과제인 아프리카 개발을 협의하기 위하여 아프리카 48개국, 원조공여국 13개국, 10개의 국제기구, NGO가 참가하였다. 동 회의는 폐막시 ""도쿄선언""을 채택, 국제사회에서 아프리카개발에 대한 관심을 높일 것과 아프리카 국가의 자조노력을 촉구하였으며 TICAD의 기본이념은 개발원조위원회(DAC)의 신개발전략에 반영되었다. 한편, 1996년 4월 남아프라카에서 열린 제 9차 유엔 무역 개발회의(UNCTAD) 총회에서 일본정부는 1998년에 TICAD II의 개최를 제안하였으며, 1997년 11월, 도쿄에서 열린 준비회의에서 ""21세기를 향한 아프리카개발 행동계획""의 책정을 위한 준비위원회를 설립, 신개발전략에 따른 능력배양(Capacity Building), 역내협력증진, 아시아·아프리카 협력증진을 위한 구체적인 행동계획 등을 수립하였다.    "
310,AfDB,African Develop-ment Bank,아프리카개발은행,"1963년 8월 유엔 경제사회이사회(ECOSOC) 가운데 하나인 아프리카경제위원회(ECA)의 후원으로 창설된 것으로 1964년 11월 업무를 개시했다. 개발계획작성, 자금조달, 기술원조, 융자 등을 하고 있다. 회원국의 경제·사회개발을 국가별·집단적으로 촉진시키기 위한 활동이 창립목적이다. 날로 심각해지는 아프리카 제국의 채무문제 해결과 경제구조 조정의 추진을 위해 1987년 6월 에 개최된 연차총회에서 자본금을 종래의 3배로 끌어올리고, 1988년에는 개발기금을 31억 5,000만 달러로 증자했다. 1998년 말 현재 회원국은 78개국(역내가 53개국, 역외가 25개국)이다. 당초에는 아프리카 이외의 가입을 인정하지 않았지만 자금수요의 확대로 인해 1979년 총회에서 창립협정을 개정해 역외국가의 가입을 받아들이기로 함에 따라 1982년 12월 한국도 가맹했다. 1995년 남아공이 재가입하였다. 총무회, 이사회, 사무국으로 구성되며 총무회가 최고기구로 각 회원국의 총무와 그 대리로 구성된다. 이사회는 총무회에서 선출하는 이사 18명으로 구성되며 업무전반에 대한 책임을 지고 임기는 3년이다.   "
311,,Agenda 21,아젠다 21,"""아젠다 21""은 1992년 6월 3∼14일간 브라질의 리오데자네이로에서 열린 ""환경과 개발에 관한 유엔회의""(UNCED)에서 채택된 ""환경과 개발에 관한 리우선언""의 후속 조치로서 각국 정부와 국제기구가 실천해야 할 ""21세기를 향한 지속가능한 개발에 관한 구체적 행동계획""으로 채택한 것을 말한다. 이 행동계획은 행동계획의 목적, 실시 대상 및 실천방법 등으로 구성되어 있으며 구체적으로 인구, 빈곤, 거주문제 등 사회경제적 요소와 더불어 대기, 수자원, 생물다양성, 폐기물 등 환경문제에 관한 프로그램을 채택하고 있다. 또한 개발자원의 보호와 관리, 여성과 NGO 문제와 함께 지방자치단체 등이 이 행동계획을 실천하기 위한 재원확보와 시행기술, 방법 등의 원칙에 대해서도 기술하고 있다. UNCED의 모리스 스트롱 사무국장은 ""아젠다 21은 지속가능한 개발을 위한 실천적 행동을 모색한 것이다. 단순히 의무를 부과하는 것이 아닌, 각국 정부, 국제기구, NGO, 지역자치제와 일반 시민 등이 협심 노력하여 지속가능한 개발을 위한 적극적 행동이 가능토록 기본 틀을 제공하는데 의미가 있다""고 언급하였다. 40페이지 분량의 이 문서에는 빈곤완화에 대한 노력, 인구문제, 대기보전, 삼림감소대책, 사막화방지, 농업, 생물의 다양성 보전, 담수자원의 질적 보호, 유해물질의 관리, 방사성폐기물의 관리 등 폭넓은 분야를 망라하고 있다.   "
312,ADB,Asian Development Bank,아시아개발은행,"국제적인 지역금융기관으로서 아시아 지역의 경제성장과 경제협력을 증진하고, 지역내 개도국의 경제개발을 촉진하기 위하여 설립되었다. 1963년 아시아극동경제위원회(ECAFE: ESCAP의 전신) 각료회의에서 구상이 제안, 1965년 12월 마닐라에서 설립협정에 조인, 1966년 12월 활동을 개시하였다. 은행업무에 필요한 비용의 재원은 일반재원으로는 자본금 및 차입금이 있다. 차입금은 아시아개발은행채의 발행에 의하여 이루어진다. 그밖에 다목적 특별기금, 기술원조 특별기금 및 1974년 6월에 발족한 아시아개발기금(ADF)의 3가지 특별기금이 있다. 가맹국의 별도 갹출금과 각국의 납입자본 중 10%를 재원으로 하고 있다. 참가국은 1999년 현재 한국을 비롯한 역내 41개국, 역외 16개국이다. 최고정책기관인 총회와 업무운영 관리기구인 이사회 및 총회가 선출하는 총재와 그 지휘하의 업무부문으로 구성된다.   "
313,ADF,Asian Development Fund,아시아개발기금,"1973년 4월 제6차 아시아개발은행(ADB) 연차총회에서 개도국에 대한 저리차관자금을 대여하기 위해 설치한 기금으로 1974년 6월에 운영을 개시했다. 융자조건은 일률적으로 무이자, 상환기간은 40년, 지불유예기간 10년, 대출수수료 1%이다.   "
314,APEC,Asia- Pacific Economic Cooperation,아시아·태평양경제협력체,"아시아·태평양 경제의 증가하는 상호의존성에 부응하여 1989년에 형성된 경제협력체로서 회원국간의 자발적인 협력을 바탕으로 역내 경제성장을 지속시키고 아·태 경제의 역동성을 유지하여 궁극적으로아·태 공동체 형성에 기여하는 것을 목적으로 한다. 1988년 10월 일본 통산성의 제안이후 환태평양 지역의 역내 경제협력이 구체화되어 1989년 11월 호주 캔버라에서 첫 각료회의가 개최되었고 1993년 시애틀에서 첫 번째 APEC 정상회의가 개최되었다. APEC의 기본적인 목적은 무역투자 자유화·원활화 및 경제기술협력을 통한 역내 경제 성장 및 발전이며, 1994년 보고르 정상회의에서는 APEC 활동의 지주로 ①무역·투자자유화(trade and investment liberalization), ②무역·투자 원활화(trade and inve- stment facilitation), ③경제기술협력(economic and technical cooperation)을 채택하였는데, 편의상 전자 2개를 TILF로 후자를 Ecotech로 약칭하면서 APEC의 양대 지주로 일컫고 있다.   "
315,AFTA,ASEAN Free Trade Agreement,아세안 자유무역협정,"인도네시아, 말레이시아, 싱가포르, 필리핀, 브루나이, 태국 등으로 구성된 동남아국가연합(ASEAN) 6개국을 단일시장으로 묶는 자유무역협정으로 1993년 1월에 발효되었다. AFTA는 유럽의 단일시장화와 북미자유무역협정(NAFTA) 등 세계경제의 블록화에 대응해 경제적으로 대규모 단일시장을 조성, 정치적으로 힘있는 ASEAN을 건설하려는데 그 목적이 있다. 협정의 주요내용은 오는 2005년까지 농산물을 제외한 모든 광공업제품과 원산지비율 40% 이상인 농산물가공품의 관세를 현행 20%에서 0∼5%로 인하하는 것으로 특히 섬유, 전기전자, 화학, 야채유, 고무제품 등 15개 품목은 2000년까지 관세를 인하하도록 되어있다. 1997년에 베트남, 라오스, 미얀마의 ASEAN 가입으로 AFTA의 회원국이 9개국으로 늘어났다.  "
316,AFTA,ASEAN Free Trade Area,아세안 자유무역지대,"싱가포르, 말레이시아, 인도네시아, 필리핀, 브루나이, 태국으로 구성 된 동남아국가연합(ASEAN)지역을 앞으로 15년 이내에 완전한 자유무역지대로 만든다는 구상이다. 가맹 6개국은 1992년 1월 싱가포르에서 정상회담을 갖고 이 같은 원칙에 합의했다. 이들의 목표는 2008년까지 역내 공산품의 관세를 5%이내로 인하한다는 것. 이를 위해 마닐라 각료회의에서 1993년부터 시행될 공통특혜관세의 적용범위 등 실무문제에 합의했다. 1994년 1월 출범을 재확인하였으며, 동아시아 경제협의체(East Asia Economic Caucus: EAEC)와 APEC과의 관계정립이 핵심의제였다.   "
317,,,아랍 개발원조기관,"아랍 산유국은 1960년대부터 독자적인 대개도국 원조기관의 설립을 추진하여 왔으며 특히 석유 가격의 급등으로 자금력이 증대된 1973년 말 이후 융자규모, 원조대상 등을 확대하고 있다. 주요 개발원조기관으로는 아랍 각국만을 대상으로 하는 아랍경제사회개발기금(AFESD), 아랍통화기금(AMF), 아프리카 각국(아랍연맹 비가맹국)을 대상으로 하는 아프리카개발 아랍은행(ABEDA), 이슬람 국가를 대상으로 하는 이슬람 개발은행(IDB) 등이 있다. 아랍경제사회개발기금과 이슬람 개발은행은 개별 프로젝트에 대한 융자를 주체로, 아랍통화기금은 국제수지 조정을 중심으로, 아프리카개발 아랍은행은 개발융자와 국제수지 조정을 병행하여 각각 업무를 추진하고 있다.   "
318,NIEs,Newly Industriali- zing Economies,신흥공업경제체제,"신흥공업경제국 또는 그 지역을 말한다. 당초에는 닉스(Newly Industrializing Co- untries: NICs)라고 하였는데, 1988년 중요선진국 정상회의 때부터 중국과 대만, 홍콩에 대한 배려에서 NIEs라고 부르게 되었다. 이들 나라는 1970년대 GNP(국민총생산)에서 차지하는 공업의 비율을 25∼40%, 즉 거의 선진국에 가까운 비율로 끌어올린 나라 또는 지역들이다. 아시아의 한국, 대만, 홍콩, 싱가포르, 중남미의 멕시코, 브라질, 아르헨티나 등이 해당된다. 이들 나라의 1인당 평균소득은 2,700∼13,000 달러로 개도국 평균을 훨씬 웃돌고 있다. 아시아의 경우, 저생산비로 인한 미·일 시장에의 수출, 중남미에서는 국내·인근시장을 위한 생산이 고도성장의 원동력이다. 그러나 1980년대 중남미 NIEs가 채무문제로 거의 정체상태였음에 비하여 아시아 NIEs는 미·일 다국적기업 등에 의한 기술이전, 일본의 엔화 상승, 미국의 수입경제화로 수출이 크게 신장되어 ""태평양 트라이앵글""이라고 하는 일본―NIEs―미국을 연결하는 삼각무역의 고리를 확대하면서 고도성장을 이루었다. 그러나 1980년대 후반부터 아시아 NIEs도 선진국의 보호주의, 미국의 시장개방요구, 국내임금의 상승, 국내기술기반의 강화 등 새로운 문제에 직면하게 되었다. 이에 덧붙여 미국과 유럽경제공동체(ECC)는 1988년 1월부터 아시아 NIEs에 대한 일반특혜를 폐지하여 이들 국가에 대한 경제성장에 어려움을 더해 주고 있다. 이에 따라 아시아 NIEs는 구 소련권, 동구, 중국 등으로의 투자·무역 등 경제 다각화 움직임을 강화하고 아시아 지역에 여러 국지적 경제권 형성에 힘을 모으고 있다.   "
319,,Brandt Commission,브란트위원회,"1979년에 설립된 세계 경제정책 연구기관으로 ""국제개발문제위원회""라고도 한다. 세계경제 안정을 목적으로 석유수출국기구(OPEC)와 남북 여러 나라의 지원으로 설립되었다. UN과 세계은행(IBRD)이 세계경제에 영향을 미치는 중요문제를 국가의 영향을 받지 않는 지식인으로 구성된 독립적인 위원회에서 검토할 것을 제창하자 전 독일 총리 빌리 브란트(Willy Brandt)를 위원장으로 영국 총리 에드워드 히스(Edward Heath), 스웨덴 총리 스벤 O.J. 팔메(Sven O.J. Palme), 인도네시아 외무장관 아담 말리크(Adam Malik) 등 각국 대표 18명이 모여 조직하였다. 북(North)의 국가들은 갈수록 부유해지고, 남(South)의 국가들은 석유가격 인상 등으로 더욱 궁핍해짐으로써 세계적인 빈부의 격차가 커지는 것을 이 위원회는 국제적 위기로 간주하여 남북이 서로 협력할 수 있는 새로운 경제관계의 구축과 세계 경제정책 연구를 제의하였다. 이에 따라 1981년 멕시코의 휴양도시 칸쿤에서 남북서미트(칸쿤서미트)가 개최되었다. 실제로 이 위원회는 세계 각국, 특히 개도국에 관한 경제정책 연구의 권위 있는 독립기관으로서 세계 경제안정에 기여하였다.   "
320,,Bandung Conference,반둥회의,"1955년 4월 18일부터 4월 24일까지 아시아와 아프리카의 29개 독립국 대표들이 인도네시아의 반둥에 모여 양 대륙과 세계의 현안을 논의한 국제회의로서 ""아시아·아프리카 회의""라고도 한다. 인도네시아, 미얀마, 스리랑카, 인도, 파키스탄의 5개국이 주최국이 되어 양 대륙의 자주독립국들을 초청했으나 남·북한, 중화민국, 남아프리카 공화국, 이스라엘은 반공·호전성 또는 인종차별주의를 이유로 제외되었다. 서구열강들이 아시아에 관한 중대사안의 결정에 있어서 당사국들의 참여를 배제하고 있다는 불만이 반영된 것이며 이와 함께 중국과 미국간의 긴장에 대한 우려, 중국의 개방에 보다 확고한 기반을 마련하려는 열망, 프랑스령 북아프리카(알제리) 문제를 중심으로 한 식민주의의 배격, 서뉴기니(이리안 바라크)를 둘러싼 네덜란드와의 분쟁에서 자국의 입장을 강화하려는 인도네시아의 의도들이 어우러져 있었다. 당시의 쟁점은 동유럽과 중앙 아시아에 대한 소련의 정책을 서구의 식민주의와 동일시해야 할 것인가 하는 것이었는데, ""식민정책은 어떠한 형태이든 간에 단죄되어야 한다""는 취지의 공동 코뮤니케가 채택됨으로써 은연중에 소련의 제국주의 정책을 비판했다. 중국의 대외관계는 미국과의 협상에 기꺼이 나서겠다는 저우언라이 총리의 온건·유화 노선이 몇몇 반공국가들이 품고 있는 불만을 가라앉힘으로써 강화되었다. 유엔 헌장의 원칙들과 자와할랄 네루의 5개 원칙을 통합한 ""세계평화와 국제 협력증진에 관한 선언""(반둥 10원칙)이 만장일치로 채택되고 중립주의 및 협력이라는 이른바 ""반둥 정신""이 정립되었으나 각국 이해관계의 대립에 중국·인도 국경분쟁, 중·소 분쟁 등이 곁들어져 알제리에서 개최될 예정이었던 제2차 회의는 무산되고 말았다.   "
321,,Basel Convention,바젤협약," 유해폐기물의 국가간 이동 및 처리에 관한 국제협약을 의미한다. 1976년 이탈리아 소베소에서 발생한 다이옥신 유출사고 때 증발한 폐기물 41배럴이 1983년 그린피스(Green Peace)에 의해 프랑스의 한 마을에서 발견되면서 국제적인 문제로 되었다. 그 후 여러 사건이 발생하여, 1987년 6월 ""유해폐기물의 환경적으로 건전한 관리를 위한 카이로 지침과 원칙""이 채택되었다. 1989년 3월 카이로 지침을 바탕으로 스위스 바젤에서 세계 116개국 대표가 참석한 가운데 바젤협약이 채택되었으며, 1992년 6월 동 협약이 발효되었다. 유해 폐기물에 대한 국제적 이동의 통제와 규제를 주목적으로 하며, 주요 내용을 보면, 유해폐기물과 기타 폐기물의 처리에 있어서 건전한 관리가 보장되어야 하며, 유해폐기물의 수출·수입 경유국 및 수입국에 사전통보를 의무화하고 있다. 협약에서 가장 논란이 일어난 것이 유해폐기물의 정의에 관한 것이었다.  "
322,,Democratization and Development,민주화와 개발,개발은 단순한 경제성장의 문제가 아니라 민주적인 사회체제 확립과 밀접하게 관련되어 있다는 인식이 1980년대 후반부터 원조공여국간에 급속이 확산되었다. 민주화는 보편적 이념으로서 목적임과 동시에 성장의 조건이기도 하다는 인식에서 원조국회의 등 정책대화의 장에서도 원조공여시 민주화 촉진을 특정국에 요구하는 사례가 나타나고 있다.   
323,PF,Private Flows,민간자금,"민간자금은 민간부문의 시장여건에 따른 거래를 말하는 것으로 이는 영리를 목적으로 한 거래이나 간접적으로 개도국의 개발에 공헌하는 것으로 민간수출용, 민간직접투자, 증권투자 등이 포함된다.   "
324,OAS,Organization of American States,미주기구,"캐나다를 제외한 아메리카 대륙의 거의 모든 독립국가들이 포함되어 있는 기구를 말한다. 쿠바는 회원국이었으나 1962년 축출되었다. 미주기구 헌장은 1948년 8월 30일 보고타에서 개최된 제9회 범아메리카 회의의 결과 조인되었다. 이 기구의 목적은 서반구의 평화와 안전을 보장하고 회원국간의 분쟁을 평화적으로 해결하며 집단안보체제를 마련하고 경제·사회·문화의 영역에서 상호협력을 도모하는 것이다. 미주기구의 전반적인 기조는 대체로 반공산주의였다. 이 기구의 조직 중에서 가장 중요한 것은 매년 개최되는 총회이다. 총회를 보완하는 외무장관협의회는 회원국가가 공격이나 침략을 당할 경우에 집행기구의 역할을 한다. 각 회원국가의 대사로 구성된 상임회의는 미주기구의 집행위원회 역할을 담당한다. 추가로 특별위원회는 기술적인 문제를 다루며 총회 사무국은 워싱턴 D.C.에 있다. 미주기구의 창설은 서반구 국가들의 먼로주의 외교원칙에 근거하고 있었다. 즉 어느 하나의 미주국가에 대한 공격은 전 아메리카에 대한 공격으로 인정된다는 것이다. 미주기구는 먼로 대륙으로 확대하여 자국의 방어를 위해 즉각 행동을 취하는 미국의 권리를 제한하지 않으면서도 여타 아메리카 국가들에게 의무를 부과했다. 미주국가에 의해서 채택된 지역안보에 대한 주요결정은 1962년 쿠바 미사일 위기 때 J. F. 케네디 대통령을 지지한 것과 1965년 도미니카 공화국에 대한 미국의 개입을 지지한 것 등이 있다. 경제·사회 분야에서의 가장 주목할 만한 업적은 ""진보연합"" 창설을 위한 ""푼타 델 에스테 헌장""을 채택한 것이었다. 1979년에는 ""인권문제 미주사법재판소""가 코스타리카의 산호세에 설립되었다.   "
325,BAA,Buy American Act,미국산 우선구매법,"1993년에 제정된 미국 국내법이다. ①미국에서 생산된 비제조 및 제조품, 원료, 부품 등 사용 공급품을 공공용으로 구매하여야 하며, ②공공건물의 건축 및 공공사업의 경우 미국에서 생산된 물품, 재료, 공급품만이 모든 건축단계에서 사용되어야함을 명시하고 있다. 동 법은 미국 이외에서 사용되는 상품, 국내적으로 생산되지 않거나, 파나마 운하건설사업에서 사용하기 위해 구입하는 경우에는 적용되지 않는다. 공익상의 필요 또는 미국산 물품을 사용하는 것이 비합리적으로 비용을 발생시키거나 할 경우에도 예외를 적용한다.   "
326,,American Education- al Mission,미국교육사절단," American Educati6·25전쟁으로 황폐화된 한국교육의 재건을 돕기 위해 미국이 한국에 제공한 교육원조의 일환으로 미국교육사절단은 유네스코(UNESCO)-운크라(UNKRA) 교육계획사절단이 한국교육현황을 조사한 이후에 이루어진 미국의 적극적인 교육원조 활동이었다. 1952년 10월부터 1955년 6월까지 3차례에 걸쳐 파견되어 교원재교육, 교원양성교육, 교육연구활동, 교육과정제정 등에 직·간접적인 영향을 끼쳤다. 교육분야에 대한 미국의 영향력은 미군정 3년 동안 다른 분야와 마찬가지로 행정명령을 통해 직접적으로 나타났다. 미군정하에서는 미국교육의 이념과 제도가 이식되었던 것에 비해 1950년대에는 미국교육사절단을 통해 교육원조, 특히 물적 원조보다는 인적 교류로서 한국교육에 많은 영향을 끼쳤다. on- al Mission  "
327,IDCA,International Development Cooperation Agency,미국국제개발협력청," 미국의 3대 양자간 원조기관인 USAID, TDP, OPIC 의 활동을 조정하기 위해 1979년 의회의 의결에 따라 설치된 기관이다. 별도의 직원은 없으며 USAID청장이 IDCA청장을 겸임하고 있다.  "
328,,Acculturation,문화접변," 서로 다른 문화전통을 가진 여러 사회가 접촉할 때 일어나는 인공물, 관습, 믿음의 변화과정 및 그 결과이다. 문화변동이 일어나는 상황에 따라 2가지 주요유형으로 구별된다. 첫째, 군사적, 정치적 지배 관계에 있지 않은 두 문화가 상호 교류를 지속할 때 문화요소들의 자유로운 혼합과 수정이 일어날 수 있다. 새로운 문화요소들은 통합 과정을 거쳐 현존하는 문화체계 속으로 흡수된다. 백인에게 정복되지 않은 나바호 인디언들은 18세기 스페인 식민주의자들과의 빈번하고 다양한 접촉을 통해 의복과 금속세공술 같은 스페인 문화의 여러 요소들을 받아들여 그들 고유의 문화 속에 독자적인 방식으로 통합했다. 문화접변의 두번째 유형은 규제된 문화변동으로 한 민족이 다른 민족을 군사적, 정치적으로 지배할 때 일어난다. 지중해 지역과 서부 유럽에 대한 로마의 정복, 북아메리카 인디언들에 대한 백인의 정복, 아프리카에 대한 유럽의 지배를 비롯한 수많은 정치적 팽창과정에서 규제된 문화변동의 특성을 찾아볼 수 있다. 규제된 문화변동은 합병처럼 선택과 수정을 거치지만 그 변화과정은 한 문화체계에 대한 다른 문화의 개입을 통해 이루어지기 때문에 더 다양하고 그 결과도 복잡하다. 규제된 문화변동 과정에는 한 문화를 다른 한 문화가 거의 완전히 대체하는 동화 과정이 있으며, 이미 접촉한 적이 있는 문화와는 다른 문화요소들의 종합인 문화융합과 지배문화의 여러 양상에 대한 거부반응 등도 포함된다.  "
329,,Grant Assistance,무상자금협력,개도국의 경제·사회개발계획 실시에 필요한 기자재 및 용역을 조달하기 위한 소요자금을 수원국에 상환의무를 부과하지 않고 증여하는 원조를 말한다. 이러한 형태로는 공적개발원조(ODA) 양자간 증여 중 기술협력으로 분류되는 이외의 증여를 의미한다.   
330,MRC,Mekong River Com- mission,메콩강위원회,"메콩강은 티벳고원의 단그라슁 산맥을 시작으로 강의 총길이가 4,425km, 유역면적 795,000km, 연간유출량 4,750억ton의 동남아시아 최대의 국제하천이다. 메콩강위원회는 1995년 4월 라오스, 태국, 캄보디아, 베트남의 4개국 대표에 의해 서명된 ""메콩강유역의 지속적 개발을 위한 협력에 관한 협정""에 기초하여 설치되었다. 메콩강위원회를 구성하고 있는 국가는 이전 메콩위원회 구성 국가와 달리 강하류 일부지역만이 아닌 하류전체 국가를 대상범위에 넣고 있으며 가까운 장래에 강상류에 있는 중국과 미얀마의 가입도 예상하고 있다. 그 기능은 당시 극동아시아경제이사회(Economic Commission for Asia and the Far East: ECAFE) 수자원개발분야 지역협력 프로젝트로서 1957년 발족된 ""메콩강 하류조사위원회""에서 찾아 볼 수 있다. 메콩강위원회의 설립 근거는 상기 협정 6장 42조에 연유하며, 동 협정은 메콩강 유역의 관개, 수력발전, 선박 운항, 홍수방지, 어업, 원목운반, 관광 등의 분야에 걸쳐 메콩강의 강물 및 관련자원의 개발과 이용, 환경, 생태계의 보호 등의 협력에 관하여 규정하고 있는 등 포괄적인 하천유역개발을 상정하고 있다. 그러나 메콩강 개발을 위한 수많은 댐건설 계획이 제안되었으나MRC로부터 승인된 사업은 없었다. 이는 상류에 댐건설시 하류지역의 농사 및 환경에 심각한 타격을 가져오기 때문으로 메콩강유역 개발사업은 회원국간 이견 및 갈등 그리고 MRC가 국제금융기관이나 사업실시기관으로서의 기능이 미흡한 일종의 협의체로서의 한계 때문에 메콩강유역에 대규모 시설의 건설사업 추진은 어려운 실정이다. 1999년 새로 부임한 Joern Kristensen MRC 사무총장은 다음과 같이 새로운 사무국의 사업방향을 정립한 바 있다. ①개별프로젝트의 추진보다 basin-wide 기획능력 향상, 회원국에 대한 자문, 정보센타 기능을 강화한다. ②사업분야는 시설건설보다는 환경, 빈곤퇴치, 제도확립 등에 중점을 둔다. ③사업추진방식은 분야별 프로젝트위주의 지원에서 ""다부문 및 메콩강 전 유역 프로그램 방식(multi-sectoral and basin-wide pro- gram approach)""으로 전환한다.   "
331,,"Grant), 증여",무상원조,"공적개발원조(ODA)를 크게 둘로 나누면, 개도국에 상환의무를 부과하지 않고 무상으로 공여하는 증여와 상환의무를 부과하는 융자(차관)로 나뉜다. 증여는 다시 양자간 증여(무상자금협력, 기술협력)와 국제기관에 대한 분담금으로 구분할 수 있다. 증여는 무상원조로, 유상차관은 유상원조로 각각 불리기도 한다.   "
332,,Effectiveness,목표달성도,"당초에 계획된 안건의 달성목표, 혹은 안건실시 도중에 개정된 달성목표에 비추어 실현된 구체적 결과를 검토하고, 또한 그 결과를 초래한 제요인 및 조건에 관해 분석을 행하는 평가항목이다.   "
333,,Treaty of Maas- tricht,마스트리히트조약,"유럽의 정치통합과 경제 및 통화 통합을 위한 유럽통합조약으로 유럽공동체(EC)가 시장통합을 넘어 정치·경제적 통합체로 진전하기 위한 기반을 제공하고 있다. 1991년 12월 10일 네덜란드 마스트리히트에서 EC 정상간 합의되고 1992년 2월 7일 EC외무장관회의에서 정식으로 조인되었다. 유럽중앙은행 창설과 단일통화사용의 경제통화동맹, 노동조건 통일의 사회부문, 공동방위정책, 유럽시민규정 등을 내용으로 하고 있다. EC를 EU(유럽연합)로 명칭을 바꾸고 1997년에서 1999년까지 단일통화를 단계적으로 도입하며, 유러폴(European Police Intelligence Agency, 유럽경찰)을 창설하기로 합의하였다. 또한 회원국들간의 경제격차를 해소하기 위하여 스페인, 포르투갈, 아일랜드 및 그리스의 도로건설, 환경보호 등 사회간접자본의 확충을 지원하기 위한 결속기금의 조성을 언급하였다. 조사권, 청원권, 협력절차를 도입함으로써 유럽의회의 입법권을 개선하면서 민원공무원의 임명권 등을 포함하여 유럽의회의 권한을 강화시켰다. 조약의 가장 핵심은 통화동맹이며 3단계로 설정하고 있다. 1996년 유럽연합을 진행시키기 위해 추가회의를 개최하였다.   "
334,,Marshall Plan,마샬플랜,"제2차대전 후의 서구제국에 대한 미국의 원조계획으로 그 목적은 서구제국의 경제성장을 촉진하고 나아가서 공산주의의 확대를 저지시키려는 것이었다. 이 계획은 1947년에 미국무장관 마샬(G. C. Marshall)에 의해 제안되었다. 이 계획은 유럽부흥계획(ERP)이라고도 불리며, 1948년에는 경제협력법(ECA)이 제정되었다. 이 새로운 계획은 설비와 군수품의 필요수입품을 원조하여 재정적 안정을 촉진하기 위한 대내정책을 장려하며 유럽제국간에 한층 긴밀한 경제협력을 촉진함으로써 관계제국의 생산증가를 도모하는 것을 목적으로 했다. 이 계획에 의하여 유럽제국의 미국무역에 대한 의존성은 감소되었으며, 유럽 16개국은 유럽경제협력기구(OEEC)를 창설했다. 이는 관계제국의 부흥계획을 통합하기 위한 것이었다. ERP가 실시된 4년 동안 미국의 서구에 대한 원조는 114억불까지 확대되었으며, 그 중 90%가 완전한 양도의 형태로 제공되었다. 주된 수혜국은 영국(24%), 프랑스(20%), 독일(10%), 이탈리아(10%)였다. 그 결과 마샬플랜에 의한 원조는 유럽의 생산의 실질적인 확대를 가져왔다. 1951년 서구의 공업생산은 1938년보다 약40% 증가되었다. 또한 서구의 공산주의 운동이 저지되었다. 미국의 대유럽 경제원조는 마샬플랜의 완료(1952년 6월) 후에도 계속 실시되었다.   "
335,,Rio Declaration,리우선언,"""리우선언"", ""환경과 개발에 관한 리우선언"", ""지구헌장""이라고도 일컫는 리우선언은 27개조의 원칙으로 성립된다. 전문의 요지는 ""국제 환경개발회의는 각 나라와 사회의 새롭고 공평한 파트너십을 구축한다는 목표를 가지며, 모든 인간을 위한 이익을 존중하고, 또한 지구적 규모의 환경 및 개발시스템의 일체성을 보존 유지하는 국제적 합의를 향하여 활동하며, 인류의 집인 지구의 불가분성과 상호의존성을 인식하면서 다음과 같이 선언한다.""고 되어 있다. 다음은 각 원칙의 요약이다. ①자연과 조화하면서 건강하고도 생산적인 생활을 보낼 권리가 있다. ②각국은 자국의 자원을 개발할 권리, 그 활동이 타국의 환경에 해를 끼치지 않도록 할 책임을 동시에 지닌다. ③개발의 권리는 현재와 미래 세대가 할 개발이나 환경자원의 필요성을 공평하게 만족시킬 수 있도록 행사되지 않으면 안 된다. ④지속가능한 개발을 달성하기 위해서 환경보호와 개발은 따로 떼어 생각할 수 없는 일체적 개념이라는 의식을 가져야 한다. ⑤모든 나라와 그 국민은 생활수준의 격차를 줄이고 빈곤을 근절하기 위한 노력을 경주하여야 한다. ⑥개도국에 대해 환경과 개발에 관한 특별하고도 우선적인 권리가 주어져야만 한다. ⑦선진국은 기술과 재원이라는관점에서 지속가능한 개발을 국제적으로 추진할 의무를 인식하여야 한다. ⑧각국은 소비적인 생활과 양태를 줄이고, 적절한 인구 정책을 추진한다. ⑨과학기술을 개발·보급·이전을 촉진하며 지속가능한 개발을 위해 각국의 적응 능력을 신장시킨다. ⑩환경문제는 각 계층의 관심 있는 모든 시민이 참가함으로써 최선의 효력을 발휘한다. ⑪각국은 적절한 환경법을 제정할 의무를 가진다. ⑫환경보호를 이유로 부당한 무역제한을 해서는 안 된다. ⑬각국은 환경오염의 피해자에 대한 책임과 배상에 관한 국내법을 정비한다. ⑭각국은 유해한 물질 혹은 활동이 타국에 이전되지 않도록 협력한다. ⑮과학적 근거의 부족을 이유로 환경보호를 늦추어서는 안 된다. ?側∮뮌? 오염자가 오염에 대한 비용을 부담한다는 원칙과 그 방법을 숙고한다. ?宅?경에 중대한 영향을 미치는 활동에는 환경영향평가제를 실시한다. ?彭∮뮌? 자연재해나 긴급사태가 타국에 영향을 미칠 경우 즉시 통보한다. ?弼∮뮌? 환경피해가 국경을 넘게 될 경우 피해를 입은 나라에 대해 사전 통지와 관련 정보 제공을 반드시 행하여야 한다. ?嚮㈋봉? 환경관리와 개발에 중요한 역할을 맡는다. 세계 젊은이의 창조력 및 용기가 지구적 파트너십을 구축할 수 있도록 집결시켜야 한다. 원주민은 환경관리와 개발에 중요한 역할을 맡는다. 억압,제압 및 점령 하에 있는 주민의 환경 및 천연자원은 보호되지 않으면 안 된다. 전쟁은 지속가능한 개발을 파괴하는 성격을 가진다. 평화, 개발 및 환경은 상호의존적이며 서로 떼어 놓을 수 없다. 각국은 환경에 관한 분쟁을 유엔 헌장에 따라 평화적으로 해결한다. 각국 및 그 국민은 이 선언에 표명된 원칙의 실천을 향하여 성실히 또한 파트너십의 정신으로 협력하여야만 한다.   "
336,,Poverty,빈곤,"기본 욕구를 충족시킬 수 있는 생활수단이 부족한 상태. 이러한 맥락에서 가난한 사람에 대해 정의를 내리기 위해서는 첫번째로 무엇이 기본 욕구인지를 밝혀야 한다. 좁은 의미에서 기본 욕구는 ""생존을 위해 필수적인 것""으로 정의할 수 있지만 넓은 의미로 ""공동체의 일반적인 생활수준을 반영하는 것""으로 정의하기도 한다. 전자를 기준으로 할 때 빈곤은 기아로 인해 또는 입을 것이 없어서 죽음에 직면한 상태만을 가리킨다. 후자의 기준은 영양상태, 주거조건, 의복 등의 상태가 생존에는 영향을 주지 않지만 공동체 전체의 생활수준에 미치지 못하는 사람들을 포함한다. 만약 빈곤이라는 말이 가지는 비경제적인 의미까지 고려하면 빈곤의 정의는 더욱 복잡하고 어려워진다. 예를 들어 빈곤은 나쁜 건강상태, 낮은 교육·기술 수준, 사회부적응이나 적응할 의사가 없는 경우, 빈번하게 일어나는 무질서한 행위, 경솔함 같은 상태를 가리키기도 한다. 이 모든 특성들이 종종 빈곤과 결합되어 나타나지만 빈곤을 정의하는 데 이것들을 포함시키면 이 특성들과 기본적인 욕구를 충족시키지 못하는 상태의 관계가 애매해진다. 어떤 식으로 정의하든 빈곤이 개인이나 사회 모두에 해로운 영향을 끼친다는 점에 대해서는 별다른 이견이 없다. 빈곤은 지속기간, 분포범위 등에 따라 여러 경우로 분류할 수 있다. 주기적 빈곤은 어떤 지역의 주민 전체에 빈곤이 만연해 있지만 한정된 기간 동안에만 지속되는 것을 말한다. 산업화되지 못한 사회에서 이러한 형태의 빈곤은 주로 자연현상이나 빈약한 영농계획에서 비롯된 일시적인 식량부족에서 생긴다. 산업화된 사회에서는 실업계와 정부가 적절한 임금을 지급함으로써 높은 고용수준을 유지할 수 있는 능력이 있느냐에 따라 생활수준이 달라진다. 그러나 이러한 능력은 다시 재정정책, 국제간 무역균형과 자본주의 사회의 경우 투자가들의 동향 등 다른 요소들에도 좌우된다. 19세기와 20세기 초에 일부 산업화된 나라들은 공황과 경기침체를 경험했다. 1930년대에 미국이 경험한 공황은 몇 가지 예외적인 특징을 제외하면 위에서 말한 형태의 빈곤을 잘 보여주는 예라고 할 수 있다. 이때의 공황은 증시의 과열된 투기와 더불어 미국의 동맹국들이 진 전쟁 채무, 독일이 지불한 전쟁 배상금, 제1차 세계대전 이후의 관세정책에서 기인한 것으로 그 이전에 발생했던 공황과 마찬가지로 높은 실업률, 도매가의 하락, 국민생산과 수입의 감소 등을 가져왔다. 경기침체가 사회의 모든 영역에 영향을 끼쳤지만 특히 최하층의 사람들은 최소한의 생존수단 밖에 가지고 있지 않기 때문에 가장 큰 타격을 입었다. 오랫동안 경기침체로 생기는 빈곤은 자연스러운 시장조절과정에서 발생하는 불가피한 결과로 받아들여졌다. 구호사업(일시적인 공공사업 시행이나 식량배급의 형태) 역시 경기가 다시 회복될 때까지 사람들의 곤란을 일시적으로 무마하는 선에서만 행해졌다. 그러나 경기침체의 원인이 명확하게 밝혀지게 되자 구호를 위한 공공사업들은 중요성을 잃고 경기침체를 예방하거나 재정정책과 증시의 조정, 국제 무역협정을 통한 빠른 경기회복을 꾀하는 계획들이 대신 시행되었다.   "
337,,Non-Project Aid,비프로젝트형 원조,개도국의 경제개발 지원을 위한 원조로서 프로젝트형 원조에 해당되지 않는 원조를 말한다. 형태는 ①국제수지지원형 원조(상품차관 포함) ②채무구제 ③구조조정차관으로 대별된다.   
338,NGO,Non-Governmental Organ-ization,비정부기구,"민간인이나 민간단체로 이루어진 국제기관으로서 보통 국제기구, 국제기관이라고 하면 국제조약에 의해 만들어진 정부기관(IGO)을 말한다. 비정부기구(NGO)는 이에 대비되는 말로서 국제적인 비영리 민간조직에 대해 유엔에서 최초로 사용하였다. 최근 들어 국내 민간단체, 시민조직도 NGO의 범주에 속하게 되었다. NGO는 널리 환경보호, 개발원조, 인구, 거주지, 여성, 기아 구제, 인권, 장애자 문제 등을 해결하기 위해 활동하며, 유엔 차원에서 세계회의가 열릴 때 민간활동의 경험 및 주장을 회의에 반영시키기 위해 노력하고 있다. 각 조직은 각자가 맡은 테마에 따라 ""환경 NGO"", ""인권 NGO"", ""개발 NGO"" 등으로 불린다. 나이로비에 본부를 둔 ""환경연락센터(ELC)""가 유엔환경계획(UNEP)으로부터 재정을 원조 받아 정보를 제공하고 있는 단체만도 약 6천 개에 이른다. 국제적인 ""환경 NGO""는 선진국이나 개도국을 구분하지 않고 민간 차원의 환경보호활동에 관련하며 커다란 역할을 담당하고 있다. 이 때문에 유엔 및 유럽, 미국의 정부 등도 NGO와 제휴하고 있다. 각국 NGO는 ""환경과 개발에 관한 유엔 회의""의 ""지구헌장"" 등에 각각 제안을 제출한 바 있다.   "
339,,Cost-Effectiveness Analysis,비용효과분석,"프로젝트 평가를 위한 분석기법의 하나로 비용-편익분석과는 달리 프로젝트에 의한 경제 효과를 화폐평가만으로 측정하기 어려운 경우, 예를 들어 교육, 보건, 의료 등 인적자원개발 프로젝트 선정시 사용되는 분석방법이다. 목표를 달성하기 위하여 가능한 몇 가지 방법에 걸리는 비용을 계산하거나 반대로 몇 가지 방법에 목표를 달성할 때에 걸리는 한계비용을 계산하여 프로젝트의 우선도나 선정여부를 판단한다.   "
340,,Cost-Benefit Analysis,비용편익분석,"비용편익분석은 사회자본에 관한 투자기준을 마련하기 위해 고안된 분석용구의 하나이다. 민간투자의 경우에는 얻어지는 이익이 판매수익인 화폐액으로 나타나는데 비해 사회자본의 경우에는 이익이 판매수익을 나타내지 못하므로 한정된 자원을 효과적으로 활용하기 위해서는 이익을 비용과 비교할 수 있도록 화폐단위로 환원해야 한다는 문제가 생긴다. 예컨대 정부 또는 공공단체가 수자원개발을 위해 댐을 건설할 때 몇 가지 계획안을 놓고 각각의 경우의 비용과 이익의 양면을 비교, 검토하여 그 중 가장 유리한 계획안을 채택하는 것과 같은 방식이다.   "
341,,Aftercare Cooperation,사후관리협력,"사업종료 후 사업의 자립발전을 지원하기 위하여 실시하는 추가조치를 말한다. 예를 들면 프로젝트방식 기술협력의 경우, 사업종료 후 3년이상 경과한 사업 중 자립노력의 성과가 나타나는 프로젝트를 대상으로 연수생 초청, 전문가 파견, 물자 공여 등의 추가 지원을 실시하고, 자립적 발전을 촉진하고 있다.   "
342,,Social Development,사회개발,"인간의 사회적 측면을 중요시하는 개발의 개념과 방법이다. 1995년 사회개발정상회담 선언은 ""인간이야말로 지속가능한 개발의 중심에 있다""고 공포한 바 있다. 사회개발은 고전적인 ""경제개발""을 보완하는 측면도 있으나, 경제성장만을 추구하는 경제개발과는 성격상 다르다는 의미에서 경제개발에 대한 반대 입장에서 주장되는 경우도 있다. 인간 및 사회를 중시하는 사고방식으로는 1970년대의 ""Basic Humanism""의 시대에서 인간개발지수(UNDP의 HDI)에 이르기까지 여러 가지 형태가 제기되어 왔다. 특히, 1990년대에는 주민참여, 빈곤완화 정책, 여성지원 등에 역점을 두었다. 또 다른 사회개발의 분야로는 영양, 보건위생, 교육 등 사회부분과 더불어 인권, 민주화, 환경, 인구와 가족계획, ODA와 NGO의 연계, 고용과 소규모기업 개발 등도 포함된다.   "
343,SOC,Social Overhead Cap- ital,사회간접자본,"재화와 서비스의 생산에 직접 사용되기보다는 간접적으로 생산활동을 지원하며 촉진시키는데 필수 불가결한 자본을 말한다. 이것은 보통 정부가 소유하거나 개인이나 기업이 소유하더라도 정부의 규제를 받는 사회적 성격을 띤 자본이다. 따라서 사회간접자본은 개인직접생산자본(DPC)에 대조되는 개념이다. 그것이 협의로 사용될 때에는 수송, 통신, 전력, 용수 등의 자본시설을 지칭하며, 광의로 사용될 때에는 이에 추가하여 국방, 치안, 보건, 의료, 후생, 교육 등 산업의 생산활동과 일상생활에 필수 불가결한 모든 공공적 성격을 띤 시설을 포함한다. 사회간접자본의 범위가 이처럼 포괄적이기 때문에 사회하부구조, 경제적 하부구조 또는 단순히 하부구조 등의 많은 다른 용어가 유사개념으로 사용되고 있다.   "
344,,Sahel Strip,사헬지역,"사하라사막의 남쪽 주변지대. 서쪽의 세네갈 북부로부터 모리타니 남부, 말리 중부, 부르키나파소(옛 오트볼타)북부, 니제르 남부를 거쳐 동쪽의 차드 중남부(수단, 이디오피아 서부까지 포함되는 경우도 있음)까지 동서로 띠처럼 뻗어 있다. 남북의 폭은 좁은 곳이 약 190㎞, 넓은 곳이 290㎞정도이다. 스텝, 사바나지대로서 1년의 태반이 건기이며, 우기는 6월∼8월이고 강우량도 연간 200ml 밖에 안 된다. 따라서 가뭄이 들기 쉬워 ""아프리카의 기아벨트""라는 말을 들을 정도이다. 최근에도 1969년에 모리타니에서부터 시작하여 차츰 동쪽으로 퍼져나간 장기간 대한발이 1985년까지 계속되었기 때문에 대규모 기아사태가 발생하였고 지금도 위기적 상황이 해소되지 않고 있다.   "
345,SPA,Special Program of Assist- ance for Low-Income Debt-Dist- ressed Countries in Sub- Sa,사하라이남 아프리카 특별원조 프로그램,누적채무에 시달리는 사하라이남 아프리카 저소득국에 대한 구조조정노력을 지원하기 위해 세계은행 주관 하에 1987년 12월에 창설된 특별원조 조직으로서 사하라이남 아프리카 특별기금에 이은 프로그램이다. SPA는 구조조정 지원을 위한 신속한 융자를 목표로 하고 있다. SPA 대상국으로서의 자격요건은 다음과 같다. ①빈곤 - 국제개발협회(IDA) 적격국일 것 ②채무 - 채무변제비율이 30% 이상일 것 ③조정 노력 - 세계은행이나 국제통화기금(IMF)이 지원하는 정책개선 프로그램을 실시중인 나라로서 정책계획서(PEP)에 관해 합의가 성립되어 있는 나라 등이다.   
346,,Preliminary Survey,사전조사,"요청주의에 의한 프로젝트 요청서만으로는 상대국의 요청내용 및 실시계획의 내용 등을 상세히 파악하기가 어렵기 때문에 수원국과의 기술협력에 대한 협의에 앞서 준비단계로서 사전조사가 실시되고 있다. 구체적으로는 상대국 정부로부터 제출된 프로젝트 사업요청서에 대해 요청배경 및 내용을 보다 상세하고 정확히 파악하고 프로젝트의 내용, 국가개발계획상의 위치, 상대국의 실시체제 등을 명확히 하여 프로젝트의 실시가능성 등을 검토하는 것을 말한다.   "
347,,Appraisal,사전심사,"투하자본 및 자원의 효율적 운용을 위해 프로젝트사업 실시전에 실시여부에 관한 사전 검토(Appraisal)를 하는 것으로 DAC에서는 ①개발정책과의 적합성, ②기술면, ③경제 및 재정면, ④제도면, ⑤사회면, ⑥환경면의 6가지 측면에서 고찰하고 있다.   "
348,PMP,Performance Monitoring Plan,사업실적 모니터링계획,"실적데이터 수집을 위한 계획을 수립하고 관리하는 것을 의미한다. 동 계획은 데이터 수집의 기획, 관리, 체계화를 위한 중요한 도구로 활용된다. 비교 가능한 데이터를 적시에 정기적으로 수집토록 함으로써 효율적인 실적 모니터링이 가능하도록 도움을 주며, 유용하고 신뢰 가능한 실적 중심의 운영이 필수적이다.   "
349,,Nonalignment Diploma- cy,비동맹외교,제2차 세계대전 이후 독립한 아시아·아프리카·라틴아메리카국가들의 기본적인 외교정책의 하나로서 미·소가 주축이 된 냉전 블록에 가담하기를 거부하고 대신에 자신들의 국가이익 또는 집단이익에 입각하여 상호간의 일체성을 모색하는 외교정책이다. 신생국 정치지도자들이 국가형성과정에서 비동맹외교정책을 채택한 이론적 근거는 비동맹외교정책이 권력의 집중화 현상인 동맹정책보다 자국의 안전을 보장하고 세계평화를 유지하는 데 더 효과적이라는 신념과 동·서 양진영간의 분쟁에서 객관적·중재자적인 역할을 하고자 하는데 있다.   
350,,Comparative Advantage,비교우위,리카아도(David Ricardo)가 처음 사용한 용어로서 각 국가는 그 나라가 상대적으로 효율적 생산이 가능한 상품을 더 많이 수출할 가능성이 높다는 이론이다. 상대적 효율성의 측정을 위해서는 동일한 상품의 생산비용을 다른 나라와 비교하는 것이 아닌 한 국가에서의 다른 상품간의 생산비용을 비교한다. 비교우위는 정태적인 경우가 거의 없으며 국가들은 노동력에 의한 숙련성 확보를 위한 투자 등을 통하여 비교우위를 얻게 된다. 그러므로 비교우위는 동적인 개념이다.   
351,,Bretton Woods Confrence,브레튼우즈 회의,"정식 이름은 ""United Nations Monetary and Financial Conference""이다. 독일과 일본의 패배가 확실해진 뒤 전후 세계의 금융질서를 세우기 위해 제2차 세계대전 중 뉴햄프셔 브레튼우즈에서 열린 회의(1944년 1월)로서 이 회의에는 소련을 포함한 44개 국가와 정부를 비공식으로 대표하는 전문가들이 참석했다. 회의 결과 외국의 원조가 시급한 나라에게 공급되는 장기자본을 마련할 IBRD를 세우고, 환율안정을 위해 국제수지상의 불균형을 시정하는 데 필요한 금융지원을 할 IMF을 만들기로 했다. 이 회의는 전후 일정기간 동안에 환 관리와 차별 관세가 필요하지만 이런 조치들이 빠른 시일 안에 없어져야 한다고 명시했다. 각국 정부의 승인을 얻은 뒤 IBRD는 1945년 말, IMP는 1946년에 설립되었다.   "
352,,Brandt Com- mittee Report,브란트위원회 보고서,"전 서독 수상 빌리 브란트(Willy Brandt)가 위원장으로 있는 ""국제개발문제에 관한 독립위원회""(통칭 브란트위원회)가 1980년 UN 사무총장에게 제출한 보고서이다. 이 보고서의 제목은 ""남과 북-생존을 위한 전략""이며, 남북관계의 변화, 개도국의 신국제경제질서 요구, 선진국의 불황 등의 상황 하에서 남북이 서로 협력할 수 있는 새로운 경제관계의 구축을 위해 남북의 대표가 회의를 가져야 한다고 권고했다. 이 보고서의 권고에 따라 1981년 10월 남북서미트(칸쿤서미트)가 멕시코의 칸쿤에서 개최되었다.   "
353,,Monitoring,모니터링,"안건의 진행상황을 수시로 체크하여 안건을 관리하는 것으로서 안건의 실시과정에서 문제가 발생할 경우 발생사유, 내용, 조치사항 등을 시계열적으로 기록하고 정리하는 것은 효율적으로 안건을 관리하는 데 있어서 중요한데, 이는 평가를 위한 귀중한 투입(input) 정보이기도 하다.   "
354,,Maghreb,마그레브,"리비아, 튀니지, 알제리, 모로코 등 북아프리카 북서부 일대를 총칭하는 말이다. 마그리브(Maghrib)라고도 한다. 이 말은 아랍어로, 동방(Mashriq)에 대하여 서방(땅의 끝)을 뜻하는 아랍어이다. 이슬람의 ""동방세계""가 아랍인과 페르시아인이 중심이 되어 이루어진데 대하여 ""서방세계""는 아랍화한 베르베르인이 중심이 되며, 문화적으로도 많은 차이가 있다. 7세기 말부터 이슬람 왕국의 흥망과 이합집산이 되풀이되어, 19∼20세기에 트리폴리타니아가 이탈리아령이 된 외에 서방은 프랑스령으로 분할, 통치되었다. 1950년대에 리비아, 튀니지, 모로코 등이 독립하면서부터 알제리 독립전쟁(1954∼1962) 중에 모로코와 튀니지가 마그레브 연방 형성을 제창하였다. 현재도 교통, 통신, 무역, 관광 등의 목적을 위해 마그레브 정신을 살리려고 하고 있다.   "
355,,Recurrent Cost,리커런트 코스트,"개발 프로젝트에 있어서 건설된 시설이나 공여된 기자재의 운영, 유지관리나 인력의 고용 등을 위하여 지속적으로 소요되는 경비이다. 기본적으로는 개도국의 자조노력을 강조하는 차원에서 수원국의 부담을 원칙으로 하고 있다.   "
356,,Rescheduling,리스케줄링,외국으로부터 돈을 빌려 온 나라가 대출국에 상환할 시기를 당초계약보다 뒤로 미루는 것으로 채무재조정 또는 채무상환연기라고도 한다. 개도국의 경우 1차 상품의 수출가격 하락 등으로 국제수지가 악화되어 외국으로부터 빌려 온 돈의 상환이 곤란하게 되었을 때 채권국에 대해 상환연기를 요청하고 채권국이 이것을 인정하면 리스케줄링이 성립된다. 또 상환유예의 방법으로서 상환기한이 도래한 채무를 채권국으로부터 새로운 융자를 받아 상환하는 방법도 있는데 이것을 리파이넌싱(refinancing: 재융자)이라 한다. 또한 같은 공공채권자나 채권단체에 의해 미리 공여된 차관에 따른 원리금의 미불금 또는 미래 지불금은 만기가 되었을 때 조달키 위해 사용되는 것으로 상환정리(consolidation)가 있다. 이 같은 채무재조정은 1980년대에 들어서 멕시코 등의 채무상환 불이행으로 표면화된 개도국들의 외채위기 이후 급증하고 있다.   
357,FAO,Food and Agricul- ture Organization,국제식량농업기구," 유엔에서 가장 오래된 상설 전문기구이다. 제2차 세계대전 말기에 전쟁 피해국 주민들의 기아문제를 해결하고 영양상태를 개선시키기 위하여 설립되었다. 농업, 임업, 수산업 개발에 대한 각국 정부와 전문기구들 상호간의 역할조정에 힘쓴다. FAO는 조사, 연구 기능도 수행한다. 각국의 개발계획에 기술원조를 제공하고 세미나, 훈련 센터 운영 등을 통하여 교육 프로그램을 시행하며 농산품의 생산, 무역, 소비에 관련된 국제규모의 통계자료를 보존하고 정기간행물, 연감, 연구회보 등을 발행한다. 로마에 있는 본부사무국을 중심으로 세계 전역에 지역사무국들이 산재해 있다. 2년마다 개최되는 총회에서 기구를 관할하며 이사회는 총회에서 선출되는 회원국 대표들로 이루어진다. 1969년에 공표된 '세계농업개발계획지표'는 세계농업의 주요문제점을 분석해 그 해결책을 제시한 것이다. 1960년대 이후부터는 다수확 작물의 개발, 농산물 수출증대, 단백질 결핍증의 제거 등에 주력해 왔다. "
358,IFAD,International Fund for Agricultural Development,국제농업개발기금," 가난한 나라의 식량 증산을 지원하는 유엔 전문기구이다. 로마에 본부가 있다. 세계식량회의(WFC)에서 1974년 11월 국제농업발전기금을 세우기로 채택하고 1976년 6월 설립했다. IFAD의 회원국은 3가지 부류로 나눌 수 있다. 첫째 산업화된 나라로 대부분 서유럽, 일본, 미국과 같은 선진국들, 둘째 중동이나 아프리카 또는 다른 지역의 주요 산유국들을 포함한 석유수출로 국가발전을 이룬 나라, 셋째 100개 이상의 개도국이다. 첫째와 둘째 부류에 속하는 나라는 기금의 재원을 충당할 의무를 갖고 셋째 부류에 속하는 수원국들도 IFAD 회원국임에 틀림은 없지만 이들 국가들은 재원 충당에 기여는 할 수 있어도 이를 의무로 하지는 않는다. IFAD는 식량생산이 기술적인 문제뿐만 아니라 정치적, 사회적인 문제 모두에 의해 결정된다는 세계적인 인식을 불러일으켰다. 이러한 입장을 고려하여 IFAD는 미개발 농업국과 가난한 회원국만을 지원한다. 기금운용의 3가지 우선 순위는 다음과 같은데, 첫째 개도국의 식량생산을 높이고, 둘째 가난하거나 땅이 없는 농부들에게는 일감을 주고, 셋째 세계적으로 영양실조에 걸린 사람의 수를 줄이는 것이다. "
359,ILO,International Labour Organization,국제노동기구,"전 세계적으로 노동조건과 생활수준 개선을 촉진하기 위해 만든 유엔의 특별기구이다. 제1차 세계대전이 끝난 뒤 만들어졌으며 1919년 베르사유 조약 제13항(노동)에 따라 국제연맹에 속하게 되었다. 제2차 세계대전 기간에 유엔이 설립된 뒤 1946년 특별기구로서는 처음으로 여기에 가입했다. ILO는 각국의 노동입법수준을 발전, 향상시켜 노동조건과 생활수준을 보장하고 개선하는 역할을 하며 사회정책과 행정, 인력자원 훈련 및 활용에 대한 기술지원을 하거나 협동조직과 농촌공장 설립을 촉진한다. 노동통계자료를 모으고 국제경쟁, 실업과 불완전고용, 노사관계, 경제발전, 자동화를 비롯한 기술변화 문제에 관한 연구를 진행한다. 국제적인 계절노동자를 보호하고 노조의 권리와 인권을 보장하고, 사회경제정책 결정에서 노동자를 고려하도록 하는 사업도 벌이고 있으며 이밖에도 전 세계 정부·노동자·사용자 대표들 및 ILO 자체 요원들이 끊임없이 의견교환을 하도록 촉구하는 활동을 하고 있다. 1969년 폭넓고 건설적인 활동이 인정되어 노벨 평화상을 받았다. ILO는 설립 뒤 첫 10년간 무엇보다도 입법활동과 인구사업, 회원국들이 채택하기에 적합한 최소한의 노동법 기준을 정하고 발전시키는 사업과 노동자, 사용자, 정부대표, ILO 사무국요원들 사이의 협력을 중재하는 사업 등에 힘을 쏟았다.1930년대에는 세계적으로 실업과 경제불황을 극복하기 위한 방안을 제시하기도 했으나 당시 ILO가 내놓은 제안은 너무 시대에 앞서 있어 각국 정책결정자들이 받아들여 시행할 수가 없었다. 제2차 세계대전이 끝난 뒤 식민지에 기반을 둔 유럽 제국주의가 무너지면서 발전하기 시작한 독립국들의 요청에 따라 ILO는 새로운 과제를 떠맡게 되었다. 선진 유럽국가가 대부분이던 회원국 상황이 새로이 독립된 제3세계 국가가 점점 늘어나는 방향으로 바뀌기 시작했던 것이다. 정부간 국제기구 가운데서 ILO는 회원국 대표가 그 나라 정부뿐만 아니라 전국적인 사용자, 노동자 대표들, 특히 노동조합 대표들로 이루어진다는 점에서 독특하다. 우리나라는 1991년 12월 9일 151번째로 가입했다. 각국 대표들은 매년 열리는 국제노동회의에 참여한다. 집행기구는 정무국이며 이 회의에서 임원을 뽑는다. 종신서기와 전문요원들로 이루어진 제네바 주재 국제노동사무소에서 ILO의 일상업무를 처리한다. 사무소는 선임된 사무총장의 지휘 아래 국제사무관과 기술지원전문가를 세계 여러 나라에 두어 일하게 한다.   "
360,,International Organization,국제기구," 2개 이상의 주권국가로 구성되어 국제법상 독자적인 지위를 갖는 조직체이다. 현존하는 국제기구 가운데 1850년 이전에 설립된 것은 극소수에 불과하며 90% 정도가 1900년에서 1956년 사이에 조직되었다. 국제기구의 수는 1980년대 중반까지 2,500개를 넘어섰고 그 가운데 750개는 제2차 세계대전 이후에 결성된 것들이다. 130여 개에 이르는 정부간 기구 가운데 중요한 것은 유엔과 그 관련기구 및 유럽경제공동체(EEC), 북대서양조약기구 (NATO), 미주기구(OAS), 경제상호원조회의(COMECON) 등의 지역기구들이다. 국제기구의 증가추세는 교통, 통신의 발달과 산업화 및 세계대전으로 말미암은 것이다. 이와 같은 요인들은 국제사회 내부의 상호의존성을 증대시켰고 이에 따라 위기를 예방하고 난제들을 해결하기 위한 체계적인 국제협력이 요청되었다. 국제기구는 지역기구로부터 세계 규모의 기구에 이르기까지 다양한 형태를 가지고 있으며, 어떤 것은 비교적 범위가 한정된 단순한 문제에 관여하지만 유엔과 같은 경우는 매우 복잡한 실질적인 사안들을 취급한다. 국제기구는 정부간 기구와 비정부간 기구로 분류되기도 한다. 20세기에 국제기구가 급속도로 늘어감에 따라 이들간의 관계조정을 위한 일련의 시도들이 이루어졌다. 1907년 브뤼셀에서 설립된 국제기구연맹(UIA) 은 이에관한 초기의 시도로 간주되며 제1차 세계대전 후 창설된 국제연맹은 정부간 기구와 비정부간 기구의 확대에 획기적인 계기를 마련했다. 제2차 세계대전 후의 유엔은 국제협력을 도모하는 주요 사업계획들의 ""비호기관"" 역할을 했고 경제, 사회, 문화, 교육, 보건 등을 관장하는 정부간 기구들과 역할조정협약을 체결했다. 경제사회이사회(ECOSOC)는 사실상 국제기구라고 할 만한 300여 개의 비정부간 기구들과 자문관계를 형성하고 있다. "
361,,International Emer- gency Relief System,국제긴급구호체제," 외국, 특히 개도국지역에서의 대규모의 재해에 대하여 피해국이나 국제기구로부터의 요청에 부응하는 종합적이고 신속한 원조체제를 뜻한다. 일본의 경우, 국제긴급원조 활동은 1987년 공표, 시행된 ""국제긴급원조대의 파견에 관한 법률""에 기초하여 ①국제긴급 원조대(Japan Disaster Relief Team: JDRT)의 파견, ②원조물자의 공여, ③자금원조 등 3가지 원조형태가 있다. 자금원조는 외무성이 직접 담당하며, 인적원조와 물적원조의 경우에는 외무성을 대신하여 일본국제협력사업단(JICA)이 사업을 실시한다. JDRT는 일본의 국내기관과 협력하여 ①구조팀(인명의 구출, 구조), ②의료팀(응급의료, 방역), ③전문가팀(재해응급대책, 재해복구)을 구성하여 재해 피해국의 요청, 재해의 규모, 종류 등에 대응하여 적정한 팀이나 조직으로 구성하며 JICA를 통하여 파견된다. "
362,IFC,International Finance Corporation,국제금융공사," 세계은행(IBRD)에 가입하고 있는 자매기관이나, 법적으로는 독립성을 지니고 있다. 그 목적은 개도국에 있어서의 민간부문의 발전을 촉진함으로써 세계은행의 활동을 지원하는 것이다. 회원국들의 경제발전을 촉진시키기 위해 설립된 기관으로서 민간기업들이 충분한 민간자본을 얻기 힘들 때 자본을 제공하는 역할을 한다. 1956년 7월 24일 공식적으로 설립된 이 공사는 특히 저개발지역에 대한 원조를 중점사업으로 하고 있다. 본부는 워싱턴 D.C.에 있다. 한국은 1964년 3월에 가입했다. 세계은행은 대출만을 하지만 IFC는 대출도 하고 자본투자도 한다. 또 세계은행 대출에는 정부보증이 필요하나 IFC는 필요없다. 대출은 아시아, 중남미지역에 집중되고 있다. IFC의 총재는 세계은행 총재가 겸임하고 있다. IFC는 민간기업들에게 우선적으로 자금을 조달해 주는데, 정부의 상환보증 없이도 대출을 받을 수 있다. 같은 종류에 속하는 다른 대부분의 기관들과는 달리, IFC는 그들이 투자한 자금을 어디에 지출할 것인지 그 용도를 밝힐 것을 계약조건으로 요구할 수가 없다. 대부조건은 매번 협상을 통해 결정하지만, 상환만기일은 대개 5∼15년으로 한다. IFC는 투자를 다각화하려는 노력을 계속해, 지금까지 관광개발사업을 비롯해 동물사료, 출판, 철강, 비료, 섬유 등 다양한 산업부문에 투자를 해 왔다. "
363,IDA,International Develop-ment Association,국제개발협회," 개도국의 경제개발을 돕기 위해 설립된 국제금융기관이다. 국제투자보증기구(MIGA)와 함께 구조조정을 지원하는 IBRD의 3대 산하기구중 하나이다. IBRD의 자매기구로서 저소득 국가에 대한 경제개발과 생산성 향상을 돕기 위해 1960년 9월에 설립되었다. 세계은행이라고도 부르는 IBRD보다 좀더 좋은 조건으로 융자해주기 위한 것인데 회원국이 되려면 먼저 세계은행에 가입해야 하며 임원진도 세계은행의 임원이 겸임한다. 재원은 부유한 회원국들의 기부금과 세계은행의 수익금을 전환하여 충당하며 본부는 미국 워싱턴에 있다. 융자대상국은 1인당 GNP 940달러 이하의 개도국으로 인도, 방글라데시, 파키스탄, 이집트, 인도네시아 등이 수혜하고 있다. 상환기간은 50년으로 10년 거치 후, 다음 10년간은 매년 원금의 1퍼센트, 나머지 30년간은 3퍼센트씩 갚으며, 무이자에 매년 0.75퍼센트의 수수료만 물면 된다. 또한 차입국 국제수지에 미치는 영향을 고려하여 차입국 통화로 상환할 수도 있다. 한국은 1961년에 가입하였다. "
364,,Evaluating Country Programmes,국별원조평가, 국가별로 여러 가지 사업형태 및 분야 등을 종합하여 평가하는 것으로 해당 국가의 원조효과나 실무상의 문제점을 정리하여 그 결과를 국별 원조계획 수립 등에 반영하기 위한 것이다. 국가별평가는 1980년대 중반부터 공여국들이 주요협력 대상국의 집중적인 원조를 강화하기 위하여 국별원조계획(country programming)을 수립하면서 이에 대한 효과를 측정하고 보다 효율적이고 체계적인 사업추진을 위하여 1980년대 말부터 국가별평가를 실시하게 되었다. 
365,,Country Programming,국별 원조계획," 1960년대 후반에 이르러 서구 선진국들 사이에는 종래의 프로젝트 베이스에 기초한 개발원조계획이 비효율적이라는 반성이 일어났다. 원조수입국의 개발자금계획에 관한 종합적인 접근법의 필요성이 높아지고, 수원국측에서도 외국으로부터의 원조자금에 의해 수행되는 국별 원조계획이 수원국의 요구와 분야별 우선순위에 기초, 1년 이상 장기적인 국별 원조규모와 부문별 배분을 계획하는 것이 필요하였다. 미국은 1969년부터 이 방법을 도입했고 스칸디나비아제국, 영국, 서독, 캐나다에서도 국별 원조계획이 원조행정에서 중요한 역할을 수행하고 있으며, UNDP, IBRD 등도 동 방법을 도입하고 있다. 스웨덴과 같이 3년 동안의 꽤 확실한 연차원조액을 약속하고 있는 나라도 있다. "
366,GNP,Gross National Product,국민총생산," 일정 기간에 일국의 국민경제 내에서 생산해 낸 최종생산물의 총 시장가치를 화폐단위로 나타낸 것이다. 오늘날 국민총생산은 한 나라의 경제활동수준을 가늠하는 데 가장 적절한 지표로 사용되고 있다. 보통은 1년을 단위로 하지만 분기별로 3개월 또는 6개월 단위의 단기 GNP를 작성하기도 한다. 곧 (빵의 가격×빵의 수량)＋(사과의 가격×사과의 수량)＋……와 같이 모든 최종생산물의 수량에 그 가격을 곱하여 합산한 것이다. 최종생산물은 빵·사과 같은 재화나 이발·수송 등의 용역 또는 서비스를 가리킨다. 이중계산을 피하기 위해 중간투입액(원료비·반제품비·보조원료비) 등은 계상하지 않는다. 그러므로 한 나라의 국민이 일정기간에 산출한 재화와 용역을 시장가격으로 계상한 총액을 의미한다. 이를테면 우리 국민이 외국에서 단기간 일하여 생산한 것은 우리나라의 GNP에 포함되고, 외국인이 우리나라에서 단기간 일하여 생산한 것은 우리의 GNP에 포함되지 않는다. 시장가격으로 평가된 이 GNP가 명목국민총생산이며, 시장가격은 매년 변동하기 때문에 다른 해와 비교하기 위해 물가변동을 감안한 디플레이터(deflator)(이 경우는 물가지수)로 수정하여 실질국민총생산을 산정하게 된다. "
367,,Borderless World,국경없는 세계,"1990년 오마에 켄이치(Omae Kenichi)가 저술한 책의 제목에서 나온 말로 상호 연계된 세계경제에서 기업이 경쟁을 가장 잘 활용할 수 있는 방식과 관계가 있다. 이 용어는 세계화(globalization) 의 한 측면을 표현하고 있다. 그동안 국경 없는 무역이 이루어지는 세계는 어느 정도 달성되어 왔으나, 종이없는 사무실의 개념과 마찬가지로 이 개념이 현실화되는데는 어느 정도 시간이 걸릴 것으로 보인다.   "
368,SAF,Structural Adjust-ment Facility,구조조정융자제도," IMF 특별기금에 근거한 양허성 융자제도의 하나로 1986년 3월 도입되었다. 저개도국이 거시경제 정책이나 구조조정정책을 실시할 것을 조건으로 국제수지 부족을 지원하기 위해 설립되었으며 이는 1987년 구조조정 내용의 강화와 지원금액, 지원 횟수를 확대한 확대구조조정융자제도(ESAF)로 발전하였다. SAF는 거시경제의 불신으로 나타나는 국제수지 불균형을 개선하려는 자금지원으로 지금까지 국제수지 적자는 일시적인 것이라고 간주하여, IMF의 단기적 융자와 양자간 원조의 상품차관 등을 공급해 왔지만, 개도국의 누계채무문제 등의 거액의 국제수지의 적자가 구조적인 문제로서 부각되자 국제수지를 호전시키려는 일련의 정책을 조건으로 하는 구조조정융자가 확대되었다. IMF는 이와 같은 양허성 융자제도 도입이전, 통상 자금지원의 범위 내에서 Credit Tranche 융자제도(대기성 차관이나 확대신용공여제도 등 국제수지곤란을 회피하기 위한 지금지원)나 특별융자제도(완충재고 융자제도나 수출변동 우발보상제도등 수출입변동의 영향을 완충)를 중심으로 국제수지상 어려움에 처한 나라를 지원하고 있다. SAF나 ESAF, ESAF2의 도입은, IMF가 단순히 국제수지 감독자의 입장을 넘어, 저개도국의 경제구조 개혁에 적극적으로 개입한다는 의미가 있다. 세계은행도 이와 비슷한 양허성 융자제도로구조조정자금(Structural Adjustment Lending : SAL)제도를 두고 있다. SAL은 개도국의 구조조정을 전제로 실시하는 프로그램 원조의 하나로 해당국 정부의 국제수지 및 경제전반에 대한 개선계획서의 제출, 신속한 집행 등을 특징으로 한다. "
369,,Structural Adjustment Fund,구조조정기금," 국제기구와 금융기관 등을 통해 마련한 구조조정 재원으로서 부채구조조정기금(debt restructuring fund)과 주식투자기금(equity fund)이 양축이다. 부채구조조정기금은 기업에 장기 자금을 대출해 줌으로써 단기채무를 장기채무로 전환해주는 것을 말하고 주식투자기금은 기업의 주식을 기금으로 사들여 신규 자금의 공급을 원활하게 하는 역할을 한다. 이들 기금의 투자 대상은 금융기관 부채가 2,500억원을 넘는 대기업 계열사를 제외한 중소기업으로 제한된다. 또한 가능성이 있는 우량기업을 대상으로 하기 때문에 부도가 났거나 화의, 법정관리 상태에 있는 기업은 제외된다. 기금은 국제금융공사(IFC)와 같은 국제금융기구에서 차입해 마련하고 산업은행을 비롯한 국내 금융기관과 외국 투자은행들로부터 차입한다. 기업에 대한 직접투자자금으로 사용되지는 않기 때문에 직접 지원자금은 기금이 발행하는 채권을 외국인투자가들에게 팔아서 마련한다. 부채구조조정기금은 일시적인 자금난만 덜어주면 이른 시일 안에 높은 수익을 낼 수 있는 중소기업을 대상으로 운전자금은 1∼3년 만기로, 시설자금 등은 3∼7년 만기로 조달금리에 일정 이자를 덧붙여 빌려준다. 이들 기업이 발행하는 전환사채(CB)를 매입하는 방법으로 실질적인 장기 대출을 대신하기도 한다. 외화자금 대출은 수출 비중이 전체 매출액의 일정한 비율을 넘는 기업에 한정된다. 주식투자기금도 주식 매입을 통한 자금 공급으로 회생 가능성이 확실한 기업만을 대상으로 하고 배당과 투자수익을 얻는다. 주식 매입을 통해 기업을 인수, 합병하거나 이를 중재할 수 있다. 특히 인수, 합병에서는 회사의 직접 경영보다 일정기간 소유하면서 자금 지원 등을 통해 회생시켜 높은 가격에 매각하는 기능, 즉 벌처펀드의 기능도 가진다. "
370,,Structural Adjustment,구조조정," 1982년 멕시코의 경제위기에서 표면화된 누적채무문제 등에서 보는 바와 같이 개도국 경제의 악화는 그 원인중 과도한 정부개입으로 인한 경제합리성의 왜곡을 들 수 있으며 이러한 인식아래 IMF와 세계은행 등이 시장경제 체제에 근거하여 시행한 일련의 경제개혁정책을 구조조정으로 부른다. 특히 IMF는 거시경제의 안정을 위한 융자의 전제조건으로 통화절하 조치와 엄격한 재정긴축정책, 자유화정책을 요구하였는데 이는 빈곤층과 사회적 약자에 대한 배려가 결여된 정책이라는 비판이 UNICEF 등에서 나왔다. 이후 구조조정에 있어서 ""인간의 얼굴을 한 구조조정(adjustment with human faces)""과 사회적 약자를 배려한 사회안전망(social safety net- work)과 같은 사회복지제도의 확충필요성이 제창되었다. IMF등의 구조조정에 따른 사회적 문제점은 1995년 유엔 사회개발정상회의에서도 지적되어 구조조정 목표가운데 사회개발 프로그램을 포함할 것과 권위주의체제에서의 ""지시 일방적""으로 이루어진 구조조정 프로그램의 민주화도 요구하고 있다. "
371,,DAC Policy State- ment on Development Cooperation in the 1990s,90년대의 개발협력,"90년대의 원조정책 지침으로 경제협력개발기구(OECD)의 개발원조위원회(DAC)가 논의한 결과를 정리, 1989년말 DAC 고위급회의에서 채택되었다. DAC는 90년대 원조방향에 관하여 인구증가, 빈곤, 영양부족, 높은 문맹률, 환경문제가 결합된 저개발의 악순환 문제를 개발을 통해 해결할 것과 이를 위해, ①지속적인 경제성장의 추구 ②생산과정에 대한 폭넓은 사람들의 참여 및 그 성과의 공평한 배분 ③환경면에서의 지속성의 확보 및 지속성장을 위협하는 높은 인구증가율의 억제 등 3가지 목표를 밝히고 있다. 또한 개발의 궁극적인 책임은 개도국 자신에게 있음을 강조하고 있으며 특히 정책, 기구측면에서의 개도국 조직체계의 중요성을 지적하는 한편, 향후 개발협력의 방향은 정책대화를 통해 형성되어야 함을 강조하고 있다.   "
372,,Multilateral Bila- teral Cooperation,다자·양자간 협력,"국제기구 등에서는 원래 다수 공여국의 출자(공여)를 기초로 한 일반재원에 대한 반대개념으로 특정공여국에 의한 국제기구와의 공동협력을 지칭하여 사용된다. 한편, 1990년대 들어 선진공여국에 원조피로 현상이 나타나고 전체 개발원조 자금도 증가하지 않자, 양자·다자간 원조기관간 자금, 기술, 인력 등에서 협력하는 것이 보다 효과적이고 합리적으로 개발원조사업을 전개할 수 있다는 인식이 공유되고 있다. 더불어 글로벌 이슈와 같이 개별 기구에서 대응이 곤란한 과제가 점차 중요한 것으로 인식되어 양자간의 제휴관계는 많은 국제적인 모임에서 의제가 되고 있고, 실제 협력사업도 적극적으로 실시되고 있다. Multi- lateral Bilateral Cooperation을 실시한 예로는 일본과 UNDP, 유엔 프로젝트서비스기구(UNOPS)의 ""부탄전기통신망 정비계획"", ""네팔하천 연안보호계획"", ""캄보디아 삼각계획""등이 있으며, WHO, UNICEF가 추진하고 있는 ""예방접종확대계획(EPI)""이 있다. 최근에는 국제기구를 통한 다자간 원조와 양자간 원조기구에 의한 원조의 제휴(병행융자)를 포함하여, 국제기구와 양자간 원조기관 협력을 넓게 포괄하여 Multilateral Bilateral Co- operation으로 부르고 있다.   "
373,MAI,Multilateral Agree-ment on Investment,다자간 투자협정," 기본적으로 기존의 양자간 투자협정과 OECD의 자본이동 자유화규약 및 경상무역외거래 자유화규약 항목 중 자본거래관련 항목 그리고 OECD의 다국적기업에 관한 지침, 서비스무역에 관한 일반협정(GATS)의 상업적 주재에 의한 서비스관련 공급규정을 포괄하는 국제규범등을 말한다. 포괄범위는 제조업뿐만 아니라 서비스 및 자연자원 분야까지도 포함하고 있다. 또한 MAI는 투자자유화는 물론 투자보호 및 투자관련 분쟁 해결절차 내용까지도 포함하고 있고 GATS와는 내국민대우, 최혜국대우 등을 일반의무사항으로 규정하고 있다. 따라서 MAI는 투자관련 최초의 본격적인 다자간 국제규범이라고 할 수 있다. "
374,,Multilateral Aid,다자간 원조,"공적개발원조(ODA)의 한 방식으로 개도국을 원조함에 있어 그 나라에 직접자금을 제공하지 않고 세계은행, 아시아개발은행 등 국제적인 대부기관에 출자함으로써 간접으로 원조하는 방식이다. 양자간 원조방식과 달리 1970년대부터 채택된 다자간 원조방식은 개도국의 민족주의의 고양에 대응하면서 자본의 국적을 은폐할 수 있는 효과가 있다. 국제기구를 통한 원조는 양자간 원조와 비교하여 ①국제기구에 있는 고도의 전문지식과 경험을 이용할 수 있으며, ②정부 주도로 원조가 불가능하거나 곤란한 국가와 지원에 대하여 원조가 가능하다는 등의 이점이 있다. 피어슨 보고서에서는 국제기구에 대한 공여를 자국 ODA의 20%정도로 할 것을 요구하고 있다. 다자간 원조를 담당하는 국제기구는 경제개발에 필요한 자금을 대부하는 국제개발금융기관과 기술협력에 관련된 유엔의 개발원조기구 등이 있다. 국제개발금융기구로는 세계은행 그룹과 아시아개발은행(ADB), 유럽부흥개발은행(EBRD)과 같이 특정한 지역과 분야를 대상으로 하는 지역개발은행이 있으며 유엔의 개발원조기구로는 유엔개발계획(UNDP), 유엔인구기금(UNFPA), 유엔난민고등판무관(UNHCR), 세계보건기구(WHO) 등이 있다.   "
375,,Capacity Development,능력개발,"1950년대 유엔의 전문기구와 세계은행을 중심으로 개도국 원조가 시작되었다. 당시에는 마샬플랜 지원경험을 통해 자본부족이 개발의 기본적 제약요인으로 고려되어 자본공급을 원조내용의 중요한 요소로 보았다. 그러나 1970년대에 이르러 대규모 개발프로젝트 등이 기대에 부흥하는 성과를 나타내지 못하고 현장의 원조담당자들은 개도국측이 종합적으로 원조를 받아들일 흡수능력이 결여(lack of absorptive capacity)되어 있음을 지속적으로 지적하여 왔다. 80년대가 되면서 세계은행으로부터 구조조정자금이 아프리카 빈곤개도국을 대상으로 실시되었고, 대상국을 둘러싼 적정한 거시경제정책의 실시, 적합한 경제관련 행정제도의 제정과 합리적인 조직의 설립과 운영관리 등 모든 조건이 개발원조의 대부 투입의 부대조건이 되었다. 당시에는 특히 개발원조를 받아들이는 행정조직의 강화와 관련제도 정비가 중요하게 이해되어 제도형성(institution building)이 개발의 하나의 기본조건이 되었다. 90년대에는 선진국과 국제개발 원조기관의 원조공여액이 감소되는 현실을 고려하여 국제사회도 개도국 스스로 개발의 주체로서 책임의식을 갖도록 유도하였으며 이러한 주체성과 책임의식 아래 개도국의 우수 인력양성을 위한 지원이 개발원조의 새로운 테마가 되고 있다.   "
376,IRR,Internal Rate of Return,내부수익률,"당초 투자에 소요되는 지출액의 현재가치가 그 투자로부터 기대되는 현금수입액의 현재 가치와 동일하게 되는 할인율이다. 즉 미래의 현금 수입액이 현재의 투자가치와 동일하게 되는 수익률이다. 예를 들어 어떤 투자의 내부수익율이 9%라면 이것은 투자의 원금이 내용년수까지 계속 9%의 복리로 성장하는 자본의 복리증가율과 같은 의미를 갖는다. IRR은 프로젝트의 퍼실리티 평가기준의 하나로서 편익비용비율이나 순현재평가치 등과 같이 프로젝트의 경제분석과 재무분석에 이용되는 방법의 한 종류이다. 재무분석은 프로젝트의 실시에 의한 수익과 자본지출 등 현금수지의 산출과 투입의 흐름과 함께 현금수지의 패턴(cash flow)에 대한 분석과 대비하며, 경제분석은 경제적 가치를 지닌 재화와 서비스의 발생(편익)이나 사용(비용)의 패턴에 대한 분석이지만, IRR은 프로젝트의 전기간 중의 발생한 수익이나 편익의 현재가치와 비용의 총계의 현재가치의 차(순현재가치)를 영(zero)으로 하는 할인율을 뜻한다. IRR은 프로젝트의 수익성을 재는 유익한 척도이고, 몇 개의 프로젝트에 순위를 붙이면 우수한 지표가 된다. IRR이 높으면 수익이 높게 표시된다.   "
377,,Logical Framework,로지칼프레임웍,"많은 원조공여국 및 국제원조기관에 의해 채용되고 있는 프로젝트의 목표관리기법으로 종으로 4행(개발목표, 안건목적, 성과/Output, 투입/Input), 횡으로 4열(내용설명, 목표지표, 확인수단, 전제조건)의 매트릭스를 표준형으로 한다. 주로 프로젝트의 계획, 심사 및 평가시 활용하는 기법으로 최근에는 태국 등 수원국도 프로젝트 참가형 입안기법으로 이용하기 시작했다. 프로젝트 계획 단계에서 사용되며, 프로젝트의 진행 단계에서 여러 상황변화에 따라 수정해 나감으로써 프로젝트의 질을 모니터하고 관리할 수 있다. 평가부문에서도 사전심사로부터 사후평가에 이르는 각 단계의 평가업무 상호간에 논리적 연계성 및 계통성을 부여하기 위한 논리적 틀로 생각할 수 있다.   "
378,EAEC,East Asia Eco- nomic Caucus,동아시아경제회의,"EC통합과 북미자유무역협정추진 등 세계경제의 블록화추세에 대응해 동아시아지역내의 무역, 투자에 있어 경제협력을 꾀하자는 취지로 1990년 마하티르(Dr. Mahathir Mohamad) 말레이시아 총리가 ASEAN 6개국과 한국, 일본, 중국, 대만, 홍콩사이에의 경제협력을 제안했다. 이 구상은 아세안 내부에서도 사전에 충분한 논의가 없어 한국, 일본 등은 신중한 입장을 보이는 반면, 이 구상에서 제외된 미국, 호주, 뉴질랜드 등의 APEC 국가는 반대입장을 표명하고 있다.   "
379,,East Asia Economic Cooperation Vision Group,동아시아 경제협력비전그룹,"김대중 대통령이 1998년 12월 베트남 방문시 결성을 제의한 것으로 현재 추진중인 다양한 경제협력방안을 한 곳에 모아보자는 취지를 담고 있다. 현재 동아시아 지역을 대상으로 한 경제협력체제는 아세안, 아시아·태평양경제협력기구 등 가동중인 시스템 외에도 아시아통화기금(AMF), 미야자와 플랜, 동아시아경제협의체(EAEC) 등 추진중인 것까지 다양하다.   "
380,ASEAN,Association of Sou-th East Asian Nations,동남아국가연합,"ASEAN은 1960년대 중반 동남아시아제국의 공동안보 및 자주독립 노선 추구를 위한 지역협력 가능성을 모색하기 위해 1967년 8월 방콕에서 아세안 5개국 태국, 인도네시아, 필리핀, 말레이시아, 싱가포르의 외무장관회담을 개최한 후 아세안 선언으로 1967년 8월 8일 결성되었다. 현재 아세안 5개국 및 브루나이, 베트남, 미얀마, 라오스, 캄보디아가 회원국으로 가입하여 참가국은 10개국이다. 1975년에 인도차이나의 공산화 이후 결속을 강화해 정치협력, 식량에너지산업협력, 공동공업화프로젝트, 역내특혜관세, 안전보장 등에 관한 협력을 증진시켜 나가고 있다. 중앙사무국은 인도네시아의 수도 자카르타에 있다. 동 연합의 목적은 ①동남아시아의 지역협력 촉진 ②외국으로부터의 간섭 배제 및 역내 제국의 평화와 안정 수호 ③경제, 사회, 기술, 문화등 각 분야에 있어서의 상호 원조등이다. 1976년 2월에 발리섬에서 개최된 정상회의는 정치적 단결과 중립화를 꾀하는 ""일체화선언""과 ""우호협력조약""에 조인했다. 1977년 8월 제 2회 회의에서는 경제협력 문제를 중심으로 한 코뮤니케를 채택했으며, 1978년부터는 미국, 일본을 포함한 확대외상회의를 연 1회 열고 있다. 상설기관으로는 자카르타에 중앙사무국이 있다.   "
381,,Counterpart Fund,대충자금," 제2차 세계대전 이후 미국에 의해 제공된 대외원조 도입액을 운용할 때 수원국 정부가 원조의 증여분에 상당하는 달러액을 같은 액수의 자국통화로 특별계정에 적립한 자금. 미국의 대유럽부흥계획인 마샬플랜(Marshall Plan)에서부터 주목받기 시작했다. 대체로 적립금 중 5％는 전략물자구입 또는 미국이 파견한 기관의 운영비용을 위해 사용되었으며, 나머지 95％는 미국의 동의 하에 수원국의 통화안정과 경제안정을 위해 사용되었다. 한국의 경우 대충자금은 1950년대 경제를 지탱한 원동력이었다. 1965년까지 미국이 한국에 제공한 경제원조는 약 39억 달러였는데, 원조액 중 상당부분은 물자의 공매 후 대충자금으로 적립되었다. 1951년 4월 정부는 이 자금의 관리와 운용을 위해 ""대충자금운용특별회계법""을 제정했다. 대개 경제개발비, 전후복구비, 군사비 등으로 지출되었으며, 그 규모는 정부와 재정투자 융자액의 재원 중 43.5∼93％였다. 1957년을 기점으로 미국의 한국에 대한 경제원조가 감소되면서 대충자금의 규모도 현저히 줄어들었다. "
382,,Inward-looking Development Policies,대내지향적 개발정책,"2차 세계대전후 독립한 개도국이 선진국의 착취와 식민지지배로부터의 해방을 위해 채택한 개발 전략. 산업구조의 중공업화를 핵심으로 경제개발계획이 작성되고, 수입대체적 공업화정책 및 기간산업의 공기업화가 이루어졌으며, 이는 선진 경제국을 따라가기 위한 자국기업 우선정책으로 ""경제적 민족주의""라고도 할 수 있다. 구체적인 정책을 보면 관세와 비관세장벽을 통한 수입의 억제, 고환율 정책에 따른 수입차별, 정부주도의 중점 산업육성 및 보조금 지원정책 등이다. 이와 같은 개발정책은 한때 신생 중남미국가 등 많은 개도국에서 선호되었으나 산업 경쟁력의 저하 및 정부의 자의적 배분에 의한 비효율성을 초래하여 자립경제의 구현이라는 당초의 목표달성에 실패하였으며, 현재는 대외지향적인 개발정책이 주류를 이루고 있다. 대외지향적 개발정책은 대내지향적 개발정책과는 반대로 경제개방, 수입자유화, 변동환율제 채택 등을 주요 내용으로 담고 있다. 한편 대내지향적 개발정책은 낮은 수준의 경제발전단계에 있는 국가와 인도와 같이 넓은 국토를 가진 나라에서는 어느 정도 필요하다는 의견도 있다.   "
383,,One-year Budget,단년도주의 예산," 1회계 연도의 세출은 원칙적으로 동 년도의 세입으로 처리하고, 또 그 회계연도 내에서만 쓸 수 있다고 하는 예산 원칙으로서 계속비, 이월 명시비 등 부분적인 예외조치가 인정되고 있다.  "
384,,National Treatment,내국민 대우,"외국제품 및 제품 공급자가 국내시장에서 국내제품 및 제품 공급자보다 열악하지 않은 대우보장을 추구한다는 것으로서 과거에는 ""역내 동등 대우(Inland Parity)""라고도 불렀다. 외국제품이 불리한 대우를 받지 않도록 보장하고, 필요한 경우에는 외국제품에 대해 국내제품과 다르거나 더 나은 대우를 해 주는 것도 허용하게 되었다. 어떤 경우에는 더 좋은 회사를 유인하기 위해 의도적으로 내국민대우보다 더 좋은 대우를 부여하는 수도 있다. 내국민대우 관련사항을 다루는 GATT의 제3조에 포함되어 있는 기본원칙은 균등한 경쟁기회 부여다. 동 조항의 전문 서두에 보면 GATT 회원국들은 국내 세금 및 기타 과징금, 국내판매에 영향을 주는 법률 및 규정, 운송 및 유통, 국내수량규칙 등이 국내생산을 보호하기 위하여 수입품 혹은 국산품에게 적용되어서는 안됨을 인정하고 있다. 또한 수입품은 국내 생산품에 대한 것보다 높은 국내세금이나 국제 과징금의 대상이 되어서는 안 된다. 동 조항은 모든 법, 규칙 등이 국내외 생산품에 동등하게 적용되어야 한다. 지적재산권의 무역 관련 분야에 관한 협정(Agreement on Trade-Related Aspect of Intellectual Property Rights) 하의 WTO 협정국들은 제 3조와 관련하여 타협정국의국민에 대한 대우를 자국민에 대한 대우보다 불리하게 하면 안 된다. 그러나 파리협약, 베른협약, 로마협약 및 집적회로에 관한 지적재산권 조약 등에 따른 기존의 권리는 예외로 인정될 수 있다. 서비스무역에 관한 일반협정(GATS)의 제 17조의 내국민대우란 국내서비스공급자와 그들의 서비스에게 부여되는 대우와 상응하는 대우를 외국서비스공급자와 그들의 서비스에게 부여되는 것을 보장하는 의무다. 그러나 동등한 기회보장을 위해서는 외국공급자에게 제공되는 대우가 형식적이나 외형상으로 다를 수는 있다.   "
385,SPF,South Pacific Forum,남태평양 포럼,"1971년에 창립되었다. 이 기구의 창립 회원국은 11개국으로 마셜, 피지, 마이크로네시아, 키리바시, 나우루, 파푸아뉴기니, 솔로몬, 통가, 투발루, 바누아투, 서사모아 등 11개국이다. 오스트레일리아와 뉴질랜드는 후에 가입하였으며, 선진국들이 주도하는 남태평양위원회(South Pacific Co- mmission)에 반대하여 섬나라들의 독립을 견지할 목적으로 출범하였다. 경제개발 등 공동의 이해가 걸린 문제를 해결하기 위하여 합의제 형식으로 출범하였다가 1972년 경제문제를 다루기 위한 상설사무국이자 하부기관인 남태평양경제협력기관을 설치하였다. SPF는 1989년부터 포럼후속회의(Post Forum Dialogue: PFD)를 개최해 오고 있으며, APEC에는 옵저버 자격으로 참가하고 있다. 우리나라와는 1995년에 동 회의를 가진 바 있다.   "
386,,North-South Summit,남북서미트,"1981년 10월 멕시코의 칸쿤(Cancun)에서 개최된 선진공업국과 개도국의 정상회의를 일컫는 것으로서 이 정상회의는 브란트위원회 보고서의 권고에 따라 남북의 현안을 포괄적으로 심의, 해결하기 위해 개최되었으며, 일명 ""협력과 개발에 관한 국제회의""라고 한다. 미국, 일본 등 선진 8개국을 포함한 22개국 정상들이 참가한 이 회의에서 세계경제의 활성화를 위해 1차 생산품, 무역, 공업화, 금융통화, 석유에너지 등의 분야에 관해 유엔에서 포괄적 교섭을 진행시키기로 합의했으나, 그 후 남북 간의 이해관계의 대립과 개도국 내의 의견 불일치 등으로 별다른 진전을 보지 못하고 있다. "
387,,North-South Problem,남북문제,"지구의 북반부에 집중되어 있는 선진국과 적도부근에서 남반부에 걸쳐 있는 개도국간의 경제격차 및 이와 관련된 제문제를 말한다. 1959년 말에 미국을 방문한 영국의 로이드은행회장 프랭크스(S. O. Franks)가 ""남북문제는 동서대립과 함께 현대의 2대 문제이다""라고 지적한 것이 계기가 되었다. 개도국은 산업구조가 생산성이 낮은 제1차 산업에 편중되어 있으며, 제2차 산업에서도 자본의 규모가 작고 기술의 낙후로 인하여 발전 속도가 느린 불리한 조건을 갖고 있다. 더욱이 높은 인구증가율로 경제성장이 저해되기 때문에 선진국과의 경제적 격차는 확대될 수 밖에 없다. 이러한 남북 격차를 시정하기 위하여 개도국측은 선진국이나 세계은행 등의 국제원조기구로부터 대부를 받아 무역수지개선의 개발자금을 조달하고 있으나 가장 원조를 필요로 하는 가난한 나라들이 충분한 대부를 받지 못하는 등의 문제가 있다. 1970년대의 남북격차시정의 지침으로서 ""제2차 유엔개발 10개년 국제전략""이 수립되어 ①1970년대의 개도국 전체의 GNP 성장율을 적어도 연평균 6%(농업 4%, 제조업 8%)로 하고, 인구증가율을 2.5%로 억제하여 1인당 GNP 성장율을 3.5%까지 높인다. ②선진국은 GNP의 1%를 개도국에 원조하며 그 중 0.7%는 정부원조로 한다.③선진국은 제1차 상품에 대한 관세 등 수입장벽을 철폐하는데 노력한다는 것을 골자로 하는 결의문을 채택하였다. 이밖에 개도국측은 SDR과 개발대부의 링크, 다국적기업의 규제, 자원주권의 확립 등 여러 면에서 선진국측에게 강력한 요구를 하였으며 특히 석유파동 이후 자원보유국과 선진공업국과의 대립은 그 절정에 달하였다. 일면 석유파동은 개도국중의 자원보유국과 비자원보유국과의 이해대립을 고조시켜 현재는 자원보유국, 비자원보유국, 선진국간의 3자가 대립하고 있다.   "
388,,South-South Problem,남남문제,"남측으로 불리는 개도국 사이의 경제격차 및 이에 따르는 제문제를 말한다. 풍부한 석유자원을 가진 OPEC나 공업개발이 비교적 앞서 있는 동남아시아, 라틴아메리카제국 등 경제발전이 진척된 개도국과 자원도 부족하고 개발도 뒤떨어져 있는 아프리카, 서남아시아제국 등과의 사이에는 1인당 소득에 큰 차가 있으며, 이는 개발의 속도차로 나타나고 있다. 이 때문에 양 개도국들간의 대립이 심화돼 있을 뿐 아니라 선진제국에 대한 요구에도 차이가 나타나는 등 같은 남측 각국 간에서도 격차가 벌어지고 있다. 특히 석유위기 이후 비산유개도국, 최빈국(Most Seriously Affected Countries: MSACs)과 같이 그 격차가 확대될 뿐 아니라 다양화되었다. 남남문제는 이 남측 내부의 남북문제를 나타내는 새로운 말이다.   "
389,,South-South Cooperation,남남협력,"개도국은 선진국의 자본과 기술을 도입하여 공업화를 꾀하여 왔으나, 오늘날의 세계불황, 채무문제의 심각성은 종래와 같은 선진국 의존을 허용할 수 없게 되었다. 또 공업화 진전에 의해 인근지역에 광대한 시장이 필요해지고 품질은 낮아도 값싼 제품에 대한 수요가 개도국에서는 높다. 기술면에서도 최신의 자본·지식 집약적 기술은 개도국의 필요에 대응하지 못하고 오히려 현지조건에 맞는 노동집약적 기술이 필요한 경우가 많다. 여기서 개도국간에 경제·기술협력을 추진하려는 움직임이 최근 활발해지고 있다. 1976년 비동맹제국의 콜롬보 정상회의에서 제창된 ""집단적 자력갱생(collective self-reliance)""이라는 주제가 그 효시인데, 1978년에는 부에노스아이레스, 1979년 멕시코, 1981년 카라카스, 1982년 뉴델리, 1983년에는 북경에서 유엔과 현지정부 주최로 개도국간 경제협력(ECDC), 개도국간 기술협력(TCDC)에 관한 회의가 열렸다. 이들 회의에서는 개도국간 일반특혜, 식량자급, 과학기술협력, 에너지자립 등이 토의되었고 뉴델리에 비동맹제국 과학기술센터가 설립되기에 이르렀다. 우리나라가 개도국에 대해서 공여하고 있는 원조도 우리나라가 아직은 선진개도국인 점을 감안하면 남남협력의 정신에 입각한 것이라고 볼 수 있다.   "
390,OOF,Other Official Flows,기타공적자금,"기타공적자금은 공적개발원조에 의한 세 가지 조건을 만족시킬 수 없는 정부부문에 의한 자금공여를 의미하며, 주로 ①상업적 목적으로 제공된 증여 ②증여율(GE) 25% 이하의 양자간 원조자금 ③공적기관의 수출신용 ④지원국 민간부문이 개도국에 제공하는 신용의 조건을 완화하기 위해 제공하는 보조금(증여) ⑤공적기관의 해외투자자금지원 등이 포함된다.   "
391,,Technical Cooperation,기술협력,"개도국의 경제·사회를 발전시켜 나아가는데는 단순히 자금원조만으로는 충분치 않으므로 국가를 담당할 개도국의 인적자원개발에 협력할 필요가 있다. 따라서 개도국 국민의 지식, 기능, 기술수준 향상을 위한 협력을 기술협력이라 부른다. 구체적으로 연수생이나 유학생 초청, 전문가 및 조사단 파견, 개발조사 등을 들 수 있다. [독립적인 기술협력(Freestanding Te- chnical Cooperation: FTC)] 수원국의 인적자본을 증대시키기 위한 것으로 독립적인 기술협력에는 특정자본재사업과 관련이 없는 Feasibility Study (F/S), 독립적인 기술협력과 관련된 전문가와 장비의 제공, 기관의 강화, 연수조사, 연수생초청, 봉사단활동 등이 있다. [투자관련 기술협력(Investment- Related Technical Cooperation: IRTC)] 투자관련 기술협력은 투자사업의 시행과 관련된 컨설팅, 기술지원 및 제공, 감독이나 기술자, 숙련공의 제공을 포함한다. 기타 투자관련 기술협력으로는 대략적인 설계 및 주요구조의 예비디자인, 상세조사 및 예비투자조사의 검토, 상세설계, 입찰서류의 작성, 공급자의 사전 자격심사, 입찰자격제한, 입찰평가 및 낙찰에 대한 권고, 환경영향평가 등 환경이나 사회영향에 관한 권고 또는 시행, 건설의 감리 등이 해당된다.   "
392,,Technology Transfer,기술이전," 경제활동의 기반이 되는 기술은 숙련된 노동력과 끊임없는 개량이 겹쳐진 생산재, 중간재, 자본재에 의존하여 체계화된다. 이른바 선진 공업국이란 산업 혁명 이후의 축적에 의해 나름대로 고도의 기술을 소유한 나라를 말한다. 개도국이라고 일컬어지는 지구 남부 지역 국가들은 공업 입국화를 위하여 북부 지역의 기술 이전을 필요로 하지만 아직까지 그리 간단하게 기술이전이 이루어지지는 않고 있다. 유엔 환경개발회의(UNCED)에서는 생물다양성협약, 21세기 행동계획(Agenda 21), 환경과 개발에 관한 리우데자네이로 선언 등 3개 문서에서 ""기술이전""에 대해 언급하고 있다. 각 선언에서는 개도국, 특히 최빈국에 ""개발의 최우선 순위가 주어져야만 한다""라고 지적하고 이를 위해 아젠다 21에서는 개도국에의 기술이전을 촉진시키기 위해 그 조건을 개도국에 유리하게 한다고 밝히고 있다. 그리고 생물다양성협약에서는 열대림 등 생물의 다양성이 풍부한 개도국에 선진국의 일부 지적 소유권을 무상으로 제공해야 한다는 조항도 포함되어 있다. 이에 대해 일본, 영국, 프랑스 등은 조약에 조인하였으나, 미국 측은 당시 부시 대통령이 미국 기업이 막대한 자금을 들여 개발한 기술을 무상으로 제공할 수 없다는 성명을 내고, 미국의 기업 이익을 확보하기 위해 조인을거부하였다. "
393,,Technical Assistance,기술원조,"선진국 또는 국제기구가 주로 개도국의 기술수준 향상을 위하여 실시하는 원조로서 경제개발에 필요한 지식, 기술, 능력을 부여하는 것을 목적으로, 연수생의 훈련, 전문가의 파견, 기기·자재를 제공하거나, 경제개발 방법을 지도한다. 기술원조계획은 대체로 제2차 세계대전 이후 시작되었는데 당시 유럽과 동남아시아의 많은 지역은 폐허가 되어 있었고 아프리카와 중남미아메리카 국가들은 생활수준 향상에 힘쓰고 있었다. 1949년에 발표된 트루먼 대통령의 포인트 4계획(Point Four Program)은 초기의 주목할 만한 예이다. 기술원조는 크게 다음의 두 가지로 나눌 수 있다. 【훈련·지도】인재, 특히 기술자를 양성하기 위하여 훈련, 지도를 하는 것으로 구체적인 방법은 다음과 같다. ①개도국의 정부 및 관계기관의 직원, 민간산업인, 학생 등에 대해 선진국이 자국 내에서 기술훈련, 학교교육을 실시한다. ②선진국의 비용부담으로 개도국에 기술훈련 센터를 설립하고, 기술지도자를 파견하여 현지인을 훈련한다. ③개도국의 학교, 직업훈련소, 공장 등에 기술지도자를 파견하여 기술지도, 직업훈련 등을 실시한다.【개발계획】개도국의 경제계획의 작성, 공장 및 도로의 설계 등을 위해서 고급기술자가 자문에 응하여 지도, 조언을 한다. 구체적으로는 고급기술자로 구성된 조사단을 파견, 천연자원의 존부와그 개발 가능성을 조사하거나, 개발계획을 작성한다. 또, 공장 등의 설립에는 투자 전에 그 건립규모나 배치방법 등에 대한 타당성을 조사하여 지도, 조언을 한다. 원조는 자본 또는 무역원조의 형태로도 이루어질 수 있으나, 이에 비하여 장기적인 효과가 있는 기술원조가 수원국의 자립을 위해서는 보다 바람직 할 수 있다.   "
394,,Flying Geese-typed Growth,기러기식 성장,"한 나라의 산업화와 주변국의 산업확산은 마치 기러기떼가 오르는 것과 유사한 형태를 띠며 이루어진다는 것이다. 기러기식 성장이론은 일본의 경제학자 아키마쓰가 1930년대 말 후발산업국의 경제발전을 설명하기 위해 제시했다. 이후 일본 경제학자들이 해외직접투자와 국제분업의 변화를 설명하는 이론으로 확대 발전시켰다. 전형적인 기러기식 성장 모습을 보인 곳은 동아시아이다. 대장 기러기인 일본이 앞장서 날고 그 뒤를 동아시아 신흥공업경제지역(NIEs), 동남아, 마지막으로 중국, 베트남이 차례로 날아오면서 각국간에 투자와 무역이 이뤄지고 국가 간 시너지효과가 발생한 급속한 성장과 산업구조 고도화가 이루어진다는 것이다. 일본중심의 사고방식의 결과라고 보인다.   "
395,,Equilibrium Theory,균형이론,"일반균형이론과 부분균형이론이 있다. 일반균형이론은 왈라스(L. Walras)에 의해 이론화된 것으로 개인, 기업체 등의 경제주체가 각각 효용극대화(개인은 효용의 극대화, 기업은 이윤의 극대화) 행동을 하면 생산물 및 생산요소의 수요와 공급이 일치된다는 조건 아래서 모든 경제변수의 값이 일괄적으로 정해진다는 것이다. 즉 경제체계는 전체로서 조화가 유지되고 각 경제변수는 서로 관련되어 있다는 것이다. 이러한 견해에 따르면 경제체계가 하나의 연립방정식으로 표시된다. 이와 같은 체계를 가정함으로써 경제의 제 측면이 분석된다. 일반적인 거시경제모델이나 산업연관분석이 그 대표적인 예이다. 한편 부분균형이론은 각각의 생산물 또는 생산 요소의 균형에 주목한 것이며, 이 경우 다른 조건은 일정하게 보고 분석한다.   "
396,,Balance Growth The-ory,균형성장이론," 로젠스타인 로단(P. Rosenstein Rodan)이 1943년에 발표한 논문 ""동남부 유럽의 공업화""에서 주장한 이론으로 저소득-저소비-저투자-저고용-저소득으로 이어지는 소위 ""빈곤의 악순환(vicious circle of poverty)""에 처해 있는 대다수의 개도국은 정부주도의 종합적인 공업화정책을 통해 이러한 악순환의 굴레에서 벗어날 수 있다는 이론이다. 이 종합적인 공업화정책은 정부 개입과 개발원조와 같은 ""대규모투입(big push)""에 의해 주요 기간산업에서 동시에 시작할 필요가 있다. 특히 생산재만이 아니라 소비재산업을 동시에 발전시켜야 하며 이렇게 하여 신규로 창출된 산업은 보완관계가 있는 다른 산업과의 동시적인 발전을 도모하고 결과적으로 시장의 확대 및 소득의 증가로 인한 수요의 증대를 통해 이익(성장)을 창출할 수 있다는 이론이다. 그러나 균형성장론과 달리, 허쉬만(A.O. Hirschman) 의 불균형성장론은 하나의 산업이 전방 및 후방에 미치는 전방, 후방관련 효과를 예시하고 특정 산업의 성장을 우선시하는 이론을 펼치고 있다. "
397,IUCN,International Union for Conservation of Nature and Natural Resources,국제자연보호연맹," 전세계 자연보호를 위하여 유엔의 지원을 받아 국제기구로 1948년에 설립하였으며 IUCN이라고도 한다. 1911년 미국, 캐나다, 러시아, 일본을 중심으로 보호회의(ICBP)를 창설하였고, 1928년에 국제자연보전연맹을 결성하였으며, 그 산하에 국제자연보호사무국을 설치하였다. 제2차 세계대전으로 자연환경의 파괴가 심각한 문제로 대두하자 세계 각국은 파리 회담을 열고 유엔의 지원으로 국제기구로 발족하였으며 1956년 국제청년연맹(IYF)을 결성하였다. 뒤이어 야생동물 보호운동, 자연보호운동 등이 자연환경 보전운동이 일어났다. 현재 95개국에서 390여 개의 단체가 가입하였고 IUCN에서는 가입국과 민간단체를 지원한다. 해마다 국제회의를 열어 정보를 교환하고, 당면과제와 문제점을 논의한다. 주로 야생동물과 야생식물, 그 서식지나 자생지 또 학술적 연구 대상이 되는 자연을 보호하기 위해 자연보호 전략을 마련하여 회원국에 배포하고 있다. 세계 각국은 새로운 정부기구를 설치하고 자연보호 연구와 교육에 힘쓰고 있다. 그밖에 1961년 스위스 취리히에서 조직된 야생생물보호기금재단과 자매관계를 맺고 있으며 희귀 동식물 멸종방지법 제정을 장려한다. 한국은 자연의 보호를 위해 정치와 이념을 초월하여 전 인류와 공동으로 각종 사업을 추진해 나가고 있으며 자연보호헌장을 선포하였다. 본부는 스위스 글란트에 있다. "
398,IBRD,International Bank for Reconstruction and Develop- ment,국제부흥개발은행," 별칭은 세계은행이며 유엔 산하기구이다. 회원국의 경제발전을 촉진하는 생산적인 사업에 금융지원을 하기 위해 구성되었다. 1944년 7월 뉴햄프셔 브레튼우즈에서 열린 유엔통화금융회의 협상에서 설립을 결정해 1946년 6월 정식으로 업무를 시작했다. 초기에는 제2차 세계대전의 전후복구를 위해 기금을 조성했으나 1949년경부터는 주된 목표가 바뀌어 경제개발 목적의 융자에 주력했다. 본부는 워싱턴 D.C.에 있다. 이 은행은 회원국들이 출자한 자본불입금, 세계자본시장에서의 채권발행, 순사업소득 등으로 기금을 마련한다. 각 회원국의 자본출자액은 상대적인 경제력 수준에 따라 다르게 결정된다. 실제로는 대개 자본출자할당액의 10％정도만 불입되고 나머지는 요구가 있을 때 불입된다. 이 은행은 일반적으로 정부 또는 정부의 상환보증을 받은 사기업에 직접 융자를 함으로써, 민간자본을 싼 이자로 이용하지 못하는 상황에 처한 특정사업을 지원한다. 은행자산의 대부분이 처음에는 전력, 수송, 상·하수도 등 공적·사적으로 공익사업을 하는 단체들에게 융자금을 융자하는 것으로 쓰였다. 그러나 20세기 후반에 들어서면서 농업과 농촌개발 부문이 가장 중요한 융자영역으로 되었다. 세계은행은 일반적인 원칙으로 원료와 장비 수입이나 해외용역 수입 등에만 비용을 대출하며, 또한 지불은 해외공급자에게 직접한다. 이자율은 주로 세계은행의 차입비용에 따라 부과한다. 이 은행은 금융지원 외에 기술지원도 제공한다. 세계은행은 총회, 상무이사회, 총재, 그리고 참모들이 운영한다. 총회는 전 회원국의 대표들로 구성되고, 1년에 1회 소집한다. 21명의 상무이사들이 정책을 수행하며 모든 융자의 승인 여부를 결정한다. "
399,,Joint Evaluation,공동평가," 개발원조 프로젝트의 사후평가 실시시 선진국 혹은 개도국과 공동으로 평가하는 것으로 합동평가라고도 한다. 단독으로 평가를 실시하는 경우에 비해 평가의 객관성이 높아짐과 동시에 조사 받는 측의 부담이 경감되기 때문에 OECD의 개발원조위원회(DAC)에서도 장려하고 있다. 공동파트너로서의 수원국 연구기관 등을 선정하면 평가과정이 일종의 기술협력 측면도 갖게 된다. 또 타 원조국, 기관이 파트너인 경우에는 원조국간에 원조 경험을 공유함과 동시에 평가기법의 상호비교와 향상도 기대할 수 있다. "
400,,Public Loan Gradua-tion,공공차관졸업," 공공차관졸업은 IBRD, ADB 등 저리차관 수혜대상에서 제외됨을 말한다. 우리나라는 1995년 2∼3월중 세계은행(IBRD)으로부터 1억7천5백만 달러를 도입하는 것을 끝으로 주요 국제기구의 차관수혜국에서 졸업하였다. 지난 1988년 우리나라는 ADB 차관에서 졸업했고 일본 해외경제협력기금(OECF)의 공여대상국에서도 졸업한 바 있다. 세계은행차관에서 졸업하는 이유는 우리나라가 세계은행의 졸업기준인 1인당 국민소득 4,080달러를 넘어섰기 때문이다. 그 동안 우리나라는 공공차관을 도입, 항만이나 교통시설 등 사회간접자본 시설을 주로 확충하는 데 써 왔다. 현재 이들 사업에 필요한 재원은 정부예산이나 민간자본, 상업차관 도입 등을 통해 마련하고 있다. "
401,,Public Loan,공공차관," 공공차관이란 정부나 법인이 세계은행(IBRD), 아시아개발은행(ADB)등 국제기구로부터 직접 자금을 도입하여 주요 공공사업에 투자하는 재원조달로서 대외 지급수단, 자본재, 원자재 등을 장기 결제 방식으로 도입하는 것을 말한다. 전자는 정부차관, 후자는 법인차관이다. "
402,,Economically Active Population,경제활동인구," 노동인구라고도 하며 만 15세 이상인구(생산가능연령인구)중 취업자와 취업하기 위하여 구직활동을 한 실업자를 의미한다. ①취업자(employed persons) : 조사대상기간(1주간)에 수입을 목적으로 1시간(무급가족종사자는 18시간)이상 일한 자와 직업이나 직장을 가지고 있으나, 일기불순, 일시적인 병, 휴가, 노동쟁의 등의 이유로 일하지 못한 일시휴직자를 말한다.(* 이러한 분류는 국제노동기구(ILO)의 분류방식에 따른 것으로 미국, 일본 등 외국에서도 1주일에 1시간 이상 일한 자를 모두 취업자로 파악하고 있다.) ②실업자(un- employed persons) : 조사대상 주간에 전혀 일을 하지 못하고 일자리를 찾아 구직활동을 한 사람과 일시적인 병 등 특별한 사유로 구직활동을 하지 못한 사람으로 즉시 취업이 가능한 사람을 말한다. 여기에는 조건부 일시고용(30일 이내 재고용)으로 인하여 구직활동을 하지 않은 사람과 30일 이내 새로운 직장이나 사업을 시작하기 위하여 대기중인 구직 대기자 또는 자영업 준비자가 포함되나 막연히 구상만 하고 직접 사업장소를 물색하거나 상품을 구입하는 것과 같은 실질적인 사업준비가 없는 사람은 제외한다. "
403,OECD,Organization for Economic Cooperation and Devel-opment,경제협력개발기구,"제2차 세계대전후 마샬플랜(유럽부흥계획)을 실행하기 위해 설치한 유럽경제협력기구(OEEC)를 개편, 발전시킨 것으로 미국, 캐나다 및 OEEC 가맹 18개국이 모여 1961년 9월에 발족시켰다. 가맹국의 협력으로 세계경제의 안정과 무역확대를 꾀하며, 나아가 개도국에 대한 원조촉진과 조정을 목적으로 한다. 최고기관은 이사회이며, 각료이사회와 상주대표회의로 구성되어 있다. 이사회는 전 가맹국이 중요문제를 심의하는 집행위원회(상임 7개국)를 보좌기관으로 두고 있다. OECD는 서방측 선진국을 망라하고 있어 선진국 클럽이라고도 한다. 우리나라는 많은 논란 끝에 지난 1996년 12월 가입하였다. 창립 회원국은 오스트리아, 벨기에, 캐나다, 덴마크, 프랑스, 독일, 그리스, 아이슬란드, 아일랜드, 이탈리아, 룩셈부르크, 네덜란드, 노르웨이, 포르투갈, 스페인, 스웨덴, 스위스, 튀르키예, 영국, 미국 등 20개국이며, 다음 가입국으로 일본(1964), 핀란드(1969), 오스트리아(1971), 뉴질랜드(1973), 멕시코(1994), 체코(1995), 헝가리(1996), 폴란드(1996), 한국(1996), 슬로바키아(1999)로, 현재 총 회원국수는 30개국이다. OECD에는 경제정책위원회, 개발원조위원회, 무역위원회 등 모두 23개의 산하 위원회가 있으며, 각 위원회는2∼3년 주기로 수 개의 특정연구 및 협의사업(project)을 추진하는 바, 이를 위해 수 개의 작업반을 설치, 운영하고 있다.   "
404,,Economic Cooperation,경제협력," 개도국의 경제개발을 위해 선진국이 경제적으로 협력하는 것을 말한다. 국제적 경제협력의 시도로서 최초로 착수된 것이 1944년 7월 미국의 브레튼우즈(Bretton Woods)에서 제정된 브레튼우즈협정(Bretton Woods Agr- eements)이며, 전후의 국제통화금융과 국제적 경제개발의 두 가지 사항을 그 내용으로 하는 것으로서 현재의 국제통화기금(IMF)과 세계은행(IBRD)이 이 협정에 의거해서 설립된 것이다. 그리고 1947년과 1948년 각각 설립된 관세 및 무역에 관한 일반협정(GATT) 및 국제무역기구(ITO)도 같은 취지라 할 수 있다. 정부차원과 민간차원에서의 경제협력이 있으며, 두 나라 사이 또는 여러 나라 사이에서 이루어지는 경우가 있다. 그 방법으로는 자본의 무상공여, 차관, 장기연불수출, 민간의 직접투자 등의 자금협력과 전문가를 파견하고 연수생을 받아들이는 등의 기술협력 등이 있다. 경제협력개발기구(OECD)의 개발원조위원회(DAC)는 국민총생산(GNP)의 1%를 개도국의 경제협력에 할당하기로 합의하고 있다. "
405,,Economic Assistance,경제원조," 미국을 비롯한 선진국이 후진국에 직접 또는 간접으로 제공한 경제적인 원조를 총칭하는 것이다. 미국의 대외원조는 제2차 세계대전 연합국들의 경제적 역량의 강화로 전쟁에 승리하기 위해 제정된 ""무기대여법""과 이것이 한층 발전한 각종 ""무기대여원조협정""에 그 기원을 둔다. 전후 본격적으로 시작된 미국의 대외원조는 정전협정 체결 직후 구호·경제부흥원조, 1950년 6·25전쟁 이후의 방위·복구원조, 그리고 1961년 이후의 경제원조 및 광범위한 후진국지역원조 등의 과정을 밟아 발전되어 왔다. 미국의 대외원조의 근본 목적은 미국 자체의 군사, 경제, 정치적 이익과 자본주의 진영의 안정과 번영을 확보하는 것이었다. 따라서 미국의 대외원조는 미국 대외정책의 2가지 목적과 합치하는 테두리 안에서 실시되었다. 첫째, 당시 냉전체제의 세계정세 속에서 국제적인 세력균형을 확보하기 위한 자유진영의 집단방위력 강화였다. 둘째, 수원국에서 이 같은 집단방위력 강화에 기초가 되는 경제·사회적 안정을 확보하는 것이었다. "
406,,Council for Mutu- al Economic Assistance,경제상호원조회의," 소련을 중심으로 한 동유럽공산권의 경제협력기구로서 코메콘(COMECON)이라고도 한다. 1947년 미국이 마샬플랜(유럽부흥계획)을 제안하였을 때 동유럽 여러 나라가 동요하였다. 이 동요를 막고 마샬플랜에 대항하기 위해 소련 주도 하에 1949년 1월 불가리아, 헝가리, 폴란드, 루마니아, 체코 등 6개국이 참가한 경제통합 조직을 창설하였다. 같은 해 알바니아, 1950년 동독, 1962년 몽골이 각각 회원국이 되었다. 1961년 알바니아가 탈퇴하는 한편, 1972년 쿠바, 1978년 베트남이 가맹하여 10개국이 되었고, 유고슬라비아는 준회원국, 북한, 아프가니스탄, 앙골라, 에티오피아, 모잠비크, 라오스, 중국 등이 옵서버로서 참석하였다. 1960년대 이후 코메콘은 유럽경제공동체(EEC)의 눈부신 발전에 대항하기 위하여 경제협력으로부터 경제통합으로 활동형태를 바꾸었다. 그러나 1989년 동유럽의 민주화변혁은 코메콘의 체제를 근본적으로 뒤흔들어 놓았다. 즉, 1990년 1월 불가리아의 소피아에서 개최된 코메콘 10개국 지도자회의는 종래의 엄격한 중앙경제계획에서 시장중심의 무역제도로 전환하기로 결정하였다. 1991년 6월 제46차 총회에서 모든 조약과 문서를 취소시키고 기구해체의정서에 서명하였다. "
407,,Grace Period,거치기간," 차관융자일 부터 실제 상환이 시작되는 날 사이의 기간으로 증여율(Grant Element) 산출의 한 요소이다. 다른 조건(이자율, 상환기간)이 같으면 거치기간이 긴 만큼 증여율은 높게 된다. "
408,ECDC,Economic Coop- eration among Developing Countri-es,개도국간 경제협력," 1970년대 OPEC, NICs 출현 등 개도국의 다양한 전개를 배경으로, 무역, 식량, 농업, 에너지, 일차상품, 금융 등의 분야에서 개도국간 협력을 추진함에 따라 개도국의 경제·사회개발 도모를 목적으로 하는 움직임을 ECDC라 일컫는다. 제4차 유엔무역개발회의(UNCTAD Ⅳ)에 EC DC위원회가 설치된 이후 UNCTAD에서 남북간의 논의가 계속되고 있다. 아울러 개도국간 경제협력 중 특히, 기술과 관련한 개도국간 기술협력(TCDC)은 1978년에 ""유엔 TCDC회의""가 개최되는 등 그 중요성이 인식되어 활발히 추진되고 있다. "
409,DLF,Development Loan Fund,개발차관기금," 미국정부의 대외원조 실시 기관이다. 저개발국가의 경제적 자원을 개발하고 그 생산성을 향상시키는 사업에 대해 원조를 제공할 목적으로 설치된 미국 대외원조기관 가운데 하나이다. 1957년 상호안전보장법(MSA)이 개정되면서 신설된 기구로, 국제개발처(AID)차관의 전신이다. 설립 당시에는 국제협력처(ICA)의 하부기관이었으나 1958년 독립법인이 되었다가, 1961년 상호안전보장법이 지금의 대외원조법(FAA)으로 바뀜에 따라 ICA와 함께 AID로 통합되었다. 원조는 증여가 아닌 차관 형식으로 이루어지며, 공산진영이 아닌 저개발국가라면 정부, 기업, 개인 등 누구나 대상이 될 수 있다. 또 DLF의 자체 원조계획과는 무관하게 각 사업별로 차관액을 결정함으로써 회계연도에 구애받지 않고 사용할 수 있다. 차관액은 최저 10만 달러이며, 최장 40년까지 차관이 가능하다. 차관액은 해당국가의 통화로도 상환이 가능하고, 또 상환금을 다시 대출할 수 있어 회전기금의 성격을 띠고 있다. "
410,,Development Theory,개발이론," 개발이론은 2차 세계대전이후 식민지로부터 벗어난 많은 신생 개도국들이 어떻게 경제발전을 이룩할 것인가를 테마로 대두된 저개발국 경제개발 이론이다. 1950, 60년대는 정부 주도의 수출입대체 공업화가 중시되어 유치산업 보호론, 균형성장론 등이 강조되었으나 한편, 이와 반대의 입장에서 불균형성장론, 빈곤의 악순환론, 위장실업론, 해러드(R. F. Harrod)와 도마(E. D. Domar)에 의한 수량모델 등도 주장된다. 이들 이론의 바탕이 된 개도국의 개발과정을 보면 개발을 통해 빈곤, 실업, 불평등의 문제가 해결되기는 커녕, 오히려 확대되고 도시내의 슬럼화도 새로운 문제로 대두되었다. 1970년대에 개발이론은 분석의 기본 틀로서 중심 강대국에 의한 주변국의 착취라는""신국제경제질서(New Inter- national Economic Order: NIEO)"" 선언의 근거가 되기도 한 종속이론이 경제의 분석 틀로서 선호되었다. 1980년대에는 국내산업을 보호하기 위한 수출대체 공업화정책으로 정부의 비효율과 부패가 증가하고, 국내산업의 국제경쟁력 약화, 소득의 불평등, 누적채무 등의 문제가 주요과제로 대두되었다. 이에 따라 개발이론도 시장기능의 강화, 수출지향형 공업화정책, 제도 개혁, 정부의 효율성을 중시하는 세계은행과 IMF의 구조조정에 관한 개발이론이 주류가 되었다. 냉전이 종결된 1990년대에는 상기의 구조조정이 효과를 보기 위해서는 개도국의 인적자원과 천연자원의 효율적 활용이 중요하다는 입장에서 ""지속가능한 개발(Sustainable Development)""이 주요 테마로 등장하였으며 환경, 여성개발을 중시하는 개발이론도 나타났다. 또한, 국제금융이 글로벌하게 움직이고 개도국에 대한 직접투자자금의 흐름이 개도국 경제에 즉각적인 영향을 미치게 되자 지금까지의 세계은행, IMF에 의한 구조조정 프로그램의 재검토가 요구되기도 하였다. "
411,,Development Loan,개발차관,개도국의 경제개발을 위하여 미국이 제공하는 장기융자의 하나로서 이것은 1951년에 제정되었던 상호안전보장법(Mutual Security Act)에 의거한 개발차관기금(DLF)의 후신으로 미국 대외원조법(FAA)중의 경제원조 분야인 국제개발법(Act for International Devel- opment: AID)에 근거를 두고 있다. 일명 AID 차관이라고도 부르는데 미국의 대외원조 공여방식이 원조에서 차관으로 전환됨에 따라 DLF 및 이의 후신인 AID 차관은 미국 대외원조에서 매우 큰 비중을 차지하게 되었다.   
412,,Development Bank,개발은행," 국가나 지역단위의 금융기관으로서 생산을 위한 투자에 중장기 자본을 공급하는 것을 목적으로 설립한다. 저개발지역에서는 기술지원까지 병행하는 경우가 많다. 개발은행의 수는 1950년대부터 급속히 늘어났다. 세계은행(IBRD)과 그 은행의 지점들이 개발은행 설립을 장려해 왔기 때문이다. 규모가 큰 지역개발은행으로는 1959년에 설립된 미주개발은행(IDB), 1966년 업무를 시작한 아시아개발은행(ADB), 1964년 창설된 아프리카개발은행(AfDB), 1991년 창립된 유럽부흥개발은행(EBRD) 등이 있다. 이 은행들은 국가나 지역의 특별사업계획을 지원하기 위해 민간단체나 공공단체에 자금을 빌려줄 수도 있고, 다른 금융기관과 제휴해서 활동할 수도 있다. 개발은행의 주요활동 가운데 하나는 개인의 투자기회를 인정하고 촉진하는 것이다. 대부분의 개발은행은 주로 공업 부문에 많은 노력을 쏟고 있지만, 일부는 농업부문에도 관여한다. 자본시장이 아직 개발되지 못한 데다가 일반 상업은행들이 장기융자를 꺼리면서 생겨나는 틈을 개발은행이 메우고 있다. 개발은행은 공공단체나 민간이 소유하고 운영할 수 있지만, 민간은행으로 설립하는 경우 정부가 상당한 자본금을 투자할 때가 많다. 개발은행은 자금 조성을 위해 비용을 부담해야 할 뿐 아니라, 수익을 올리고 배당금을 지불해야 하는 등 은행으로서의 의무도 수행해야 한다. 따라서 이러한 점들을 고려해 융자의 형태를 주식으로 할 것인지 대부로 할 것인지 등을 선택하고, 또 융자비용을 결정한다. "
413,DAC,Development Assist- ance Committee,개발원조위원회," DAC는 1960년 1월 유럽경제협력기구(OEEC, 동년 12월 OECD로 개편)내에 설립된 ""개발원조그룹(Development As- sistance Group: DAG)""으로 제1차 회의가 1960년 3월 워싱턴에서 개최되었다. 그 후 1961년 10월에 개편되어 OECD내 23개 전문위원회중 하나가 되어 그 명칭도 개발원조위원회로 변경되었다. DAC는 그 자체가 경제협력을 실시하지는 않고 가맹 선진국이 개도국에 대한 경제협력을 상호 협조하면서 추진해 나가기 위하여 정보교환이나 정책조정을 주목적으로 하며, 대 개도국 경제협력은 경제성장, 무역확대와 더불어 OECD의 3대 목적의 하나이다. 따라서 DAC는 경제정책위원회, 무역위원회와 함께 OECD의 3대 위원회의 하나이다. 현 가입회원은 미국, 영국, 프랑스, 독일, 캐나다, 이탈리아, 벨기에(이상 창립국), 일본, 네덜란드(이상 1960), 노르웨이(1962), 덴마크(1963), 오스트리아(1965), 스웨덴(1965), 호주(1966), 스위스(1968), 뉴질랜드(1973), 핀란드(1975), 아일랜드(1985), 스페인(1991), 포르투갈(1961/1991), 룩셈부르크(1992), 그리스(1999) 및 EC 집행위원회(Commi- ssion of European Communities) 등 22개국 1개 단체이다. DAC의 설립목적이 회원국들의 개도국에 대한 원조자금 흐름의 양적 확대를 보장하고 이들 원조자금의 질적 향상을 도모하는데 있으므로 이를 위하여 DAC 회원국들은 정기적인 원조정보의 교환, 원조정책의 조정, 회원국간 원조실적 및 정책에 관한 연차심사 등을 통하여 회원국들의 원조규모 및 조건에 관한 권고를 채택하고 있으며, 이외에도 개발원조정책과 관련된 제반문제들을 수시로 개최하는 고위급 및 실무급회의에서 협의, 결정하고 있다.(*포르투갈은 1961년 가입, 1971년 철회한 후 1991년에 재가입) "
414,,Right to Development,개발권리," 개발권리란 1986년 12월 유엔총회가 ""개발권리에 관한 선언""을 결의하면서 보편적인 용어로 사용되기 시작하였다. 개발권리는 기본권의 하나로 필수적이고 보편적인 권리이다. 현세대와 후손의 인구, 개발 그리고 환경적 필요성을 동등하게 충족시키기 위하여 개발권리는 지켜져야 한다. 인간 개개인은 자연과 조화를 이루며 건강하고 생산적인 삶과 적당한 수준의 의식주를 자신과 가족을 위해 누릴 권리가 있다. 인간은 지속적 개발을 위한 과제의 중심이자 가장 중요하고 값진 자원이다. 인구 목표와 정책은 문화적, 경제적, 사회적, 개발의 부분으로서 모든 사람들의 삶의 질 향상을 지향해야 한다. "
415,,Development Education,개발교육," 개도국의 현상이나 문제점등에 대한 이해를 증진시키고 개발협력의 중요성을 인식시킴으로써 개도국의 개발협력에 다각적인 방법으로 국민참여를 도모하기 위한 교육을 말한다. 선진국, 개도국 각각에 있어서의 인권존중, 자립, 사회적 공정성과 연결되어 있으며 또한 개발요인이나 개발에 대한 이해 증진, 그리고 새로운 국제협력, 사회질서의 연구방법과도 관련된다. </P> "
416,,Development Finance,개발금융,"차관이라고 부르기도 한다. 주로 개도국이 자국의 주요 산업개발에 필요한 설비자금을 기업에 장기로 융자해 주는 금융으로 차관이나 국제적인 특수은행을 통해 자금을 조달한다. 개발금융의 국제기관으로는 아시아개발은행(ADB)과 세계은행(IBRD)등이, 국내기관으로는 한국산업은행과 한국수출입은행등이 있다. 그리고 차관 공급의 특수한 예로 미국이 개도국에 장기융자 해 주는 개발차관(AID차관)이 있다. "
417,,Classification of the Developing Countries,개도국의 분류," 개도국의 분류는 국제기구에 따라 정의가 다르나 대개 국민총생산(GNP) 또는 국내총생산(GDP) 등 경제지표를 기준으로 하는 경우가 많다. 1990년대에 들어서 인적자원의 개발과 발전을 중시하게 되었으며, UNDP는 저개발은 인적자원개발의 지체와 관련이 있다는 인식 아래, 취학률, 평균기대수명, 구매력 등의 지표를 담아 인간개발지수(HDI)를 개발하였다. HDI에 의하면 산유국과 같이 GNP가 높더라도 HDI는 낮은 국가도 있다. [세계은행에 의한 분류] 1999년 기준 1인당 GNP 755달러이하인 나라를 저소득국(Low-In come Countries: LICs), 소득수준 $756이상 $2,995미만은 저중소득국(Lower Middle- Income Countries: LMICs), $2,996이상 $9,265미만은 고중소득국(Upper Middle-Income Countries: UMICs), $9,266 이상은 고소득국(High-Income Countries: HICs)으로 분류하고 있다. [DAC에 의한 분류] 1995년 기준 1인당 GNP가 $765미만인 국가, 지역을 저소득국, $766이상 $3,035미만인 국가, 지역을 저중소득국, $3,036이상 $9,385미만의 국가와 지역을 고중소득국, $9,386이상의 국가와 지역을 고소득국으로 분류하고 있다. DAC는 ""DAC 리스트""라 불리는 DAC 지원대상 수원국 및 지역리스트가 있으며, 이는 2부분으로 나뉘어져 있다. Part I은 상술한 ODA 수원대상국으로서 저소득국에서 고소득국까지를 포함하며, Part II는 중·동부유럽, 구소련 등 시장경제 이행국 및 선발경제국을 포함한다. Part I에 속하는 그룹중 고소득국(세계은행 분류기준)은 Part II 국가도 있다. Part II 국가군에 대한 원조는 DAC에서 공적개발원조로 인정하지 않고 있다. [UN에 의한 분류] UN은 개도국 중에서도 특히 개발이 지체된 국가들을 후발개도국(Least Developed Countries: LDCs)으로 지칭하고 있다. 후발개도국이란 ①1인당 GNP가 699달러이하, ②제조업이 GDP에서 차지하는 비율이 10%이하, ③성인의 문자해독율이 20%이하인 국가를 말한다. 또한 UN은 1인당 GDP가 356달러 이상 427달러 미만인 나라, 또는 문자해독율이 20%를 넘는 국가라도 나머지 2가지 LDC국가의 조건에 해당하면 LDC로 지정된다. LDC 국가의 대부분은 자원이 없거나 비산유국이다. 지금까지 사용되어 온 LLDC(Least among Less Devel- oped Countries)라는 용어는 사용하지 않는다. 상기 LDC 48개국은 DAC분류상저소득국(LICs)에 해당된다. 한편, UN은 석유파동으로 심각한 영향을 받은 개도국을 특별히 최빈국(Most Seriously Affected Countries: MSAC)으로 분류하고 있으며 여기에는 1974년 제6차 유엔 특별총회의 결의에 기초하여 인도, 방글라데시, 미얀마 등의 45개국이 포함된다. "
418,TCDC,Technical Coop-eration among Developing Countri-es,개도국간 기술협력," 남남협력(South-South Cooperation)중 개도국간 기술협력(TCDC)은 개발원조의 한 부분으로서 그동안 민간부문의 기술이전과 더불어 개도국의 경제·사회개발에 필수적인 기술향상, 인적자원개발 등에 크게 기여해 왔다. 이러한 기술협력의 확대를 통한 개도국의 경제발전과 지속가능개발은 남북문제를 해결하는 과제인 동시에, 21세기 지식·정보화시대에 선진국과 개도국간의 경제·사회적 격차를 완화하려는 국제사회의 공동 노력이기도 하다. 1972년 유엔총회는 개도국간 기술협력 프로그램을 강화하기 위한 실무작업반을 설치하도록 하였으며, 이 작업반의 주요 권고중의 하나로서 ""개도국간 기술협력을 위한 특별기구(Special Unit for Technical Cooperation among Developing Countries: SU/TCDC)""를 1974년 6월까지 유엔개발계획(UNDP)내에 설치하도록 함으로써 개도국간 기술협력(TCDC)을 강화하기 위한 제도적 장치가 마련되었다. TCDC는 개도국의 경제·사회개발을 증진시키기 위하여 인적, 제도적 능력을 증대시키는 활동으로서 지식, 경험, 기능 및 과학기술의 개발, 적용, 이전 등을 수반하고 있다. 그러나 과학기술에 대하여 1978년의 부에노스아이레스 행동계획(Buenos Aires Plan of Action: BAPA)에서 강조하고 있는 사항은 매우 포괄적인 반면, 3년후인 1981년 77그룹의 카라카스 회의에서는 과학기술에 대해 보다 많은 관심을 기울이고 있다. 카라카스 행동프로그램(Caracas Programme of Action)에서는 과학기술, 식량 및 농업, 에너지, 자원, 금융, 산업화, 기술협력 등에서 개도국의 잠재적 보완능력을 충분히 활용하기 위하여 개도국간 경제협력(Economic Cooperation among Developing Countries: ECDC)이 제공하는 많은 협력기회를 강조하고 있다. BAPA는 TCDC를 ""개도국의 경제·사회개발에 필요한 지식과 경험을 자신들의 공동이익을 위하여 창출하고, 획득하고, 적용하고, 전파하여 궁극적으로 자국의 경제사회 발전에 필수적인 자립능력을 향상시키는 것""으로 규정하고 있다. "
419,,Developing Countries,개도국,"선진국에서 채택하고 있는 기술, 지식 및 제도가 아직 충분히 보급되지 않아서 산업의 근대화와 경제개발이 뒤지고 있는 나라를 의미하며 종래는 후진국(backward country)이라 하였는데, 1960년대 초기부터 저개발국, 개도국 등으로 일컫게 되었다. 이 개념에 관하여는 여러 견해가 있는데, 로스토우(W. W. Rostow)는 ""도약(take off)은 완료되지 않았으나 그 과정에 있는 나라"" 라고 하였다. 경제협력개발기구(OECD)의 개발원조위원회(DAC)와 유엔 등의 분류에 의하면 공업을 중심으로 고도의 발전을 이루고 있는 소수의 국가를 제외한 다수의 국가가 여기에 포함되며, 이들 제국의 대부분이 아시아, 아프리카, 중동 및 중남미를 중심으로 한 남반구에 위치하고 있다. 이들 개도국으로 분류되는 각국의 성격은 다양하여 성급하게 일반화 할 수는 없지만, 우선 1인당 소득수준이 낮다(100달러인 나라부터 1,000달러 이하인 나라까지 그 폭이 넓음). 예를 들어 선진국과 개도국을 500달러를 경계선으로 하여 분류하면 개도국은 세계인구의 70%, 세계소득의 12%를 차지한다. 또한 경직적인 사회제도, 토지소유제에 근거한 소득분배의 현저한 불평등이 눈에 띄며, 생활수준이 낮고 영양상태도 나쁘다. 공중보건 수단은 선진국에서 도입되어 개선되었지만, 여전히 그 수준은 낮다. 예를 들면, 의사 1인당 인구수가 선진국의 600 ~ 800명에 비하여 2,500 ~ 4,000명이다. 기타의 특색으로는 농업부문의 비중이 크고, 수출이 1차 상품에 집중되고 있으며, 철도, 도로 등의 경제기반이 정비되지 않았고, 문맹률 및 실업률이 높다는 점등을 들 수 있다. "
420,,Note Verbale,구상서,"외교분야에서 상대국과의 토의기록으로서 혹은 문제점을 제시하기 위해 상대국에 제출하는 외교문서의 일종이다. 구상서는 외무장관이나 대사 등의 서명이 필요 없으며, 외교부나 대사관과 같이 자국과 상대국 모두 3인칭으로 쓰여진다. 여기에는 수신명도 없고 서명도 없는 것이 특징이다.   "
421,,Kyoto Protocol,교토 의정서," 1997년 12월 유엔의 기후변화에 관한 기초회의(Framework Convention on Climate Change : FCCC) 협약에 가입한 160개국 대표들이 일본 교토에 모여 2012년까지 전 세계의 이산화탄소 배출량을 5.2% 줄이기로 합의했다. 유럽연합(EU)은 1990년을 기준으로 하여 평균 8%, 미국은 7%, 일본은 6%, 그리고 그 밖의 21개 공업국도 각국의 사정에 따라 각각 다른 비율로 줄이기로 합의했다. 저개발국에 대해서는 구속력이 있는 약속을 요구하지 않았다. 교토회의가 개최되기 직전에 세계은행(IBRD)에서 선진국들이 저개발국의 저비용, 고효율 에너지 계획을 추진하는 데 필요한 비용을 지불하는 내용의 세계탄소계획을 마련하고 있다는 보도가 있었다. 저개발국에서 절약된 온실 가스 배출량을 ""공동이행(Joint Implementation: JI)""이라는 제도 하에서 기부국의 배출 할당량에 더해준다는 안이었다. 온실 가스 배출 감축이 경제에 심각한 영향을 가져올 것이라는 우려가 제기되면서, 전 세계 배출량 가운데 20∼25%를 차지하는 미국이 교토의정서를 과연 비준할 것인지 의심을 불러 일으켰다. 미국은 2001년 4월 동 의정서 탈퇴를 선언하는 등 매우 배타적인 입장을 보이고 있다. 교토의정서에 서명한 나라는 두 그룹으로나뉜다. Annex I은 OECD 회원국 27개국과 동구권 11개국 등 38개국이다. 이들은 온실가스 배출량을 '90년 수준으로 맞추기 위해 2008년부터 2012년까지 미국은 7%, 유럽연합은 8%, 일본은 6% 감축한다는 목표를 제시했다. 우리나라는 Non Annex그룹에 속해 있기 때문에 이산화탄소 배출량을 강제적으로 정할 필요는 없다. "
422,GATT,General Agreement on Tariffs and Trade,관세무역일반협정," 관세 및 무역에 관한 일반협정으로 관세, 수출입 규제 등의 무역장벽을 각국의 다각적인 교섭으로써 제거하려는 목적에서 1947년에 발족하였다. 2차 대전후의 세계통화 질서안정의 기초가 된 IMF 체제와 아울러 자유무역의 골격이 된 무역질서를 GATT체제라고 부른다. GATT는 자유, 무차별무역의 원칙을 실현하기 위하여 양자간 내지 다자간에서의 관세문제를 교섭해 왔다. 1962년까지 GATT는 5회에 걸쳐서 일반무역교섭을 진행했고, 1964년부터 1967년에 걸쳐 케네디 라운드를 실시, 관세일괄인하라는 새로운 방식을 채택하여 평균관세인하율 35%라는 성과를 올렸다. 그 후 1973년부터 1979년에 걸친 도쿄라운드에서는 평균 33%의 관세를 인하하였다. 1986년 9월 우루과이의 푼타델에스테에서 열린 GATT 각료회의에서 뉴라운드 개시의제에 합의함에 따라 교섭기한 4년 이내의 우루과이 라운드가 1987년 초부터 출범하여 1994년초 종결되었다. "
423,,Exchange of Notes,공한교환,"국제협약의 일종으로 2개 이상의 국가나 국제기구간에 국제법상의 권리와 의무관계를 설정하고 명시적으로 합의한 문서교환 형식의 하나이다. 상호 교환된 공문 자체를 의미하는 경우도 있고, 원어의 뜻대로 ""공한의 교환"" 즉 그 합의형식 자체를 뜻하는 경우도 있다. 공한교환은 기본조약의 보충 조항이나 실시세목을 확인하기 위하여 쓰이는 때와 그것만으로 단독적인 국가간의 합의를 형성하는 경우가 있다. 어느 경우이건 국제법상으로는 넓은 의미에서 조약의 범위에 들어가며, 국가를 구속하는 힘을 가진다.   "
424,,Official Export Credit,공적수출신용,"정부계열 금융기관에 의한 수출금융과 공공기관에 의한 수출보험제도의 적용을 가리킨다. 우리나라에서는 수출입은행이 은행차관(bank loan) 또는 공급자 신용(supplier's credit)의 형태로 연불수출금융을 실시하고 있으며, 수출보험도 관장하고 있다. 선진 각국에서도 공산권, 개도국으로의 플랜트 수출 등을 유리하게 전개시키기 위해 수출입은행 등을 통해 저금리의 융자를 제공하고 있는데, 이때 금리를 각국이 독자적으로 결정한다면 세계무역 질서에 혼란이 초래될 우려가 있기 때문에 OECD가 가이드라인으로 일정한 금리수준을 정하여 과당경쟁을 막고 있다.   "
425,ODF,Official Development Finance,공적개발금융,공적개발금융은 개도국에 대한 자금 흐름을 측정하는데 사용되는 개념으로 ①양자간 ODA ②다자간 증여 및 양허성·비양허성 차관 ③리파이낸싱(Refinancing) 차관등을 포함한다.   
426,ODA,Official Development Assistance,공적개발원조," 공적개발원조는 개도국의 경제발전이나 복지증진을 도모하기 위해 원조국이 자체의 재정자금을 사용하여 공여하는 순수한 원조를 말한다. 경제협력개발기구(OECD)의 개발원조위원회(DAC)에서 정의하는 ODA의 요건으로는 첫째, 중앙 및 지방정부를 포함한 공공기관 또는 그 실시기관에 의해 개도국 및 다자간 기구에 대해 공여되어야 하며 둘째, 개도국의 경제발전 및 복지증진에 기여함을 주된 목적으로 해야 하고 셋째, 공여조건이 완화된 원조, 즉 증여율(Grant Element)이 25% 이상인 양허성 조건의 자금이어야 한다. ODA는 원조의 공여국과 수원국간에 직접적으로 제공되는 양자간 협력과 국제기구에 대한 출자나 분담금을 통해 간접적으로 지원되는 다자간 협력으로 구분되며, 양자간 협력은 상환의무 여부에 따라 무상협력과 유상협력으로 구분된다. 또 무상협력은 무상원조(자본협력)와 기술협력으로 구분된다. DAC회원국은 1999년도 기준, 평균GNP의 0.24%인 총 564억 달러의 ODA를 공여하였으나, 유엔은 일정 기간까지 ODA/GNP 비율을 0.7%로 늘리기로 결의한 바 있다. "
