게시일자,게시물제목명,내용
2022-01-07,"KF, 미국 프린스턴대에 한국학 기금교수직 설치","KF는 2021년 11월 18일 프린스턴대와 총 500만불 규모의 한국학 기금교수직 설치 협약을 체결했습니다. 양 기관이 올해부터 매년 각각 50만 달러씩 5년간 적립해 500만 달러 규모로 기금을 조성한 후 한국학 교수를 임용하게 됩니다.이번 한국학 교수직은 지난 2007년 설치한 한국문화·사회학 조교수직에 이은 두 번째 교수직으로, 2007년부터 임용 중인 스티븐 정(Steven Chung) 한국문화·사회학 KF교수(現부교수)와 함께 프린스턴대의 한국학 연구·교육 기반 확대에 기여할 것으로 기대됩니다.KF는 1991년 창립 이래 美동부 아이비리그 대학(▲하버드, ▲예일, ▲프린스턴, ▲펜실베이니아, ▲컬럼비아, ▲코넬, ▲다트머스, ▲브라운대)에 한국학 전공 교수직을 설치하고 한국어 강사 고용을 지원하는 등 현재 아이비리그 8개 대학에 총 14명의 KF 한국어/학 교수와 1명의 한국어 강사가 활동 중에 있습니다.KF 이근 이사장은 2021년 11월 18일(목) 오후(미국 동부시간) 프린스턴대를 방문, 데보라 프렌티스(Deborah Prentice) 프로보스트(Provost), 파블로 데베네데티(Pablo G. Debenedetti) 연구처장, 애나 쉴즈(Anna M. Shields) 동아시아학과장 등이 참석한 가운데 동 기금교수직 설치 협약식을 개최했습니다.한편, KF는 미국 내 지역별로도 균형있는 한국학의 발전을 위해, 2021년 12월 남부 조지아주에 위치한 에모리대와도 총 400만불 규모의 한국학 기금교수직 신설 협약을 체결했으며, 이를 계기로 美 남부 및 중부 지역의 한국학 기반도 지속적으로 강화해 나갈 계획입니다.KF는 지난 30년간 해외 17개국 97개 대학에 총 149석의 정규 한국학 교수직을 설치하였고, 해외에서 총 4,000명 이상의 한국학 전공 석·박사생 및 박사후연구 펠로를 지원했습니다. 금번 프린스턴대 기금교수직 설치를 비롯, 전도유망한 차세대 학자들을 배출하고 있는 해외 주요 대학에 한국학 확대를 위한 지원을지속함으로써, 해외에서 한국학 연구와 교육의 저변을 확대하고 있습니다."
2022-01-11,한-벨기에 수교 120주년 기념 말의 머리전 개최 ,"한국국제교류재단은 주한벨기에대사관과 협력하여 2021년 12월 28부터 2022년 2월 9일까지, 2021년 한-벨기에 수교 120주년을 기념하기 위해 《말의 머리 Horse Head》 사진전을 KF갤러리와 VR 전시를 통해서 개최합니다. 이 전시는 세계에서 가장 명망 있는 사진상인 소니 월드 포토그래피 어워즈(SONY World Photography Awards)에서 2017년, ‘올해의 사진 작가’로 선정된 벨기에 출신 세계적인 사진가 프레데릭 벅스(Frederik Buyckx, 1984~ )가 촬영한 키르기스스탄 사진으로 이루어진 특별한 전시입니다. 2021년 12월 29일, 이근 KF 이사장, 주한벨기에대사 프랑소와 봉땅(H.E. Mr. Francois Bontemps), 그리고 주한키르기스스탄대사 디나라 케멜로바(H.E. Ms. Dinara Kemelova)의 환영사와 축사로 전시 개막을 축하하는 행사를 진행했습니다. 전시는 3D VR 전시를 통해서도 관람할 수 있습니다."
2022-03-03,2021 지구촌 한류현황 발간,"KF(Korea Foundation, 한국국제교류재단, 이사장 이근)는 152개 재외공관과 협력하여 〈2021 지구촌 한류현황〉을 발간하였습니다.[온라인 버전 보기 링크: www.kf.or.kr/archives/ebook/ebook_list.do] 《지구촌 한류현황》은 전 세계 재외공관을 통해 수집한 세계 한류 현황 자료를 정리한 책으로 2012년부터 매년 발간되어 올해로 10주년을 맞이하였습니다. 2021년 12월 기준 전 세계 한류 팬 수는 1억 5,660만 명으로 조사되었습니다. 책자 발간이 시작된 2012년(당시 926만 명) 대비 10년 사이 17배 증가한 수치입니다. 사상 최초 1억 명을 돌파했던 전년(2020년)보다도 29% 증가하였습니다.지구촌 한류현황 통계센터 : https://www.kf.or.kr/koreanstudies/hallyu.doKF는 《지구촌 한류현황》 발간 10주년을 맞아 그간 축적된 관련 데이터를 KF 통계센터에 공개 하였습니다. 관심 있는 누구나 10년간 발간된 책자 및 한류 데이터를 열람할 수 있습니다."
2022-03-29,"KF, 덴마크국립미술관 양혜규: 이중 영혼 전시 지원","KF(Korea Foundation, 한국국제교류재단, 이사장 이근)는 덴마크국립미술관에서 3월 5일부터 7월 31일까지 열리는 양혜규: 이중 영혼 (Haegue Yang: Double Soul)전을 지원합니다. 국제 미술계에서 가장 중요한 작가 중 한 명으로 평가 받는 설치미술 예술가 양혜규 작가의 이번 개인전은 다양한 사물들을 물리적공감각적으로 확장하고 변형함으로써 보이는 것 너머의 이면, 이중성에 대한 작가의 탐구를 풀어냈습니다.이번 전시에는 작가가 덴마크 여성 예술가 피아 아르케와 소냐 페를로프 만코바에게 영감을 받아 제작한 “소리 나는 중간 유형 이중 영혼” 두 작품을 포함하여 1994년부터 현재까지 작업한 50여 점의 작품이 전시됩니다. 북유럽 최초 양혜규 작가 개인전으로, 북유럽에 한국미술을 확산하는 좋은 계기가 될 이번 전시에 대한 자세한 설명은 덴마크국립미술관 공식 홈페이지 설명을 참고해 주세요! (https://www.smk.dk/en/exhibition/haegue-yang-double-soul/)"
2022-03-29,Koreana 2022 봄호 발간,"KF(Korea Foundation, 한국국제교류재단, 이사장 이근)는 종합문화예술 계간지 2022 봄호를 발간하였습니다. 이번 호의 특집주제는 ‘크로스오버 국악: 세계가 귀를 기울이다(Traditional Music: Remixed for Global Stages)’로, 깊은 울림으로 다시 태어난 국악과 새로운 트렌드를 이끌어가는 다양한 아티스트를 조명합니다. 이 외에도 ‘옥스퍼드 사전에 새롭게 추가된 한글 단어’, ‘추운 겨울이 남긴 풍미 시래기’, ‘전세계 시청자에게 큰 여운을 남긴 우리나라 여성예능’ 등 보다 전문적이고 흥미로운 소재를 접하실 수 있습니다. 웹진(koreana.or.kr)은 언제 어디서나 11개 언어로 무료로 보실 수 있으며, 종이책이 주는 여운을 간직하고 싶은 독자를 위해 스마트스토어(bit.ly/buy_koreana)에 9개 언어의 종이책이 준비되어 있습니다."
2022-04-19,영혼을 수놓은 초상-그리스의 의복展 개최 ,"한국국제교류재단과 주한그리스대사관은 2022년 3월 25일부터 6월 3일까지 《영혼을 수놓은 초상-그리스의 의복》展을 KF갤러리와 VR 전시를 통해서 개최합니다. 동 전시는 그리스 혁명(1821년) 200주년을 기념하기 위해 2021년 그리스 국립역사박물관이 반겔리스 키리스(Vangelis Kyris) 와 아나톨리 게오르기에프(Anatoli Georgiev) 에게 의뢰한 기념비적인 프로젝트에서 비롯된 전시입니다. 키리스는 그리스 국립역사박물관으로부터 위탁 받은 보물급 의복을 현대인들에게 입혀 초상 사진을 찍고 게오르기에프는 그것을 금과 은 등의 금속, 견사, 면사를 사용한 자수로 재창조해 역사와 전통이 현대와 조우하는 귀중한 장면을 선사합니다. 지난 3월 말, 두 예술가가 전시 개막을 축하하기 위해 KF갤러리에 방문하여 한국의 많은 관람객들과 만남을 가졌습니다. 전시는 VR 전시로도 관람하실 수 있습니다."
2022-04-22,2022 아프리카 및 중동 지역 해외 유력 인사 방한,"KF(Korea Foundation, 한국국제교류재단, 이사장 이근)의 초청으로 가봉, 나이지리아, 앙골라, 요르단, 케냐 등 아프리카 및 중동 지역 9개국 11명의 해외 유력 인사들이 한국을 방문했습니다.KF의 초청을 통해 4월 10일(일)부터 4월 16일(토)까지 △Hatough-Bouran 요르단 상원 지중해위원회위원장(前환경부 장관, 주미국대사), △Al Tai 오만 국가평의회 상원의원, △Vieira Lopes 앙골라 외교부 차관, △Neves 에스와티니 외교부 국제협력 차관, △Obi 나이지리아 칼라바대학교 교육총장 등 의회, 외교, 교육 등 분야의 주요 인사들이 방한했습니다.공통 일정으로 4월 11일(월)에는 KOICA, 아산정책정책연구원을 방문하여 한국의 대북 정책 방향, 아중동 지역 내 국제개발협력 사업 현황 등에 대해 이해하는 시간을 가졌으며, 13일(수)에는 외교부를 방문하여 제1차관과 면담하고 상호 협력 증대 방안에 대해 논의했습니다. 또한, 개별 일정으로 국회입법조사처, 질병관리청 국립감염병연구소, 국내 주요 대학교, 2030 엑스포 부산 유치 관련 부산 시찰 등 각 분야별 유관기관을 방문하여 국내 전문가들을 만나 실질적 상호 협력 증대 방안에 대해서 논의했습니다."
2022-04-25,"KF, 아리랑TV 협업 다큐 Funtastic Korea 3부작 제작","KF(Korea Foundation, 한국국제교류재단, 이사장 이근)는 아리랑TV와 협업하여 3부작 다큐멘터리를 제작하였습니다. 이번 다큐멘터리 시리즈는 작년 상반기 공개된 다큐멘터리 시리즈에 이어 한국인이 가진 흥을 세 가지 소재(음악과 흥, 술과 음주문화, 스포츠와 응원문화)로 풀어냅니다. 첫 번째 이야기 ‘음악과 흥’ 편에서는 한류 열풍을 불러일으킨 K-Pop의 팬클럽 문화와 다양한 종류의 한국음악을 다룹니다. 여러 아티스트와 팬의 인터뷰를 통해 한류 팬덤이 국경을 초월하여 두텁게 형성될 수 있었던 비결이 무엇인지 가늠해 보실 수 있습니다. 두 번째 이야기 ‘술과 음주문화’ 편에서는 세계인들이 관심을 갖는 한국의 술과 음주문화에 대해 소개합니다. 이와 더불어, 술이 한국인에게 있어 어떠한 의미를 갖는지 그 이야기를 들어보실 수 있습니다. 마지막 이야기 ‘스포츠와 응원문화’ 편에서는 스포츠를 관람하며 떼창으로 경기장을 뜨겁게 달구는 한국인의 응원문화에 대해서 조금 더 깊이있게 다뤄봅니다.본 다큐멘터리는 1.31.(월)부터 2.2.(수)까지 사흘간 연속으로 아리랑TV 월드 채널과 코리아 채널, 미국 UN본부 인하우스 채널을 통해 전세계에 방영되었으며 KF 홈페이지(kf.or.kr/archives)와 유튜브 채널(youtube.com/theKoreaFoundation)에서 언제든지 감상하실 수 있습니다."
2022-04-28,"美 평화봉사단, 창립 60주년 기념행사에서 KF에 감사패 수여","KF(Korea Foundation, 한국국제교류재단, 이사장 이근)는 4월 23일부터 24일까지 미국 워싱턴 D.C.에서 열린 前 한국 파견 미국 평화봉사단원들(Peace Corps Korea)의 리유니언 행사에서 감사패를 수여받았습니다.미국 평화봉사단 창립 60주년과 미국 평화봉사단 한국 파견 55주년을 기념하는 취지로 기획된 이번 행사에는 약 120명의 봉사단원이 한자리에 모였습니다.미국 평화봉사단은 1961년 존 F. 케네디 대통령에 의해 창설되었으며, 한국에는 1966년부터 1981년까지 2,000여명의 평화봉사단원이 교육 및 보건 분야에서 활동하였습니다.미국 평화봉사단 측은 “40여 년의 세월이 흘렀지만, 한국과 한국인에 대한 변치 않는 애정을 간직하고 있다”면서, 그 동안 KF에서 추진한 《미국 평화 봉사단 재방한 초청사업》과 팬데믹으로 재방한이 불가했던 2020년 봉사단원 개개인에게 전달된 〈KF 코로나19 방역키트〉등에 무한한 감사를 표하며 이번 리유니언 행사에 이근 KF 이사장을 초청하였습니다.감사패는 미국 평화봉사단과 한국 간 지속적인 우호 증진에 기여한 KF(이사장 이근)와 주미국대한민국대사관(대사 이수혁)에 수여되었으며, 증정식은 4.23.(토) 주미국대한민국대사관저에서 진행되었습니다."
2022-05-04,2022년 제1차 한중 저널리스트 다이얼로그,"지난 4월 25일(월), KF는 성균중국연구소와 함께 2022년 제1차 한중 저널리스트 다이얼로그를 개최했습니다. 2018년 처음 개최되어 올해는 5번째를 맞이하는 한중 다이얼로그는 한국과 중국의 언론인들간의 서로에 대한 인식의 차이를 좁히고, 양국의 우호를 증진시키기 위해 매년 2회씩 열리고 있습니다.올해는 ‘한국 새 정부 출범 이후 한중 관계 전망’이라는 주제로 한국과 중국의 언론인 각 6명이 모여, 한층 더 성숙된 미래의 협력 관계를 그려나가는 시간을 가졌습니다.한-중 수교 30주년을 맞이하는 해에 개최되어 더욱 의미가 깊었던 이번 행사를 통해, 참가자들은 양국의 협력관계를 보다 공고히하기 위한 방안에 대해 활발히 의견을 교환했습니다."
2022-05-06,"한-베 수교 30주년 기념, 베트남 고위급 인사 방한","KF(Korea Foundation, 한국국제교류재단, 이사장 이근)는 올해 한-베 수교 30주년을 기념하여 한국과의 관계 발전에 기여한 베트남 고위급 인사 6명을 방한 초청했습니다.《한-베 미래지향 교류사업》의 일환으로 진행되는 이번 초청 사업으로 초대 주한베트남대사를 역임한 응웬 푸 빙(NGUYEN Phu Binh)을 비롯하여 도 바 띠(DO Ba Ty) 前국회부의장 겸 육군대장, 쩐 반 뚜이(TRAN Van Tuy) 前한-베의원친선협회 회장 등이 방한하여 서울과 제주를 방문하였습니다.방한단은 외교부와 국회를 예방하여 지난 30년 간 한-베 협력 현황 및 지속가능한 미래 상호 교류 방안에 대해 논의하였고 또한, 양자 협력을 넘어 아세안(ASEAN) 등 글로벌 협력 차원에서의 긴밀한 조력을 위해 제주평화연구원, 부산 세계박람회 유치위원회 등을 방문하여 상호 협력 가능한 의제들을 협의하였습니다."
2022-05-09,〈제8회 한-중앙아 정책토론회〉개최,"KF(Korea Foundation, 한국국제교류재단, 이사장 이근) 한중앙아협력포럼사무국(이하 사무국)이 개최한〈제8회 한-중앙아 정책토론회〉내용이 5.4.(수) 사무국 유튜브 채널을 통해 공개되었습니다.2022년 2월 시작된 러시아-우크라이나 전쟁으로 급변하는 국제 정세에 전 세계의 많은 관심이 집중되고 있는 가운데, 이번 토론회는 “러시아-우크라이나 정세가 중앙아시아에 미치는 영향”이라는 주제 하에 현 정세가 중앙아 지역과 한국에 미치는 영향, 이에 따른 한-중앙아 협력 방안 등이 심도 깊게 논의되었습니다.토론회는 러시아와 정치경제적 측면에서 매우 긴밀한 관계를 갖고 있는 중앙아 5개국의 지정학적 변화와 영향을 집중적으로 다루었으며, 두 세션(△국제관계 △경제)으로 나뉘어 세션별 전문가 발표와 토론의 순서로 구성되었습니다.토론회의 사회 및 좌장은 엄구호 한양대 아태지역연구센터 소장이 맡았으며 △국제관계 세션에서는 현승수 통일연구원 연구위원이 ‘우크라이나 전쟁과 중앙아시아의 대응’을 주제로 발표하였고, 서동주 유라시아정책연구원 부원장과 신범식 서울대 정치외교학부 교수가 토론에 참여하였습니다. 이어 △경제 세션에서는 이상준 국민대 유라시아학과 교수가 ‘러시아-우크라이나 전쟁 이후 한중앙아 협력방안과 과제’를 주제로 발표한 이후, 박지원 박사(KOTRA)와 변현섭 박사(북방경제협력위원회)의 토론이 뒤따랐습니다.KF는 이번 토론회 내용을 사무국 공식 유튜브 채널(youtube.com/c/한중앙아협력포럼사무국)을 통해 공개하였습니다."
2022-05-10,〈주한라트비아대사관과 함께하는 KF-GIYFF 영화상영회〉 개최 ,"KF(Korea Foundation, 한국국제교류재단, 이사장 이근)는 주한라트비아대사관, 김포시, 김포국제청소년영화제조직위원회(GIYFF)와 공동 주최로 4월 30일(토) 김포 CGV에서 〈주한라트비아대사관과 함께하는 KF-GIYFF 영화상영회〉를 개최했습니다.이번 행사는 한-라트비아 우호·친선을 증진하고 김포-라트비아 우호협력 1주년을 기념하기 위해 기획되었으며, 제5회 김포국제청소년영화제 사전행사로 진행되었습니다.행사 축하를 위해 아리스 비간츠(Aris VIGANTS) 주한라트비아대사와 이종국 KF 교류협력이사, 허승범 김포시 부시장(시장 대행) 등이 참석하였으며, 행사 분위기를 북돋기 위해 라트비아 전통 현악기 ‘코클레’ 연주자인 라이마 얀소네의 “한-라트비아 수교 30주년 기념 공연” 영상 상영과 황규선 무용단의 한국 전통무용(태평무, 진쇠춤) 공연이 펼쳐졌습니다. 영화 상영 직후에는 장형윤 애니메이션 감독 등이 참여하는 관객과의 대화 시간도 준비되었습니다.1960년대부터 역사 깊은 애니메이션 강국으로 평가되어 온 라트비아의 애니메이션은 독특한 창의성과 다양성, 그리고 이를 구현하는 기술력으로 유명합니다.이번에 소개되는 애니메이션 “어웨이(Away)”는 긴츠 질발로디스(Gints ZILBALODIS) 감독이 각본부터 제작, 촬영, 음악, 미술, 편집까지 모든 준비 과정을 혼자 담당하며 4년의 기간 동안 심혈을 기울인 작품으로 비행기 불시착으로 섬에 떨어져 집으로 돌아가기 위한 소년의 여정을 다루고 있습니다.“어웨이”는 영국의 가디언紙 등 유수 언론에서 ‘조용하고, 꿈같은, 황홀한 애니메이션(Silent, surreal and entrancing animation)’이라는 좋은 평가를 받은 바 있으며, 프랑스 ‘2019 안시 국제애니메이션 페스티벌’에서 콩토르샹 작품상을 수상하기도 하였습니다."
2022-05-16,한-영 기후변화 크리에이티브 프로젝트 공모,"한국국제교류재단과 영국문화원은 기후변화에 대한 혁신적인 대응을 모색하기 위해 예술, 과학, 디지털 기술을 융합한 크리에이티브 프로젝트를 공모합니다.한국과 영국의 개인 및 기관이 협력하는 공동 프로젝트를 대상으로 하며, 프로젝트당 최대 7천만원의 지원금을 지원합니다. 관심있는 분들의 많은 지원 바랍니다."
2022-05-20,2022 문화예술계 유력인사 방한 ,"KF(Korea Foundation, 한국국제교류재단, 이사장 이근)의 초청으로 독일, 멕시코, 캐나다, 이집트 등 5개국의 문화예술 유력인사 그룹이 5.8.(일)부터 5.14.(토)까지 6박 7일 일정으로 한국을 방문했습니다.이번에 방한한 인사는 ▲레온티네 마이예르-반 멘쉬(Leontine Meijer-van Mensch) 독일 작센 인류학박물관 관장 ▲사울 알칸타라(Saul Alcantara) 국제기념물유적협의회(ICOMOS) 멕시코 회장 ▲조졔 드로왕-브리스보아(Josee Drouin-Brisebois) 캐나다국립미술관 현대미술부 수석큐레이터 ▲모나 엘-샤즐리(Mona El-Shazly) 이집트 CBC 방송사 앵커 등 4인입니다.방한 인사들의 첫 일정은 국립중앙박물관에서 최근 개막한 고(故) 이건희 회장 컬렉션 기념전 《어느 수집가의 초대》 관람으로 정선 인왕제색도, 이중섭 황소 등을 비롯한 주요 소장품 355점을 살펴보는 기회를 가졌습니다. 이어 다음날에는 국립현대미술관, 리움미술관 등을 방문하여 한국 현대미술을 접하였습니다. 5.11.(수)부터는 한국가구박물관, 서울미술관 관람 외에 개별 전문 분야 및 관심사에 따라 유관기관을 방문하였습니다."
2022-05-23,2022 KF 글로벌챌린저 아카데미 참가자 공모 안내,"한국국제교류재단(KF)은 학업 열의 및 국제 활동 잠재력이 뛰어나지만 장기간 해외 거주 또는 유학 경험이 없는 우리 청년을 대상으로 글로벌 진출 역량을 함양하고 세계시민(Global Citizen)으로 도약하는 기회를 제공하기 위해 2022년 'KF 글로벌챌린저 아카데미'를 새롭게 시작하였습니다. 이에, 참가자를 모집하고자 하니 아래를 참고하여 관심있는 분들의 많은 참여 부탁드립니다. KF 2022 글로벌챌린저 아카데미KF 글로벌챌린저 아카데미는 학업 열의 및 국제 활동 잠재력이 뛰어나지만 장기간 해외 거주 또는 유학 경험이 없는 우리 청년을 대상으로 글로벌 진출 역량을 함양하고 세계시민(Global Citizen)으로 도약하는 기회를 제공하는 프로그램입니다.사업내용어학능력 및 국제 이해 제고를 위하여 국 내 및 해외에서의 외국어(영어) 역량 및 세계 이해, 해외 진출 역량 강화를 위한 교육, 활동, 탐방 기회를 제공하고, 세계 시민으로서 인류 보편적 가치와 한국의 역할 등에 대한 본인의 관심사를 담은 주 제를 탐구하는 기회를 부여합니다.프로그램세부 추진일정 및 내용은 추후 변경 가능국내 (7월~8월 중순 및 2023년 1월 온오프라인 병행)오리엔테이션기본교육: 비즈니스 매너, 성평등 교육, 해외안전교육, 커뮤니케이션, 팀워크 빌딩 등 | 국제이해 교육 국제사회와 한국의 역할, 이문화 및 문화다양성 이해, 공공외교 및 글로벌 주요 현안 이해, 한국 이해 심화 등 사전 어학 교육: 영어 논문 작성, 인터뷰, 면접 스킬 연습 및 영미권 문화이해 등해외 진출 진로 탐색 정보 제공, 주요 인사 멘토링 및 성과발표회 등해외(미국) (8월 중순 ~ 12월 오프라인)현지 기관 연수 및 탐방 주요기관 방문 등공통자유탐구과제 수행 및 성과 발표신청 자격만 35세 미만으로 대한민국 국적을 가진 4년제 이상 국내 대학에서 1년 이상 재학 중인 학생 (대학 입학 후 최소 2학기를 마친 학생만 가능)영어 가능자: 토플 IBT 58점 이상 또는 토익 650점 이상인 자학부 학점이 3.0/4.5점 이상인 자 해외여행에 결격사유가 없는 자신청요건 우대사항사회적 배려 대상자 (서류전형 가산점 3점)초등학교-대학교 재학 중 6개월을 초과하여 어학을 비롯한 각종 연수, 진학 또는 인턴십 등을 목적으로 해외에 체류한 경험이 없는 자지원사항국내 및 해외연수 프로그램 참가비공식 체험 및 방문 일정 관련 경비 포함해외 숙식비 (정액) - 여행자보험료국제선 왕복 항공료의 80%경제적 사회 배려 대상자에 한하여 전액 지급비자발급비는 자담단, 경제적 사회 배려 대상자에 한해 재단 무담프로그램 이수 증명서 발급프로그램을 충실히 이행한 자에 한하여 프로그램종료 후 발급참여 일수 미달, 필수과제 미이행 등 정해진 기준을 달성하지 못하는 경우 증명서 발급 불가우수 활동자에 대해서는 별도의 부상 제공 가능하며, 향후 KF 글로벌 챌린저 신청 시 가산점 제공 검토 . 모집 및 선발일정KF 신청서접수 마감~6.1(수) 소속대학 국제교류처에서 동 프로그램에 적합한 인사에 대한 추천공문 및 개인별 신청서류를 재단에 발송 필요대학별 신청일전 및 신청서류 등은 소속대학 국제교류처로 문의 요망대학 추천 공문 없이 개인적으로 제출하는 신청서는 인정되지 않습니다. 서류 및 면접 평가6.6(월)~6.10(금) KF 진행, 문의처: gcacademy akt.or.kr합격자 발표6.14(수)면접 평가는 대면 혹은 화상으로 진행 예정이며, 영어 인터뷰가 진행될 수 있음면접 평가 일정 및 합격자 발표는 당사자에 한해 이메일로 개별 통보 예정 상기 일정은 사정에 따라 변경될 수 있음상세 내용은 KF 홈페이지(kf.or.kr)에서 확인 가능합니다.신청 구비서류 제출방법2022년 6월 1일 (수)까지 공문을 통해 신청서 및 추천서 제출대학별로 공문을 통해 신청서 제출 기한 준수 요망KF 2022 GLOBAL CHALLENGERSACADEMY"
2022-05-26,2022년 중남미 지역 유력인사 그룹 방한,"KF(Korea Foundation, 한국국제교류재단, 이사장 이근)의 초청으로 4월 17일(일)부터 4월 23일(토)까지 콜롬비아, 페루, 에콰도르 등 중남미 지역 7개국 8명의 해외 유력 인사들이 한국을 방문했습니다.정부 인사로 Tito Jose Crissien Borrero (티토 호세 크리시엔 보레로) 콜롬비아 과학기술혁신부 장관과 Nicolas Del Castillo Piedrahita (니콜라스 델 카스티요 피에드라이타) 콜롬비아 국립수산청장, 지자체 인사로는 Joel Martinez (조엘 마티네즈) 트리니다드토바고 포트오브스페인 시장, Jorge Munoz (호르헤 무뇨스) 페루 리마 시장 등 4인, 교육/언론 등 분야 인사로 Fernando Sempertegui (페르난도 셈페르테기) 에콰도르 센트럴대학교 총장 외 1인이 방한했습니다.공통 일정으로 외교부, 대외경제정책연구원, 세종연구소, 한-중남미협회 등 주요 기관을 방문하여 한국의 외교 및 대북 정책 기조 등에 대한 이해를 더했고, 한국과 중남미 지역 간 협력 현황 및 미래 협력 분야 등에 관해 면대면 논의의 기회를 가졌습니다. 아울러, 경복궁, 전쟁기념관, 현대모터스튜디오, 안양시 스마트시티 융합센터 등을 둘러보며 한국의 역사, 문화, 경제발전에서부터 과학기술, 현대문화까지 다양한 모습을 접하였습니다"
2022-06-08,〈제1차 한호미래포럼〉 개최,"공공외교 전문기관 KF(Korea Foundation, 한국국제교류재단, 이사장 이근)가 호주 호한재단(Australia Korea Foundation/AKF)과 공동 주최하는 〈제1차 한호미래포럼〉이 5월 27일(금) 서울 웨스틴조선호텔에서 개최되었습니다.한-호 정상회담(2021.12.)을 계기로 한국 외교부 및 문화체육관광부와 호주 외교통상부 간 체결된 사회문화협력 MOU를 통해 발족한 동 포럼은 당시 정상회담으로 양국관계가 포괄적 전략 동반자 관계로 격상된 이후 최초로 열린 한국-호주 간 고위급 정례 대화 채널로서 이번 제1차 포럼은 서울에서 먼저 개최하게 되었습니다.제1차 한호미래포럼은 양국 간 대화체가 11년 만에 재개하였다는 점에서 특히 의미가 깊습니다. 한-호 간 대화체는 1989년 호주 캔버라에서 발족한 한호포럼 이후 한호대화, 한호리더스포럼 등의 이름으로 총 8차례 진행된 바 있었으나, 2011년 이후로는 중단되었습니다.이번 포럼은 세 개의 세션 및 오찬 연설로 구성되었습니다. ▲(1세션) ‘진화하는 전략적 환경 내 한-호 공동의 이해와 협력 방안’, ▲(2세션) ‘글로벌 경제통상 리스크 관리를 위한 경제적 협력(글로벌 공급망 문제 해결 등 경제안보 분야 협력 방안)’, ▲(3세션) ‘예술과 문화 협력의 미래’ 등 세션별 주제 하에 진행되었으며, ▲오찬 연설은 ‘재계, 정계, 학계에서의 여성’을 주제로 하였습니니다.한국 측 주요 인사로는 이근 KF 이사장, 박태호 前 외교통상부 통상교섭본부장을 비롯하여 이백순 前 주호주대사, 김은미 이화여대 총장, 이정민 KAIST 안보융합원 초빙교수(前 외교부 국제안보문제담당대사), 이재민 서울대 교수, 마상윤 가톨릭대 교수, 윤금진 前 국립박물관문화재단 사장, 이윤희 한국문화예술위원회 전략사업본부장 등이 참석했고, 호주 측에서는 캐서린 레이퍼(Catherine Raper) 주한호주대사, 피터 콜먼(Peter Coleman) 호한재단 이사장과 이사진을 비롯하여 마틴 워커(Martin Walker) 호주 외교부 동북아 심의관, 팀 웡(Tim Wong) 호주 총리내각부 공급망복원국 심의관, 고든 플레이크(Gordon Flake) 호주 퍼스 미국-아시아센터 소장 등이 주요 인사로 참석했습니다."
2022-06-15,2022 KF 버추얼 콘서트 시리즈 “우리 옆의 자연” 개최,"우리 국민 및 주한외국인을 대상으로 세계문화공연 감상 및 참여 기회를 제공하고자 다양한 공연을 지속적으로 선보여 온 한국국제교류재단이 KF 버추얼 콘서트 시리즈 우리 옆의 자연(Feel the Nature Around Us)를 소개합니다.6월 13일부터 23일까지 매주 월, 목요일 오후 4시에 총 4편의 영상이 공개되며, 멕시코, 한국, 벨기에, 콜롬비아의 공연단들이 퓨전음악, 브레이크댄스, 재즈 등 다양한 장르의 공연을 선보입니다.모든 공연이 야외에서 진행되어 싱그러운 영상미를 느낄 수 있으며, 자연과 인간에 대해 생각해 볼 수 있는 계기가 되기를 바랍니다.이번 버추얼 콘서트 시리즈는 KF 유튜브(www.youtube.com/TheKoreaFoundation)를 통해 누구나 무료로 즐기실 수 있습니다."
2022-06-28,2023 해외정책연구 지원사업,"KF 해외정책연구 지원사업은 한국 관련 외교, 안보, 정치, 경제, 사회 분야 글로벌 현안을 깊이 있게 분석하고 유관 정책을 제언하는 해외 연구 활동과 프로그램을 지원합니다. 신청자격 해외(미국 제외) 정책연구소(싱크탱크) 및 대학 소속 연구소※ 기관에 소속되어 있지 않은 개인은 단독으로 신청 불가※ 미국 지역 연구소는 이 링크를 통해 신청 가능합니다: 링크 : https://bit.ly/KFGRANTUSONLY 대상사업 1. 한국 관련 정책연구 및 세미나 (예시) - 한반도 관련 이슈: 안보, 한미 동맹, 핵확산 방지, 소프트 파워, 한일관계 등 - 과학기술 협력 이슈: AI, 사이버 안보, 5G/6G, 퀀텀 컴퓨팅, 반도체 등 - 글로벌 이슈: 인권, 민주주의, 기후변화 및 환경, 에너지, 공급망, 포스트 코로나 국제질서, 지정학적 변화 등 2. 한국 정책 연구를 전담하는 연구직 또는 연구부서/프로그램 신설 및 운영 (예시) Korea Chair/Fellow, Korea Center, Korea Program 사업일정 1. 신청기간: 2022년 7월 1일 ~ 8월 31일 (18:00 KST)2. 결과발표: 2022년 12월 31일 이전※ 신청서 작성시 제출한 이메일로 통보 서신 발송 공고 및 신청 바로가기"
2022-06-28,북유럽 3개국 차세대 언론인 방한,"차세대 지한 언론인을 발굴하고 양성하기 위한 노력의 일환으로 KF(Korea Foundation, 한국국제교류재단, 이사장 이근)는 북유럽 언론인 5인을 6.12(일)부터 6.18(토)까지 일주일간 한국에 초청했습니다.방한 초청 인사 그룹은 북유럽 3개국에서 정치, 사회, 테크, 영화 등 다양한 분야의 뉴스를 다루는 차세대 언론인들로서, 덴마크 주요 일간지 벨링스케(Berlingske) 및 다그블라뎃 인포메이션(Dagbladet Information), 핀란드 주요 일간지 일타사노맛(Ilta-Sanomat), 스웨덴 온라인 비즈니스 매거진 리얼티드(Realtid) 등에서 활동 중인 기자들입니다.방한 기간 동안 이들은 외교부를 방문하여 한국의 외교안보정책 및 대외홍보전략 등을 청취하는 한편, SM엔터테인먼트를 방문하여 한국의 아이돌 육성과 북유럽 작곡가·프로듀서와의 협업 현황 등을 살펴보았습니다. 또한, 고려대학교 이재승 노르딕-베네룩스센터장 및 학생들과의 면담, 해외문화홍보원 산하 외신지원센터 외신지원전문가와의 만남도 마련되었습니다."
2022-06-28,인도네시아 차세대 언론인 초청,"차세대 지한 언론인을 발굴하고 육성하기 위한 노력의 일환으로 KF(Korea Foundation, 한국국제교류재단, 이사장 이근)는 인도네시아의 언론인 9인을 5.30(월)부터 6.4(토)까지 일정으로 한국에 초청했습니다.이번에 방한하는 언론인들은 CNN Indonesia, Kompas(꼼빠스), Bisnis Indonesia, Metro TV 등 인도네시아 현지 주요 언론사에 소속되어 정치, 법, 금융, 경제 등 다양한 분야의 뉴스를 다루고 있는 차세대 기자들로2012년부터 인도네시아 대통령궁 출입기자로 법, 정치 등 분야를 전문으로 다루는 Desca Lidya Natalia(데스카 리디야 나탈리아) ANTARA(안따라) 선임기자, 2019 인도네시아 외교부 수여 최고 기자상(Adam Malik Award)을 수상한 Riva Dessthania Suastha(리바 데스타니아 수아스타) CNN Indonesia 에디터, Muhammad Rusmadi(무함마드 루스마디) Rakyat Merdeka(라크얏 머르데까) 편집장 등 인도네시아의 유망한 차세대 언론인들로 구성되었습니다. 아울러 Dino Patti Djalal(디노 파티 잘랄) FPCI 의장(前 인도네시아 외교차관)이 단장으로 함께 방문하였습니다.이들은 방한 기간 동안 외교부, 글로벌녹색성장연구소, 주요 언론사 등을 방문하였고 KF 운영 아세안문화원, 시청자미디어재단 예방, 2030 부산세계박람회 유치 현장 견학 등 부산 방문 일정도 포함되었습니다.이번 방한 초청은 지난해 KF 자카르타사무소와 인도네시아 현지의 정책 연구소인 인도네시아 외교정책 커뮤니티(Foreign Policy Community of Indonesia, FPCI)가 공동 추진한 〈인도네시아 차세대 언론인 네트워크〉 사업의 일환으로 시행되었습니다."
2022-07-07,한-카자흐 수교 30주년 기념전시 와싹와싹 자라게 개최 ,"한국국제교류재단은 주한카자흐스탄대사관과 협력하여 6월 30일부터 8월 6일까지, 2022년 한-카자흐 수교 30주년을 기념하기 위해 《와싹와싹 자라게》 전시를 KF갤러리와 VR 전시를 통해서 개최합니다. 와싹와싹 자라게는 강제 이주 이후 농경지 개척의 힘든 여정 속에서 한국의 정체성을 보전해 온 고려인의 삶의 자취를 통해 한국과 카자흐스탄 양국의 관계를 조명해보는 전시입니다. 고려인 이주 150년 역사가 고스란히 담겨있는 유물과 사진, 영상 등 각종 자료를 한 자리에서 감상할 수 있습니다. 2022년 6월 30일, 전시 개막식에는 이종국 KF 교류협력이사, 주한카자흐스탄대사 브큿 듀셴바예프 (H.E. Mr. Bakyt Dyussenbayev), 김 옐레나 빅토로브나 고려극장 원장을 비롯해 28개국 주한외국공관장 및 외교관, 양국 고려인 커뮤니티 주요인사, 외교부, 언론계 등 100여명이 참석해 전시 개막을 축하하는 시간을 가졌습니다. 이번 전시는 8월 6일(토)까지 KF갤러리에서 개최되며, 무료로 관람하실 수 있습니다."
2022-07-13,2023-2025 해외박물관/미술관 한국전시지원 및 2023-2024 해외단체 한국문화예술행사 지원,"한국국제교류재단은 한국문화에 대한 이해를 높이기 위해 해외박물관 및 미술관의 한국전시와 해외단체의 한국문화예술행사를 지원합니다.한국관련 특별전시, 프로그램 및 객원큐레이터 초빙을 계획하고 있는 해외박물관 및 미술관, 한국관련 문화예술행사를 계획하고 있는 해외 단체 및 대학의 많은 관심과 지원 바랍니다. 신청접수: 2022.7.1.(금)~2022.8.31.(수) 18:00까지 결과발표: 2022년 12월 중 공고 및 신청 바로가기"
2022-07-15,Koreana 2022 여름호 발간 ,"koreana 2022 여름호가 발간되었습니다. 이번 여름호에서는 일상을 벗어난 공간 ‘호텔’의 다양한 면모를 살펴봅니다. 다양한 경험가치를 제공하는 장소이자, 전세계 건축가들의 각축장,한국 근대사와 함께 시작한 호텔의 역사, 문화예술 공간으로서의 여관 등 koreana 여름호에서 비일상의 공간을 만나보시기 바랍니다.11개의 언어로 발간되는 웹진은 언제 어디서나 koreana 사이트(koreana.or.kr)를 통해 무료로 보실 수 있으며, 종이책을 소장하고 싶은 독자는 9개 언어의 종이책을 네이버 스마트스토어(bit.ly/buy_koreana)를 통해 구입하실 수 있습니다."
2022-07-18,"KF, ‘미술 올림픽’ 베니스 비엔날레에서 정금형 작가 전시 지원 ","KF는 4월 23일부터 11월 27일까지 개최되는 제59회 베니스비엔날레 본 전시에 초청된 정금형 작가의 전시를 지원하고 있습니다.베니스 비엔날레는 세계 3대 비엔날레 중 하나로 1895년부터 격년 주기로 열리는 “미술계의 올림픽”이라 불리며 매 회, 당대 예술경향을 반영한 주제를 중심으로 다양한 예술가가 참여하여 개인작품을 전시하고 본인만의 해석을 내놓는 예술제입니다.제59회 베니스 비엔날레의 주제는 “꿈의 우유(The Milk of Dreams)”로 비엔날레 측은 변신, 초현실주의적 상상에 착안한 세 가지 소주제인 △신체의 변형, △개인과 기술의 관계, △신체와 지구의 연결로 예술제를 구성하고 있습니다.정금형 작가는 이 중 두 번째 주제인 “개인과 기술의 관계”에 주목하여 인간을 조각조각으로 해체시킨 형상을 지닌 ”인형“과 그것을 다루는 ”신체“의 관계를 다룬장난감 프로토타입(2021)을 전시합니다."
2022-07-18,"KF, 제15회 카셀 도큐멘타 초청 전시 지원","KF는 6월18일부터 9월25일까지 독일에서 열리는 〈제15회 카셀 도큐멘타 (Kassel documenta fifteen)〉에 초청된 프로젝트팀 ‘이끼바위쿠르르(Ikkibawikrrr)’ 전시를 지원하고 있습니다. 도큐멘타는 1955년 창설 이후 지금까지 5년 주기로 개최되며 매회 100일간 독일 카셀 전역에서 열리는 현대미술제로서 세계적으로 권위 있는 미술행사 중 하나로 인정받고 있습니다. 이끼바위쿠르르(舊믹스라이스) 팀은 “Seaweed Story(미역이야기)”와 “Tropics Story(열대이야기)”를 주제로 한 비디오 내러티브 작품을 동 미술제에 출품해 오토네움 자연사 박물관에 전시하고 있습니다.‘Seaweed Story’는 한국전쟁 및 태평양 전쟁과 관련된 미역의 역사와 역할에 대해 고찰한 작품이고, ‘Tropics Story’는 미크로네시아 야프제도에 남아 있는 태평양 전쟁과 식민주의의 잔재에 대한 탐구한 작품입니다.전시된 작품을 통해, 관람객들은 한국역사, 문명과 자연, 식민주의와 생태학의 다면적 관계에 대해 고찰할 수 있을 것입니다."
2022-07-18,우즈베키스탄 한국문화소개 난타 공연,"KF는 주우즈베키스탄대사관과 함께 지난 6월 30일, 7월 1일 양일간 우즈벡 수도 타슈켄트에서 난타 공연을 개최하였습니다. KF가 개최하는 한국문화 해외 확산을 위해 개최된 이번 공연은 코로나19 확산 이후 3년만에 재개하는 해외 파견 공연이었습니다.언어의 장벽 없이 누구나 즐길 수 있는 넌버벌 난타 공연인 만큼 공연 내내 관객들의 웃음소리가 끊이지 않았습니다.지난 2년간 오프라인 한국문화행사 개최에는 한계가 있었던 바, KF는 이번 우즈벡 난타 공연을 시작으로 바레인 한국문화 비보이 공연(7.15-16), 호주 캔버라 및 멜번 전통타악 순회 공연(7.28, 8.1.) 등을 통해 한국문화의 해외 확산을 위해 계속 노력하겠습니다."
2022-07-20,CSGK 의원들과 한미관계 라운드테이블 개최,"KF(Korea Foundation, 한국국제교류재단, 이사장 이근)는 7월 8일 금요일 여의도콘래드호텔에서 미국 의회코리아스터디그룹(Congressional Study Group on Korea, CSGK) 방한 의원들과 한미관계 라운드테이블을 개최하였습니다.라운드테이블에는 미국측 아미 베라(Ami Bera) 민주당 의원 및 영 김(Young Kim) 공화당 의원을 비롯한 하원의원 8명과 토마스 번 코리아 소사이어티 회장 등 대표단 10명이 참석했으며, 한국측에서는 이종국 KF 교류이사, 최강 아산정책연구원장, 이정민 KAIST 안보융합원 초빙교수 겸 카네기국제평화재단 선임연구위원, 존 델러리 연세대 국제대학원 교수가 참여하여, 한미동맹, 북한 문제, 미중관계 등 주요 한미관계 현안에 대해 토론하였습니다."
2022-07-27,바레인에서 ‘춤으로 보는 한국사’ 비보이 공연 개최,"KF(Korea Foundation, 한국국제교류재단, 이사장 이근)는 7월 16일 바레인에서 ‘춤으로 보는 한국사’ 비보이 공연을 개최했습니다.바레인 문화전당(The Cultural Hall)에서 오후 5시와 8시, 두 차례 개최된 이번 공연은 한국의 복합 예술 엔터테인먼트 공연팀인 메이커스(Makers)가 3.1운동, 광복, 88올림픽, 2002 한일월드컵, K-pop 한류열풍 등 한국 근현대사의 다양한 사건과 이벤트를 소재로 창작한 넌버벌(non-verbal) 퍼포먼스입니다.메이커스는 평창 동계올림픽 폐막식 공연 무대에서 로프 퍼포먼스를 선보인 19년 경력의 엠비크루(M.B. CREW), 여성 댄스팀 와킵스(WAKKIPS), 비트박스 나즈, 다양한 수상 이력을 가진 국악인 김연진으로 이루어진 팀입니다. 메이커스의 ‘춤으로 보는 한국사’는 힙합과 비보잉, 비트박스, 국악 등 다양한 장르를 접목하여 한국사를 재미있게 풀어냈다는 평가를 받고 있습니다.이번 공연은 7월 11일(월)부터 31일(일)까지 바레인 문화부(Bahrain Authority for Culture Antiquities, BACA)가 주최하는 제 14회 바레인 여름 축제(The 14th Bahrain Summer Festival)의 일환으로, KF와 주바레인대한민국대사관이 주관하여 마련된 프로그램입니다. 이번 바레인 여름축제에는 한국, 미국, 인도네시아를 비롯한 바레인 주재 9개 대사관과 5개 바레인 정부부처 및 민간단체들이 참여했으며, 다채로운 공연과 500여개의 워크숍, 음식문화 체험 등으로 이루어졌습니다."
2022-07-28,제3회 세계문화산업포럼 참가,"KF(Korea Foundation, 한국국제교류재단, 이사장 이근)는 7월 6일 개최된 2022 제3회 세계문화산업포럼(World Cultural Industry Forum, WCIF)에 참여, KF 특별 대담 세션을 이끌었습니다. 이번 행사는 (사)한국문화산업포럼이 주관하는 행사로, KF는 2020년 제1회 WCIF부터 특별대담 세션을 개최해 올해로 세 번째 참가입니다.제3회 WCIF는 ‘메타버스의 시대: 음악과 엔터테인먼트 산업’을 주제로 국내외 유명 프로듀서 및 기업인들이 참여해 미래 문화산업의 흐름을 조망하고자 마련된 행사로 KF는 총 3부로 구성된 이번 행사 중 제 1부 ‘음악과 엔터테인먼트 산업에서의 글로벌 협력’에서 KF특별대담을 맡아 ‘스웨덴과의 협력이 K-pop 성장에 미친 영향’에 대한 논의의 장을 마련했습니다.제 1부의 키워드는 ‘글로벌 협력’으로, KF 특별대담에서는 대중음악산업이 고도로 발달한 스웨덴과 함께 ‘스웨덴과의 협력이 K-pop 성장에 미친 영향’을 논의했습니다. 이번 특별대담에서는 이종국 KF 기획이사가 모더레이터로, 이성수 SM엔터테인먼트 대표이사, 제스퍼 토르손, 로빈 젠슨, 이유경 삼보모터스 사장이 패널로 참여해 다양한 의견을 나누었습니다.걸그룹 aespa(에스파)의 축하영상으로 시작한 2부는 ‘메타버스와 엔터테인먼트 산업의 미래’를 주제로 진행되었습니다. 이수만 SM엔터테인먼트 총괄프로듀서는 기존의 EXO(엑소), NCT(엔시티), 에스파 등 기존의 SM Culture Universe 세계관에 더해 새로운 세계관인 ‘더 제니시스, 메타버셜 오리진 스토리’를 공개했습니다.3부에서는 ‘엔터테인먼트 산업에서 AI와 NFT 기술의 활용’을 주제로 특별대담 진행 및 NFT 마켓 플레이스를 시연했습니다.KF는 이번 행사를 통해 한국의 문화산업에서의 글로벌 협력과 네트워킹을 위해 선도적인 역할을 지속해 나가도록 문화 유관기관과의 협력을 지속할 예정입니다."
2022-07-29,‘2022 KF국민공공외교 프로젝트’ 온라인 발대식 개최,"한국국제교류재단(KF)이 지난 6월 25일 2022 KF국민공공외교 프로젝트 온라인 발대식을 개최했습니다. 국민공공외교 프로젝트는 재단이 우리 국민과 함께하는 공공외교 사업입니다. 우리 국민이 자발적으로 기획하고 시행하는 사업으로, 이를 통해 우리나라 공공외교의 역량을 강화하고, 공공외교에 대한 인식 확대에 기여하고자 추진됐습니다. 지난 5월 선발된 14팀과 함께한 온라인 발대식은 디지털 공공외교 프로젝트라는 주제에 맞춰 재단에서는 처음으로 메타버스(ZEP)에서 열렸습니다. 특히 올해 선발된 팀의 주제가 환경에서 역사, 통일, 한류까지 다양한 만큼 시공간의 제약을 넘어 더 많은 아이디어를 자유롭게 펼칠 수 있도록 이 프로젝트에서 디지털 공간을 적극적으로 활용하고 있습니다. 이종국 교류이사의 환영사와 이상화 공공외교대사의 축사로 포문을 연 행사는 이화여대 카디르 아이한 교수의 공공외교 기본교육 민간외교의 부가 가치와 팀빌딩 시간으로 이어졌습니다. 특히 팀빌딩 시간에 서로의 프로젝트를 소개하고, 메타버스의 게임적 특성을 활용한 OX 퀴즈와 보물찾기를 통해 팀들이 서로 친해지는 시간을 가질 수 있었습니다.올해 14팀이 펼쳐 나갈 프로젝트에 많은 관심 바랍니다."
2022-08-11,‘2022 KF 글로벌 한국학포럼’ 온·오프라인 개최,"KF(Korea Foundation, 한국국제교류재단, 이사장 이근)는 8월 4일(목) 서울 웨스틴조선호텔에서 KF 창립 30주년 기념 ‘2022 KF 글로벌 한국학포럼’을 온·오프라인으로 동시 개최했습니다. 이 포럼에서는 30년에 걸친 KF 해외 한국학 사업을 기념하여 ‘해외 한국학 패러다임의 변화와 미래 발전 방향’이라는 주제로, △ 지난 30년간 지역별·분야별 해외 한국학 주요 성과와 패러다임 변화를 짚어 보고, △ 해외 한국학의 미래 발전 방향에 대해 논의했습니다. 2022 KF 글로벌 한국학포럼은 팬데믹 이후 최초 오프라인 중심 대규모 한국학 학술회의로, 총 33개국 100여명의 한국학 전문가가 현장 참석했습니다. 이 중 ‘해외 한국학의 대부’로 불리는 기조연설자 John Duncan(존 던컨) UCLA 명예교수를 비롯하여, 연사인 미시간대 유영주 교수, Nishino Junya (니시노 준야) 게이오대 한국학센터장, Roald Maliangkay (로알드 말리앙카이) 호주국립대 교수, Barbara Wall (바바라 발) 코펜하겐대 교수 등은 KF 해외 한국학 진흥 사업과 연이 깊은 학자들로, 각국 유수 대학에서 한국학 후속 세대를 양성하고 있습니다. 개회식에서는 KF 이근 이사장의 개회사를 시작으로, 이도훈 외교부 제2차관과 한경구 유네스코한국위원회 사무총장의 축사, 존 던컨 명예교수의 기조연설이 이어졌으며, 이후 총 4개 세션으로 구성된 포럼이 진행되었습니다. 세션 1, 2는 각 지역을 대표하는 전문가들이 해외 한국학의 지역별 주요 성과와 발전전망을 조망하는 발제와 토론을 진행했습니다. 세션 1(좌장: 김승경 인디애나대 교수)에서는 북미, 유럽, 중남미 지역을 다루었고, 세션 2(좌장: 서강대 김동택 교수)에서는 아시아, 대양주, 러시아, 중앙아, 아프리카, 중동지역 한국학 현황을 심층적으로 살펴보았습니다. 세션 3은 최근 주목받고 있는 한국학 연구의 주요 패러다임 변화를 논의하는 자리로, △ 한류현상과 연구(좌장: 우미성 연세대 교수), △ 한국어(좌장: 이해영 이화여대 교수), △ KF e-스쿨과 온라인 교육(좌장: 김지형 경희사이버대 교수)의 3개 분과별 발제와 토론이 동시에 진행되었습니다. 마지막으로 세션4 종합토론(좌장: 서울대 박태균 교수)에서는 앞서 논의한 지난 30년간의 성과와 패러다임 변화를 바탕으로 향후 해외 한국학의 학문적 진화와 나아갈 방향에 대해 논의하였습니다. 이외에도 이선영 CJ ENM 총괄 프로듀서(CP)가 오찬 연설자로 참석했습니다. 한국의 예능 ‘너의 목소리가 보여’를 북미 시장에 성공적으로 수출한 경험을 바탕으로 소프트파워 자산으로써 K-pop 등 한류 컨텐츠가 갖는 의미를 되짚어 보았습니다. 이번 포럼의 영상은 KF 유튜브 채널(youtube.com/TheKoreaFoundation)에서 시청할 수 있습니다."
2022-08-30,2022 지자체 對중앙아 교류 담당 실무자 워크숍 개최,"KF(Korea Foundation, 한국국제교류재단, 이사장 이근) 한-중앙아협력포럼사무국은 2022 지자체 對중앙아 교류담당 실무자 워크숍을 7월 28일부터 29일까지 양일간 롯데시티호텔 명동에서 개최하였습니다. KF가 주최하고 한국외국어대학교 중앙아시아연구소(소장: 손영훈)가 주관한 이번 워크숍은 한-중앙아 수교 30주년을 기념하여, 중앙아시아와의 교류에 다층적 협력 확대를 도모하는 데 있어 핵심 기반이 되는 양 지역 지자체 교류 활성화를 유도하고자 처음 시도한 행사입니다. 참가자들은 2030 세계박람회 유치를 위해 전력을 다하고 있는 부산광역시를 비롯하여, 대구광역시, 전라북도, 충청북도, 포항시, 경주시, 의정부시, 안산시 등 11개 지자체 소속으로, 중앙아시아 지역과의 교류를 실질적으로 담당하는 현장 공무원들로 구성되었습니다. 워크숍은 △한-중앙아 관계와 지자체 협력, △국내 지자체와 중앙아시아 간 협력 실태 및 발전방안, △중앙아 지역별 특성 및 지자체 간 교류 활성화 방안, △행정단위 변화와 해당 문화권 커뮤니케이션 이해, △경제 환경과 협력 등 교류 현장에서 활용이 가능한 실무적인 내용들로 구성되었습니다. 중앙아시아와의 교류협력 우수사례 소개 및 지자체 협력방안 모색을 위한 열띤 토론시간도 가졌으며, 한-중앙아협력포럼사무국에 파견된 카자흐스탄, 키르키즈스탄, 우즈베키스탄 출신 외교관들이 자국의 지자체들을 소개하고, 주한 중앙아시아 대사관 관계자들과 우리 지자체 교류실무자들의 향후 실질적 교류협력 추진을 위한 의견 교환도 활발히 이루어졌습니다."
2022-08-30,K-DESIGN 영상 시리즈 공개,"KF(Korea Foundation, 한국국제교류재단, 이사장 이근)는 온라인 문화공공외교 영상 콘텐츠 시리즈를 8월 15일(월)부터 KF가 새로 개설하는 유튜브 채널 ‘7707’을 통해 순차적으로 공개했습니다. KF가 선보이는 3편짜리 영상 콘텐츠 시리즈로, 전통과 현대를 아우르는 일상 속 한국의 디자인을 음식, 가구, 공예를 통해 소개하고자 기획되었습니다. 이 영상들은 재외공관 및 문화예술 관련 기관 등을 통해 전 세계를 대상으로 한국의 문화 예술을 널리 알리는 데 활용될 예정입니다. 제 1편 ‘K-Cuisine’은 한식을 현대적으로 재해석하여 큰 인기를 얻고 있는 미슐랭 한식 파인다이닝 ‘정식당’과 ‘온지음’을 통해 한식의 획기적 디자인을 선보입니다. 시청자들은 생생한 영상으로 한국의 디자인을 맛볼 수 있습니다. 제 2편 ‘K-Furniture’에는 하지훈, 서정화, 박종선 등 한국을 대표하는 가구 디자이너의 작품들이 등장합니다. 과거와 현대를 잇는 소재와 공간의 가치를 가구디자인을 통해 확인할 수 있습니다. 마지막 제 3편 ‘K-Craft’는 서울공예박물관에 소장된 전통 자수 작품들과 로에베 재단 공예상을 수상한 정다혜 작가의 말총공예를 통해, 전통과 현대를 엮는 공예 디자인을 선보였습니다. 영상은 KF의 새로운 공공외교 채널 ‘7707’(https://bit.ly/Channel7707)과 KF 공식 유튜브 채널(https://www.youtube.com/c/TheKoreaFoundation)에서 감상할 수 있습니다. 제 1편 ‘K-Cuisine’은 채널 ‘7707’의 개설(8월 15일)과 동시에 공개되었으며, 제 2편 ‘K-Furniture’(8월 18일), 제 3편 ‘K-Craft’(8월 22일)이 연이어 업로드되었습니다."
2022-08-30,한-중남미 수교 60주년 기념 KF세계영화주간 60년의 우정: 라틴으로 가는 길,"KF(Korea Foundation, 한국국제교류재단, 이사장 이근)는 8월 5일(금)부터 18일(목)까지 ‘한-중남미 수교 60주년 기념 KF세계영화주간 - 60년의 우정: 라틴으로 가는 길(KF World Cinema Week Commemorating the 60th Anniversary of ROK-LAC Diplomatic Relations-60 Years of Friendship: Our Journey through Latin America)’을 개최했습니다. 이번 행사는 한국과의 수교 60주년을 맞이하는 중남미 12개국(아르헨티나, 칠레, 콜롬비아, 코스타리카, 도미니카, 에콰도르, 엘살바도르, 과테말라, 온두라스, 멕시코, 파나마, 파라과이 (이상 알파벳순))의 주한대사관들이 공동 주최, 외교부가 후원했습니다. 이번 KF세계영화주간에서 공개하는 영화는 중앙아메리카 6개국 젊은 감독들이 의기투합하여 완성한 개막작 빛의 나날 Days of Light을 비롯, 전통에 대한 자긍심으로 새로운 역사를 써 내려가는 여성들에 대한 다큐멘터리, 돌봄과 세대 문제 등 누구나 공감할 수 있는 감동적인 드라마, 달콤한 로맨스, 그리고 가족 모두 함께 즐길 수 있는 판타지 애니메이션까지, 세계 영화계에서 그 우수함과 독창성을 인정받아 온 중남미 영화들로 구성되었습니다.또한 각국 영화 감독과 주한중남미대사의 영상 코멘터리, 북튜버 김겨울, 멕시코에 이주한 한인을 조명한 소설 ‘검은 꽃’의 작가 김영하, 영화평론가 정성일 등 문화계·영화계 인사 등이 참여하여 영화, 문화와 사람에 대해 이야기하는 씨네토크가 마련되었습니다. 8월 5일(금) 17:00 공개 개막식에서는 이근 KF 이사장을 비롯하여 이상화 외교부 공공외교대사, 공동주최처인 중남미 12개국 주한대사, 크리스티알 부르고스 글로컬 MC, 배우 이주실 등이 참석했으며, 나의 PS파트너, 검사외전, 불한당: 나쁜 놈들의 세상, 드라마 응답하라 1997, 트레인 등에 출연한 배우 신소율이 사회를 맡았습니다. 또한 성악가이자 팬텀싱어2에서 준우승을 차지한 미라클라스의 멤버 테너 정필립의 축하 공연도 이어졌습니다. 개막작 빛의 나날은 17:30-21:00 정동1928 아트센터에서 상영되었습니다. 작년과 마찬가지로 영화 상영은 온·오프라인 무료로 진행되었습니다. 행사에 대한 자세한 내용은 KF세계영화주간 홈페이지(www.kfworldcinemaweek.or.kr)와 네이버TV(https://tv.naver.com/kfworldcinema) 및 KF 유튜브 채널에서 확인할 수 있습니다."
2022-08-31,한-우즈베키스탄 수교 30주년 기념 전문가 포럼,"KF(Korea Foundation, 한국국제교류재단, 이사장 이근)는 우즈베키스탄 대통령 직속 전략지역문제연구소(Institute for Strategic and Regional Studies under the President of the Republic of Uzbekistan, 소장 아리포프 E. T.(Aripov E. T.))와 공동으로 한-우즈베키스탄 수교 30주년 전문가 포럼: 회고와 미래협력 전망을 8월 23일(화) 타슈켄트에서 개최했습니다. 양 기관은 2021년 한-우즈베키스탄 정상회의 이후, 수교 30주년이 되는 2022년을 기념하여 한-우즈베키스탄 관계의 역사와 협력의 결과, 그리고 미래 협력 확대와 심화를 위한 과제를 함께 논의하는 자리가 필요하다는 공감대와 목적을 가지고 행사 개최를 추진하게 되었습니다. 이번 포럼에서는 ① 정치외교, ② 경제협력, ③ 사회문화의 총 3개 세션을 통해 △ 한-우즈베키스탄 특별 전략적 동반자 관계 논의 및 정무대화, △ 디지털경제·녹색경제·산업·혁신 분야 협력 등 양국 간 新협력 분야 발굴 및 성장 모멘텀 마련, △양국 간 우정과 상호이해 및 지속가능한 성장을 위한 문화·인도주의 분야에서의 다각적 협력 등을 주제로 논의했습니다. 한국 측에서는 이종국 KF 한-중앙아협력포럼사무국장, 엄구호 한양대 아태지역연구센터 소장, 신범식 서울대 아시아연구소 중앙아시아센터장, 성원용 인천대 동북아국제통상학부 교수, 박정호 KIEP 러시아유라시아팀장, 오은경 동덕여대 유라시아투르크연구소장, 김상철 한국외대 중앙아시아연구소 연구교수 등 국내 대표적 중앙아시아 관련 기관 및 연구자들이 대거 참여하였습니다. 우즈베키스탄 측은 시디코프 F. A.(Sidikov F. A.) 외교부 차관, 니마토브 A. I.(Nematov A. I.) 전략지역문제연구소 제1부소장을 비롯하여, 나시로브 A. D. (Nasirov A. D.) 중앙아시아국제연구소장, 아비드호자예프 U. K.(Abidhadjaev U. K.) 거시경제전망연구소장, 풀라트호자예프 Z. S. (Pulathodjaev Z. S.) 세계경제외교대 부총장, 하쉬모프 U. U.(Khashimov U. U.) 혁신개발부 국장, 잘라로브 M. M.(Djalalov M. M.) 타슈켄트 인하대 총장 등 정·관·학계 지도급 인사들이 함께하였습니다."
2022-09-22,2022 중앙아 스마트 물관리 전문가 초청 연수,"KF(Korea Foundation, 한국국제교류재단, 이사장 이근) 한-중앙아협력포럼사무국은 유네스코 물 안보 및 지속가능 물관리 국제연구교육센터(이하 ‘물안보센터’)와 공동으로 8월 28일(일)부터 9월 3일(토)까지 6박 7일 일정으로 중앙아시아 수자원 분야 전문가 10명을 한국에 초청했습니다. 이 사업은 한-중앙아협력포럼사무국의 6대 중점 협력사업 중 하나로, 중앙아시아의 수자원 분야 전문가를 초청하여 한국에서 스마트 물관리 관련 교육연수를 함으로써, 수원국 물관리 현안 문제 해결에 기여하는 사업입니다. 초청 프로그램은 서울과 대전 및 국내 각지에서 진행되었습니다. 이번 연수에는 카자흐스탄, 키르기스스탄, 타지키스탄, 투르크메니스탄 및 우즈베키스탄의 수자원 관련 전문가들이 참가하여 한국의 수자원 관련 기술을 배우고 유관 기관을 방문했습니다. 행사 첫 날인 29일 대전에 위치한 K-water 본사에서 물 관리 현장 견학으로 시작하여, 기후변화와 물 관리 정책, 댐 건설 및 운영 등 물 관리 관련 국내 전문가의 강의 및 국가별 수자원 현황 발표가 이어졌습니다. 그 후 대청 다목적댐, 한국농어촌공사, 선유도공원, 하남 유니온 파크, 원창 저수지 등 물 관리 관련 국내 다양한 기관 방문을 통해 한국의 물 관리 정책과 기술에 대한 이해의 폭을 넓혔습니다. 자인테크놀로지 등 국내 기업을 방문하여 국내 수자원 관련 산업 현장도 탐방하였습니다."
2022-09-22,다낭-호치민 퓨전국악 - 비보이 공연 한국음악의 밤,"KF는 주다낭총영사관, 주호치민총영사관과 함께 9월 3~4일과 6일, 총 3일간 각각 다낭 용다리 동변공원, 쯩브엉 극장, 호치민 반랑대학교에서 한국음악의 밤 공연을 개최하였습니다. 한국-베트남 수교 30주년을 기념한 이 공연은 다양한 장르를 국악으로 선보인 퓨전국악 팀 퀸과 국악에 비보잉을 접목시킨 더그루스크루의 무대로 꾸며졌습니다. 세 차례 이루어졌던 이번 공연을 통해 다낭, 호치민 시민 1600여명이 한국 전통음악과 현대음악을 즐기는 시간을 가졌습니다."
2022-09-22,호주 캔버라-멜번 한국 전통타악 공연,"KF는 주호주대사관, 주멜번분관과 함께 7월 27일, 28일, 8월 1일 3일간, 각각 Hellenic Club of Canberra, 호주 국립대 Llewellyn Hall, Melbourne Recital Centre에서 Feel the Beat of Korea 공연을 개최하였습니다. 한국 전통 여러 타악기와 다채로운 퍼포먼스의 조화를 이룬 타고 공연에 관객들은 한국 전통 장단에 맞추어 박수를 치고 공연 종료 후에는 기립박수와 함께 아낌없는 찬사를 보냈습니다. 공연 종료 후에도 공연장을 떠나지 않고 무대위에서 공연단과 함께 사진 촬영을 하며 코로나19이후 개최된 대규모 한국문화 공연을 좋은 추억으로 만들었습니다."
2022-09-28,제30차 한일포럼 도쿄 개최,"KF(Korea Foundation, 한국국제교류재단, 이사장 이근)와 일본국제교류센터(Japan Center for International Exchange; JCIE)가 공동 주관하는 2022 제30차 한일포럼이 8월 24일(수)에서 26일(금)까지 일본 도쿄에서 개최되었습니다. 올해로 개최 30주년을 맞이한 한일포럼은 지난 2년간 코로나19 팬데믹으로 인해 온라인으로 개최되어 왔으나, 올해는 일본에서 대면 회의로 개최되었으며, 양국의 정계, 재계, 언론계, 학계 등 각 분야 인사 47명이 참석하였습니다. 한국 측에서는 유명환 한일포럼 회장(前외교통상부 장관), 나경원 국민의힘 前의원, 박철희 서울대 국제대학원 교수, 최병일 한국고등교육재단 사무총장, 신각수 前주일대사, 정구종 한일문화교류회의 위원장, 진창수 세종연구소 일본연구센터장, 이근 KF 이사장 등이 참석했고 일본 측에서는 오코노기 마사오 일한포럼 의장(게이오대학 명예교수), 오와다 히사시 일한포럼 초대의장(前UN대사), 사이토 켄 자유민주당 중의원, 후루야 노리코 공명당 중의원, 코쿠분 료세이 게이오대학 명예교수(前방위대학교장), 다나카 히로시 일본총합연구소 국제전략연구소 이사장, 우치타 토시아키 일한경제협회 전무이사 등이 참석했습니다. 이번 포럼은 △ [제 1세션] 한일 양국 내 정치와 한일 관계 미래 전망, △ [제 2세션] 한일 경제관계와 경제 안보, △ [제 3세션] 동아시아 지정학의 새로운 전개, △ [제 4세션] 한일 현안에 대한 새로운 접근 등을 주제로, 2022 한국의 신정부 출범, 일본 참의원 선거 이후 양국 간 주요 현안 및 미래지향적 협력 방안에 대해 논의하였습니다. 더불어 포럼 개최 30주년을 기념하여 한일포럼 역대 회장단이 특별 참가자로서 참여하는 특별세션도 개최되었고, 한일 양국 정부에 전달할 공동 성명도 논의하여 발표했습니다. 한일포럼 부대 행사의 하나로 한일관계 발전에 공로가 있는 인사에게 수여하는 한일포럼상은 오와다 히사시 前UN대사가 올해의 수상자로 선정되었습니다. 한일포럼 설립에 기여하고 한일관계의 기틀을 마련하는 데 중요한 역할을 한 오와다 히사시 前대사는 1993년 일본 측 한일포럼 초대 회장으로 취임하여 2002년까지 재임하면서 한일포럼 공동선언을 통해 ‘2002 FIFA 월드컵 한일 공동 개최’와 ‘김포-하네다 정기편 개설’ 등을 제안하고 실현하는 데 기여했습니다. 국제사법재판소(International Court of Justice; ICJ) 소장을 지냈으며, 일본 황후인 오와다 마사코의 아버지로 나루히토 천황의 장인이 되는 인물이기도 합니다.한편 한일포럼의 부대행사로 8월 18일(목) 도쿄에서 이미 개최된 한일주니어포럼은 한일 대학생 및 대학원생이 각국 별 11명씩 모여 진행되었습니다."
2022-09-30,"백남준 탄생 90주년 기념 영상 시리즈 세계와 손잡고, Wrap Around The World","KF(Korea Foundation, 한국국제교류재단, 이사장 이근)는 백남준 출생 90주년을 기념하여 제작한 세계와 손잡고, Wrap Around The World 영상 시리즈 총 5편을 9월 9일(금)부터 KF가 새로 개설한 유튜브 채널 ‘7707’을 통해 순차적으로 공개했습니다. 이번 시리즈는 백남준의 위성 프로젝트 중 1988년 전 세계 인류에게 평화와 소통의 메시지를 보냈던 세계와 손잡고, Wrap Around The World 를 모티브로 한 동명의 유튜브 영상 콘텐츠입니다. 이 영상 시리즈는 ‘세계와 손잡고’, ‘서울 소나타’, ‘고요를 위한 선’, ‘VR정원’, ‘동쪽에서 온 편지’의 총 5개 영상으로 구성되었습니다. 이날치, DJ진욱, 사운드 아티스트 정진화, 엘트라바이 박소희, 해파리 박민희가 각각 참여하였고 영상은 재외공관 및 해외 문화예술 관련 기관 등을 통해 전 세계를 대상으로 한국의 문화 예술을 널리 알리는 데 활용될 예정입니다. 제 1편 ‘세계와 손잡고(Wrap Around The World)’는 이 시리즈의 문을 여는 첫 번째 영상으로, 백남준의 위성프로젝트와 같은 제목으로 기획했습니다. 1988년 생방송된 백남준의 작품 속 인물들이 시공간을 초월한 통신으로 2022년 서울의 이날치와 교류합니다. 백남준의 과달카날 레퀴엠 (1977)에 포함된 제2차 세계대전 기록 영상 클립들을 뒤따라 펼쳐지는 이날치의 여보나리 퍼포먼스는 동양과 서양, 클래식과 팝의 경계를 없애며 인류의 화합과 평화를 노래합니다. 제 4편 ‘VR정원(VR Garden)’은 여러 가지 식물로 조성한 정원에 다양한 크기와 형태의 TV 여러 대를 배치해 제작한 백남준의 TV정원 (1974/2002)이 모티브로, 자연과 테크놀로지가 하나의 유기체와 같은 공간을 이루고 있습니다. 연출에는 보태니컬 디자이너 엘트라바이 박소희가 함께했습니다 마지막 제 5편 ‘동쪽에서 온 편지(Letters from the East)’는 국가무형문화재 가곡 이수자이며 HAEPAARY로 활동 중인 박민희를 통해 백남준의 편지가 가곡으로 재탄생합니다. ‘동쪽에서 온 편지’는 백남준의 선지자적인 글귀, 장난스러우면서도 그가 바라는 미래를 뚜렷이 그린 드로잉을 신비로운 자연 풍경 위에 입혔습니다. 시간과 공간의 제약을 뛰어넘어 평화와 화합의 서신을 전하며 시리즈가 마무리됩니다. 이 영상들은 KF의 새로운 공공외교 채널 ‘7707’(https://bit.ly/Channel7707)에서 감상할 수 있습니다."
2022-09-30,한중 수교 30주년 KF 한중청년교류사업,"KF(Korea Foundation, 한국국제교류재단, 이사장 이근)는 올해 한중 수교 30주년(2022.8.24.)을 기념하여 한중 청년 간 상호 이해를 도모하고 우호협력 관계를 강화하기 위해, 8월 30일(화) 한-중 간 온라인으로 한중청년토론회 를, 9월 19일(월)에는 서울에서 한-중 대학원생 대화 프로그램을 시행했습니다. 한중청년토론회 는 KF와 중국 중화전국청년연합회(이하 중청련)가 공동으로 시행하는 행사로, 작년 8월 처음 개최되어 이번에 제 2차 토론회를 맞이했습니다. 한중 교류에 적극 참여해 온 양국 청년 및 전문가가 각국에서 50명씩 총 100여 명이 참여했습니다. ‘우호협력 강화, 미래지향적 관계 구축’을 주제로, 친환경, 디지털 경제, 문화교류 등의 분야에서 양국 청년 전문가 패널들이 한중 협력에 대한 경험과 향후 협력 기회에 대해 발표하고, 질의응답 및 토론이 이어졌습니다. 토론회 후반부에는 양국 청년이 한 명씩 한중관계 관련 우호 미담을 소개하는 시간도 가졌습니다. 이번 제 2차 토론회에는 견종호 외교부 공공문화외교국장, 싱하이밍(邢海明) 주한중국대사(녹화영상), 노재헌 동아시아문화센터 원장(녹화영상), 이종국 KF 교류이사, 푸전방 중청련 부회장 등 양국 주요 인사들이 개회사 및 축사를, 양국 전문가의 주제 발표는 이희옥 성균관대 교수, 박광해 중국사회과학원 교수가 각각 맡았습니다. 한편 한-중 대학원생 대화 는 KF와 성균중국연구소(소장 이희옥)가 2018년부터 시작하여 올해 5회차로 시행중인 「재한 중국인 대학원생 100인 포럼」의 일환으로 진행되었습니다. 한-중 대학원생 대화 프로그램을 위해 올해 처음으로 한국 대학원생 20명을 선발, 이번 포럼의 6번째 강의에 참가하여 한중 대학원생들이 자유 토론을 할 수 있도록 시간을 마련했습니다."
2022-09-30,해외 한국어 온라인 교육 ‘KF Online Korean Class 강사 역량 강화 워크숍,"KF(Korea Foundation, 한국국제교류재단, 이사장 이근)가 해외 한국어 온라인 교육 ‘KF Online Korean Class (이하 ‘OK 클래스’)’ 참여 강사들을 대상으로 마련한 강사 역량 강화 워크숍이 8월 5일부터 30일까지, 총 4회에 걸쳐 성공적으로 마무리되었습니다. OK 클래스는 지난해부터 KF와 코리안앳유어도어(Korean At Your Door, KAYD)가 기관 간 업무협약을 체결하고, 각 기관의 전문성을 기반으로 국내 시각장애인 한국어 강사들을 해외 대학 한국어학과 학생들과 연결하여 1:1 전화화상 한국어 교육 서비스를 제공해 온 사업입니다. 올해는 이 교육 프로그램의 지속 운영 및 강사 역량 강화를 위해, OK 클래스 수업에 참여하는 강사들을 대상으로 온오프라인 교육 워크숍을 마련했습니다. 워크숍은 △ 듣기, 읽기, 말하기 및 문법 교육론, △ 러시아, 베트남 및 인도네시아 현지 학습자의 특성 이해 교육으로 구성되었습니다. 현지 학습자 특성 이해 교육에는 KF 객원교수 파견 사업으로 러시아, 베트남 및 인도네시아 대학에 파견되어 한국학 또는 한국어를 가르치는 객원교수들이 연사로 참여하여 현지 교육 현장의 생생한 이야기를 공유하였습니다. 코리안앳유어도어 강사들은 워크숍 이후 해외 3개국(러시아, 베트남, 인도네시아) 8개교([러시아] 로모노소프모스크바국립대, 러시아국립고등경제연구대 모스크바 캠퍼스, 게르첸국립사범대, 극동연방대 / [베트남] 하노이국립외국어대, 호찌민국립인문사회과학대 / [인도네시아] 인도네시아교육대, 가자마다대)의 한국어 학과 학생들 대상으로 전화화상 한국어 수업을 진행하고 있으며, 수업은 11월까지 계속됩니다."
2022-10-06,2022 호주 예비 언론인 방한 초청사업,"KF(Korea Foundation, 한국국제교류재단, 이사장 김기환)는 9월 24일(토)부터 10월 1일(토)까지 7박8일 간 2022 호주 예비 언론인 방한 초청사업을 통해 미래 언론인을 꿈꾸는 호주 시드니대 미디어(언론) 전공 대학생 10인을 방한 초청했습니다. 호주 예비 언론인 방한 초청사업은 호주한인공익재단(KACS, Korean Australian Community Support Inc.)과 공동으로 2015년부터 진행하고 있는 사업으로, 향후 호주 언론계에 종사할 시드니대 미디어(언론) 전공자 가운데 장래가 촉망되는 우수한 인재를 선발하여 방한 연수 기회를 제공하고 있습니다. 올해 방한하는 인원은 방한단장인 호주한인공익재단 승원홍 이사장을 포함한 총 13인으로, 이들은 캐서린 레이퍼 주한호주대사 예방 및 연세대학교 호주연구소 전문가 특강 등을 통해 한호 관계 현황과 양국 공통 가치 이해 및 향후 협력 가능 분야에 대해 배우는 기회를 가졌습니다. 또한 KBS, 조선일보, 중앙일보, 연합뉴스, 한국언론진흥재단 등 국내 주요 언론 관련 기관을 방문하여 한국 언론과 주요 현안에 대한 이해를 제고하였습니다. 그 외에도 법무법인 율촌을 방문하여 한국과 호주의 법률 및 세제를 비교하고 이해하며, 국회, 종로구청 등을 방문하여 한국 정치와 지자체 활동, 지자체 차원에서의 한-호 교류 현황 등에 대해 설명을 들었습니다. 또한 경복궁, 조계사, 북촌한옥마을, 현대자동차 방문 및 한복 체험 등을 가졌습니다."
2022-10-06,제 1차 한-중앙아 의료협력 학술 교류회,"KF(Korea Foundation, 한국국제교류재단) 한-중앙아협력포럼사무국은 보건복지부가 주최하고 주알마티대한민국총영사관과 한국국제의료협회가 협력하는 ≪2022 Medical Korea in Kazakhstan(이하 ‘2022 메디컬 코리아’)≫의 일환으로, 제 1차 한-중앙아 의료협력 학술 교류회를 9.19(월)-20(화) 양일간 한국보건산업진흥원(원장 직무대행 김영옥 기획이사) 카자흐스탄 지사와 공동 주관하여 개최했습니다. 9.19(월)부터 9.20(화)까지 카자흐스탄 알마티에서 개최되는 2022 메디컬 코리아는 △ 한-카자흐스탄 보건 협력 포럼(9.19), △ 한-중앙아 의료 협력 학술 교류회(9.19), △ 의료 홍보회 및 1:1 수출 상담회(9.20)를 통하여 중앙아 환자의 국내 유치, 한국 병원 및 보건산업의 중앙아 진출 기회를 마련했습니다. 특히 한-중앙아 수교 30주년을 기념하여 처음으로 개최되는 한-중앙아 의료 협력 학술 교류회에는 한국과 중앙아 5개국 보건의료와 관련된 주요 정부학계산업계 관계자들과 전문가들이 참여해 한국의 우수 의료기술을 소개하고, 중앙아 국가별 중증 질환 현황에 대해 발표했습니다."
2022-10-12,2022년 제2차 한중 저널리스트 다이얼로그 개최,"10월 6일(목), KF는 성균중국연구소와 함께 ‘2022 제2차 한중 저널리스트 다이얼로그’를 개최했습니다. 지난 4월 제1차 행사에 이어, 이번 행사는 ‘한중수교 30주년: 도전과 기회’라는 주제로 진행되었습니다. 한국과 중국의 언론인 12명이 모여 수교 30주년의 성과와 경험을 되짚어 보고, 미래세대 간 양국의 협력관계를 공고히 하기 위한 방안에 대해 진솔한 의견을 나누는 시간을 가졌습니다."
2022-10-12,한일 대학생 교류사업 2년 만에 대면 교류 재개,"KF(Korea Foundation, 한국국제교류재단, 이사장 김기환)가 《한일 대학생 교류 사업》의 대면 시행을 올해 재개하여, 9월 23일(금)부터 29일(목)까지 일본 대학생 대표단 23명(대학생 21명, 외무성 및 일한문화교류기금 인솔자 각 1명)이 한국을 방문하였습니다. 한국 대학생 대표단 20명(대학생 18명, 외교부 및 KF 인솔자 각 1명)은 10월 24일(월)부터 30일(일)까지 일본을 방문할 예정입니다. 일본 대학생 대표단은 외교부, 주한일본대사관 공보문화원 등을 방문해 양국 외교관계의 현황과 향후 상호 협력 가능한 분야 등에 대해 공부하고, 고려대학교 글로벌일본연구원을 방문해 ‘동아시아 안전 공동체’라는 주제로 특강을 듣고 한국 대학생들과 교류할 시간을 가졌습니다. 그리고 대전과 부여 지역을 방문해 일본과 오래 교류했던 백제 문화를 이해하고 한일 관계의 역사에 대해 고찰하며 지역 상생을 위한 노력도 살펴보았습니다. 또한 한일축제한마당 in Seoul에 참가하여, 한국 시민들과 자유롭게 소통하며 잠실 롯데타워 서울스카이를 방문하였습니다. 10월 말 일본을 방문할 한국 대학생 대표단은 방일 파견 시 외무성과 주일한국문화원을 방문하여, 일본 현지에서 바라보는 한국에 대해 듣고, 사이타마현 고마 신사, 아사카와 노리타카다쿠미 형제 자료관, 야마나시 현립 리니어 견학 센터 방문을 할 예정입니다."
2022-10-18,2022 공공외교랩소디 - 월드 인 하모니,"KF(Korea Foundation, 한국국제교류재단, 이사장 김기환)는 제 5회 공공외교주간의 사전 이벤트로, 10월 5일(수) 오후 7시 30분 노들섬 라이브하우스에서 2022 공공외교랩소디 - 월드 인 하모니 공연을 개최했습니다. 이번 공공외교랩소디는 자라섬재즈페스티벌과의 협력으로 페스티벌 참여 해외 공연팀과 한국 ‘조선팝’ 팬드의 공연을 통해 쌍방향 문화교류를 즐길 수 있도록 기획되었습니다. △ 어쿠스틱과 전자음악이 융합된 창의적인 사운드로 프리/아방가르드 재즈를 연주하는 폴란드의 ‘이에이비에스(EABS)’, △ 재즈 피아노 트리오와 플라멩코 댄서가 함께하는 스페인의 ‘바렌시아(Barencia)’, △ 조선팝의 창시자이자 JTBC 풍류대장의 초대 우승팀인 ‘서도밴드’까지, 자신들만의 독특하고 차별화된 음악으로 주목받고 있는 아티스트 3팀의 공연을 한 자리에서 선보이며, 관객들의 열띤 호응을 얻었습니다."
2022-10-31,KF 외교관 한국언어문화연수,"KF(Korea Foundation, 한국국제교류재단, 이사장 김기환)는 9월 20일(화) KF 외교관 한국언어문화연수 참가자들을 대상으로 서울 삼청각에서 주한 외교 사절단이 참석한 가운데 환영식을 개최했습니다. 25개국 외교관 25명을 대상으로 하는 이번 프로그램은 9월 20일부터 12주 동안 진행됩니다. 올해 연수에는 아프리카, 중남미, 동남아, 중동 등 다양한 지역의 25개국 외교관들이 참가했습니다. 외교관 연수생들은 경희대학교 국제교육원에서 한국어 집중 코스를 수강하면서 태권도, K-pop 댄스 등 다양한 문화체험도 할 예정입니다. 연수 기간 중 외교부를 방문해 한국 외교관들과 지역별 이슈를 논의하며 네트워크를 형성하고, 국립외교원에서 한반도 및 동북아 정세 등을 주제로 한 전문가 특강을 수강하며 최근 한국의 현안 및 이슈에 대해 심도 있게 배우고 의견을 교환할 기회도 갖습니다. 또한 경복궁, 국립중앙박물관, DMZ 등을 답사하며 한국 사회와 역사를 알아가는 시간도 마련되며 제주도청과의 협력을 통한 3박 4일간 제주도 답사도 진행됐습니다."
2022-11-08,"美 평화봉사단, 40여 년 만에 다시 한국 방문","KF(Korea Foundation, 한국국제교류재단, 이사장 김기환)는 10월 22일(토)부터 29일(토)까지 과거 한국에서 근무했던 미국 평화봉사단원 및 그 가족 총 37명을 한국에 초청했습니다.올해 방한단은 40여 년 전 젊은 날 열정을 쏟았던 과거 봉사지를 방문하고, 당시 동료 및 제자와 만났습니다. 또한 대한적십자사와 한국국제협력단(KOICA)을 방문하여 과거 원조 수혜국이었던 한국이 공여국으로 변화한 발전상을 보고, 한국의 해외 봉사단인 WFK(World Firends Korea)와도 만나 경험담을 공유하였습니다. 외교부 공공외교대사가 주최하는 환영오찬과 KF 이사장의 환영만찬, 그리고 서울대 국제대학원 신성호 교수의 한미관계 브리핑을 통해 오랜 우정의 한미관계 역사를 다시금 확인하였습니다. 대한민국역사박물관의 미 평화봉사단 관련 자료 수집 및 전시 사업에 대해서도 들었습니다. 그 외에도 롯데월드타워, 국립중앙박물관, 용산 미군기지 공원 등을 방문하고, 막걸리 만들기 체험 등에도 참여하였습니다."
2022-11-16,제20차 한독포럼 베를린에서 개최,"KF(Korea Foundation, 한국국제교류재단, 이사장 김기환)와 사단법인 한독협회(회장 김영진)가 독일 독한포럼(의장 하르트무트 코쉭, Hartmut Koschyk)과 공동으로 주최하는 제20차 한독포럼이 11월 2일(수)부터 5일(토)까지 독일 베를린 독일연방의회(Bundestag)에서 개최되었습니다. 올해 한독포럼에는 양국 정계, 재계, 언론계, 학계 등 각계 분야 인사 40여 명이 참석했습니다. 한국 측에서는 한독포럼 공동의장인 김기환 KF 이사장 및 김영진 한독협회 회장을 비롯, 김황식 삼성문화재단 이사장(前국무총리), 윤영관 서울대학교 정치외교학부 명예교수(前외교통상부 장관), 김선욱 포스코청암재단 이사장, 김은미 이화여대 총장, 김상협 2050탄소중립녹색성장위원회 공동위원장, 김재신 前주독일대사 및 이경수 前주독일대사 등이 참석했습니다. 독일 측에서는 하르트무트 코쉭(Hartmut Koschyk) 독한포럼 공동의장(前독일 연방 재무부 차관)을 포함, 토비아스 린드너(Tobias Linder) 독일 외무부 정무차관, 하이케 베렌스(Heike Baehrens) 독한의원친선협회 회장(사민당 의원), 도리스 헤르트람프(Doris Hertrampf) 前주북한독일대사, 노르베르트 바스(Norbert Baas) 前 주한독일대사 및 우베 슈멜터(Uwe Schmelter) 독한협회 회장 등이 참석했습니다. 포럼 참석자들은 한독 양자관계를 비롯하여 최근 국제 정세를 반영한 다양한 주제에 대해 양국의 협력 및 당면 과제 해결 방안을 논의했습니다. 기조세션에서는 [세션 1] 한독 양국의 정치, 경제 사회적 현황, [세션 2] 러시아의 우크라이나 침공 후 규범에 기반한 국제질서를 강화하기 위한 양국 협력, [세션 3] 개발협력 강화와 민주주의, 인권 및 사회적 평등 증진에 대해 논의했습니다. 분과세션에서는 △ 에너지 안보 및 기후 위기에서 양국의 협력 현황과 전망, △ 경제, 안보 정책 협력 강화를 위한 방안, △ 전쟁, 전염병 및 기후 위기의 갈등 분야에서 시민 사회의 역할, △ 양국의 대외 문화와 교육 정책 역할의 중요성을 주제로 양국 전문가들의 토론이 이어졌습니다.한편 같은 기간 동안 KF와 이화여자대학교 공공외교센터 및 독한포럼이 공동으로 주관하는 제10차 한독주니어포럼도 베를린에서 개최되었습니다. 올해 10회차를 맞이하는 한독주니어포럼에는 한국과 독일의 20-30대 청년 49명(한국 24명, 독일 25명)이 모여, 젊은 세대가 바라보는 한독 양국 협력 방안에 대한 열띤 토론을 펼치고, 그 결과를 한독포럼에서 발표했습니다."
2022-11-16,중앙아 5개국 상공회의소 대표단 방한 초청,"KF(Korea Foundation, 한국국제교류재단, 이사장 김기환) 한-중앙아협력포럼사무국은 중앙아시아 5개국(카자흐스탄, 키르기스스탄, 타지키스탄, 투르크메니스탄, 우즈베키스탄) 상공회의소의 대표단을 10월 25일(화)부터 29일(토)까지 4박 5일 일정으로 방한 초청했습니다.방한단은 예례노프 아얀 (Yerenov Ayan) 카자흐스탄 국제상공회의소 회장, 후다이베르지예프 도브란 (Hudayberdiyev Dovran) 투르크메니스탄 산업경제인협회 회장 및 안바로프 나심드존(Anvarov Nasimdzhon) 타지키스탄 상공회의소 수석부회장 등 중앙아시아 경제상공인 대표 9인으로 구성되었습니다.이번 제 3차 한-중앙아 경제협의체 연례 회의는 한-중앙아 수교 30주년 기념 및 ‘제 15차 한-중앙아 협력포럼’과 연계하여 10월 26일(수) 파라다이스호텔 부산에서 되었습니다. 이번 회의에서는 ‘글로벌 경제환경 변화에 따른 한-중앙아 협력 기회 모색 및 협의체 사업 제안’을 주제로 양 지역 간 경제 교류 방안을 논의했습니다. 첫 번째 세션에서는 ‘한-중앙아 이커머스 협력’을 주제로 코로나19 팬데믹 중 수요가 확대되고 있는 전자상거래 산업의 양국 현황과 사례를 공유하였고, 두 번째 세션에서는 ‘한-중앙아 산업기술 협력’을 주제로 한국생산기술연구원과 한국수입협회가 참여하여 기술협력 및 교역 현황과 시사점을 발표하였습니다.방한 기간 중 대표단은 부산 상공회의소 면담, 부산경제진흥원 주최 ‘부산-중앙아시아 상공회의소 비즈니스 포럼’에 참여하며 물류 및 교역 협력 방안을 논의하고, 서울에서는 한국무역협회 및 국내 기업 관계자들과 만났습니다."
2022-11-21,2022 한국미술주간,"[2022 한국미술주간 Day 1] 2022 한국미술주간이 뉴햄프셔주 하노버와 매사추세츠주 보스턴에서 지난 11월 3일부터 6일까지 성황리에 개최되었습니다. 이번 한국미술주간은 미국 내 미술한류 확산과 한국미술전문가들의 네트워킹을 도모하기 위해 한국국제교류재단이 다트머스대, 국립현대미술관과 공동으로 주최하였습니다.11월 3일 KF가 지원한 다트머스대 후드미술관의 “박대성: 먹의 재창조”전을 관람하고, 박대성 화백의 강연으로 그 여정을 시작하였습니다. 이번 강연은 후드미술관에서 매년 개최하는 ‘앨런 루트 현대미술 강의’로 박대성 화백과 윤범모 국립현대미술관장의 강연으로 진행되었습니다. 한국 수묵화의 현대화를 이뤄낸 박대성 화백은 현재 프랑스, 미국 등 해외 순회전을 통해 미술 한류의 중심에 있는 작가로, 한국미술주간 참가자들은 미술 한류 현장을 직접 경험하고, 생애와 작업 방식에 대한 강연을 들으며 작업 세계를 더 깊이 이해할 수 있었습니다. 박대성 화백의 전시는 2023년 KF가 지원하는 뉴욕주립대 스토니브룩, 메리워싱턴대 갤러리에서 순회전을 이어가며 한국미술을 더욱 널리 알릴 예정입니다. [2022 한국미술주간 Day 2] 11월 4일에는 “1980년대 이후 한국미술: 역동과 확장”을 주제로 국제 심포지엄이 열렸습니다. 심포지엄은 총 3부로 구성되어 1부는 ’한국미술의 비평적 실천과 동시대성’을, 2부는 ‘한국미술의 다원화’를 주제로 민중미술, 백남준과 비디오 아트, 페미니즘, 현대 디자인 등 다양한 주제에 대한 국내외 연구자의 발제와 토론이 진행됐습니다. 마지막 세션에서는 박현기, 김희천, 정은영 작가의 미디어 아트 작품을 상영하고 정은영 작가를 실시간 연결하여 질의응답을 진행하였습니다. 이번 심포지엄에는 한국미술에 관심 있는 국내외 전문가, 학생, 일반인 70여명이 참석하여 한국현대미술 관련 연구 동향과 성과를 해외 학계와 대중에게 알리는 좋은 기회가 되었습니다. [2022 한국미술주간 Day 3] 하버드대 한국학연구소에서 11월 5일 진행된 차세대 한국미술 큐레이터 워크숍에는 한국미술주간 참가자 중 시니어 참가자 21명과 주니어 참가자 15명을 중심으로 진행되었습니다. 참가자들은 짧은 자기소개 시간을 통해 자신의 관심분야와 현재 작업하고 있는 프로젝트, 앞으로의 계획들을 나누었습니다. 이를 바탕으로 진행된 소그룹 네트워킹을 통해 앞으로 세계무대에서 한국미술분야를 이끌어갈 차세대 전문가들을 위해 북미 지역에서 활발히 활동 중인 한국미술 관련 분야 학자와 큐레이터들이 소중한 경험과 조언을 나누어 주셨습니다.해외 한국미술 큐레이터 워크숍은 한국미술 전문가 육성을 위해 1999년부터 KF가 주최해온 행사로, 2018년부터는 그 대상을 차세대로 확장하여 한국미술 전문가 양성의 기반이 되는 사업으로 구축하고 있습니다. 한국미술주간과 연계하여 진행된 올해의 워크숍은 해외 한국미술 현장을 경험하고, 시니어-주니어 간의 1:1 교류가 이뤄질 수 있어 더욱 뜻깊은 기회였습니다. [2022 한국미술주간 Day 4] 2022 한국미술주간 마지막 일정으로 11월 6일에는 보스턴미술관 등 보스턴 등지에 있는 미술관을 방문하여 한국실 관람과 한국 유물 관람을 통해 참가자들은 미국 내 한국미술 현장을 확인하는 시간을 가졌습니다. 미국 내 학계 전문가와 미술관 큐레이터가 한 자리에 모인 이번 행사를 계기로 앞으로 한국 근현대미술 관련 연구와 전시 활성화를 기대하며 그 여정을 KF가 함께합니다!"
2022-11-24,제 14차 한-스페인포럼,"KF(Korea Foundation, 한국국제교류재단, 이사장 김기환)는 한국외대(총장 박정운) 및 스페인 까사 아시아(Casa Asia, 원장 하비에르 파론도(Javier Parrondo)와 공동으로 11월 16일(수)부터 17일(목)까지 서울 포시즌스호텔에서 제 14차 한-스페인 포럼을 개최했습니다.한국 측에서는 김기환 KF 이사장 및 박태호 前외교통상부 통상교섭본부장을 비롯하여, 박상훈 주스페인대사, 전홍조 前주스페인대사, 이정민 KAIST 안보융합원 초빙교수(前외교부 국제안보문제담당대사), 최원기 국립외교원 교수, 연원호 대외경제정책연구원 경제안보팀 팀장, 조상현 한국무역협회 무역통상연구원장, 변민수 한국장애인고용공단 고용개발원 조사통계부장, 박철 한국외대 스페인어과 명예교수(前 한국외대 총장), 임호준 서울대 서어서문학과 교수, 이강한 한국학중앙연구원 교수 등이 참석했습니다.스페인 측에서는 하비에르 빠론도(Javier Parrondo) 까사 아시아 원장, 하비에르 살리도(Javier Salido) 외교부 아태국장, 기예르모 끼르빠뜨릭(Guillermo Kirkpatrick) 주한스페인대사, 하비에르 구에메즈(Javier Guemes) 온세재단 국제협력국장 및 카르멘 파스토(Carmen Pastor) 세르반테스문화원 학술원장 등이 참석했습니다.양국 정·관계, 학계 등 다양한 분야에서 모인 고위급 인사 총 50여명(한국 30여 명, 스페인 20여 명)은 이번 포럼에서 ‘유럽과 아시아-태평양 지역의 새로운 지정학적 역학’이라는 대주제로, △ [1세션] 유럽과 아시아-태평양 지역의 새로운 지정학적 역학, △ [2세션] 글로벌 공급망 위기 대응을 위한 양국 간 협력, △ [3세션] 장애인 복지와 고령화 사회, △ [4세션] 한국-스페인 간 문화·학술 교류 등에 대해 심도 있는 대화를 나누었습니다.특히 폐회식에는 한·스페인 정상회담을 위해 방한한 페드로 산체스(Pedro Sanchez) 스페인 총리가 참석하여 양국 관계의 미래지향적 발전을 위한 연설을 했습니다. 2021년 한국과 스페인은 수교 70주년을 맞아 양국 관계를 ‘전략적 동반자 관계’로 격상하고, 한-스페인 포럼과 같은 정례적 대화 채널 운영을 통한 지속적 관계 발전을 도모하고 있습니다."
2022-11-28,2022 한일시민 100인 미래대화 개최,"KF(Korea Foundation, 한국국제교류재단, 이사장 김기환)는 서울대학교 일본연구소, 와세다대학 한국학연구소와 공동으로 11월 11일(금)부터 13일(일)까지 2019년 이후 3년만에 대면으로 재개하는 2022 한일시민 100인 미래대화를 일본 시즈오카에서 개최했습니다.본 행사의 시즈오카 개최를 축하하기 위해 1일째 환영만찬에서는 이데노 츠토무(出野勉) 시즈오카현 부지사가 참석하여 양국 시민 참가자들에게 조선통신사를 비롯한 한국과 시즈오카와의 깊은 교류 이야기를 포함한 축사를 전달했습니다. 2일째 개회식에서는 김기환 한국국제교류재단 이사장의 개회사, 이종원 와세다대학 한국학연구소장 및 남기정 서울대 일본연구소장(대리)의 환영사와 함께, 마츠무라 아키히로(松村 昭宏) 시즈오카현 지역외교국장이 참석하여 한일 참가자들을 대상으로 시즈오카의 한일교류 사례로서 조선통신사를 소개하는 발표도 진행했습니다.올해는 ‘한일 시민이 주도하는 동아시아 평화공동체’라는 대주제로, 대학생, 직장인, 교사, 방송국 프로듀서, 변호사, 예술가, 시민 활동가 등 각계의 양국 시민 및 전문가 100명이 대거 참석하여 토론을 벌였습니다. 분과 세션은 △ 동북아 평화를 위한 한일 시민의 역할, △ 탈탄소 사회를 위한 한일 시민연대, △ 성평등 사회를 위한 한일 시민의 노력과 과제, △ 4차 산업혁명과 지자체 한일교류 등, 양국이 공통적으로 직면한 현안 이슈 4가지를 주제로 구성되었습니다. 참가자들 개인의 관심 분야에 따라 분과 세션을 선택하여 해당 주제에 대해 자유롭게 의견을 교환하고 토론을 진행한 후, 다음 날 종합토론에서 분과세션 별 토론 결과를 요약 발표하며 참가자 간 의견 공유와 자유로운 감상을 이야기하는 전체 토론이 이루어졌습니다. 2017년 제주도 개최를 시작으로 올해로 6년째를 맞이한 2022 한일시민 100인 미래대화는 한일 양국 간 풀뿌리 교류 활성화를 위한 최초의 한일 시민사회 대화 채널로 양국의 공통적 현안에 대한 시민사회의 자발적 해결 노력과 협력을 이끌어내는 플랫폼으로 자리잡고 있습니다."
2022-12-01,『한러관계사』 출판기념회 개최,"KF(Korea Foundation, 한국국제교류재단, 이사장 김기환)는 한국슬라브·유라시아학회 및 러한소사이어티와 함께 한·러 관계 100년을 최초로 총정리한 『한러관계사』를 발간했습니다. 관련하여 11월 29일(화) 서울 롯데호텔과 러시아 모스크바국제국립관계대학교를 화상회의로 연결하여 출판기념회를 개최했습니다.『한러관계사』 집필은 2018년에 한러 양국 관계 발전을 위해 시작된 프로젝트로, 한국과 러시아의 전문가 24명이 참여한 공동 연구를 통해 한국뿐 아니라 북한과 러시아의 관계까지 총망라하였습니다. 당초 2020년 한러수교 30년을 맞아 근대 이후 현재까지 양국 관계를 되돌아보고 향후 발전을 모색하기 위해 기획되었으며, 다년간의 공동 연구 끝에 올해 한국과 러시아에서 각각 현지 언어로 발간되었습니다. 총 2권으로 구성된 한국어판은 1860년대 근대 한러관계부터 일제강점기, 한국전쟁, 냉전 시기를 지나, 한-소 수교 및 현재에 이르기까지 양국 교류의 역사를 10개의 큰 흐름으로 나누어 한러관계 및 북러관계를 총망라하는 한편 양국의 정치·경제·문화 분야 교류 협력 발전 방향에 대한 비전과 제언도 함께 담겼졌습니다.러시아는 조러수교 이래 한반도 근현대사에 지대한 영향을 미친 국가이지만, 근현대사 관련 러시아 측의 소장 자료에 한국이 접근하는 데에는 많은 제약이 있었으나,이번 러시아 학자들의 참여를 통해 이런 제약의 극복과 한러관계에 대한 균형잡힌 고찰이 가능했습니다.이번 프로젝트에 한국 측은 김학준 단국대 석좌교수(전 인천대 이사장)를 단장으로 엄구호 한국슬라브·유라시아학회장(한양대 아태지역연구센터장) 등 11인이 참여했으며, 러시아 측은 아나톨리 토르크노프(Anatoly Torkunov) 러한소사이어티 회장(모스크바국립국제관계대학교(MGIMO) 총장)을 단장으로 13인이 연구·집필에 참여했습니다.29일(화) 화상회의로 개최되는 『한러관계사』 출판기념회에는 한국은 한국 연구진과 함께 김기환 KF 이사장, 김학준 연구단장, 안드레이 쿨릭(Andrey Kulik) 주한러시아대사 등이 참석하였고, 러측은 아나톨리 토르크노프 러한소사이어티 회장, Olga Epifanova 상원 러-한 의원친선협회장, Georgy Zinovyev 러 외교부 아주1국장 장호진 주러시아대사 등이 참석했습니다."
2022-12-20,제 21차 한-인도 다이얼로그,"KF(Korea Foundation, 한국국제교류재단, 이사장 김기환)는 서울국제포럼(SFIA) 및 인도 아난타 아스펜 센터(Ananta Aspen Centre)와 공동으로 11월 30일(수) 한국-인도를 온라인으로 연결하여 제 21차 한-인도 다이얼로그를 개최했습니다. 한국측 참가자들은 더플라자호텔에서 화상 연결 회의에 참석하는 온오프라인 하이브리드 형식이었습니다.올해 다이얼로그에 한국 측에서는 김기환 KF 이사장을 비롯하여, 이홍구 서울국제포럼 이사장, 김명자 서울국제포럼 회장, 장재복 주인도대한민국대사, 윤영관 서울대 명예교수(前외교통상부 장관), 박태호 서울대 국제대학원 명예교수(前외교통상부 통상교섭본부장), 이준규 아산정책연구원 이사장(前주인도대한민국대사), 김우상 연세대 교수(前주호주대한민국대사) 등이 참석했습니다. 인도 측에서는 나샤드 포브스 (Naushad Forbes) 아난타아스펜센터 회장을 필두로, 인드라니 박치(Indrani Bagchi) 아난타아스펜센터 대표, 아밋 쿠마르(Amit Kumar) 주한인도대사, 비슈누 프라카시(Vishnu Prakash) 前주한인도대사, 비자얀티 라가반(Vyjayanti Raghavan) 자와할랄네루대 한국학연구소장 등이 참석했습니다. 이번 행사는 3개 세션에 걸쳐 진행되었습니다. △ [제 1 세션] 인도태평양 및 글로벌 지정학을 주제로 인도태평양과 QUAD, 글로벌 공급망, 해양 안보 및 북한의 위협 등에 대해 논의했고, △ [제 2 세션] 한국-인도 양국 관계 주제로는 양자 관계 이슈의 우선순위와 통상 및 스타트업 기업 관련 협조나 기후변화 등 분야의 협력을 다루었으며, △ [제 3 세션] 기술과 혁신 관련, 인공 지능, 양자 컴퓨팅 등 신흥 기술, 반도체 및 바이오 산업, 사이버 안보와 데이터 거버넌스 등 분야에서 양국의 협력 방안에 대해 의논하였습니다."
2022-12-26,한중 수교 30년 제 10차 한중공공외교포럼,"KF(Korea Foundation, 한국국제교류재단, 이사장 김기환)는 중국공공외교협회(Chinese Public Diplomacy Association; CPDA, 회장 우하이롱)와 공동으로 제 10차 한중공공외교포럼을 12월 13일(화) 개최했습니다. 한중 양국 외교부가 주최하는 이 포럼은 올해 온오프라인 하이브리드로 개최되었으며, 한국 대표단은 몬드리안호텔 집합접속, 중국 대표단은 각지 개별접속으로 화상 회의에 참가하였습니다.한국 측에서는 이종국 KF 교류이사, 강수연 외교부 공공문화외교국 심의관, 신정승 동서대 동아시아연구원장(前주중국대사), 이희옥 성균중국연구소장, 장원삼 동북아역사재단 사무총장, 이동률 동덕여대 교수, 최필수 세종대 교수, 이재민 서울대 교수, 문흥호 한양대 교수 등 정관계 및 학계 인사 10명이 참석했습니다. 중국 측에서는 후쩡웨(胡正) 중국공공외교협회 부회장, 후젠(胡) 중국 외교부 신문국 부국장, 추궈홍(邱國洪) 前주한중국대사, 동샹롱(董向) 중국사회과학원 연구원, 쟝웨춘(姜春) 중국국제문제연구원 연구원, 등링링(董玲玲) 예청경제기술개발구 공산당공작위원회 부서기, 스딩(石丁) 환구망 총편집인 등 10명이 참석했습니다.올해는 한중 수교 30주년을 맞아 ‘한중 수교 30주년을 회상하며: 새로운 장을 열다’라는 주제로 한중관계 현황 및 향후 발전 방향, 경제무역 협력 및 공동 번영 실현, 인문 교류 강화를 통한 양국 국민의 공감대 형성 방안을 논의했습니다. 급변하는 전략 환경 속에서 지난 30년 간 긴밀한 협력을 통해 발전해 온 양국 관계를 회고하고, 앞으로 상호 존중과 호혜, 공동 이익에 기반하여 더욱 성숙한 전략적 협력 동반자 관계를 열어갈 새로운 30년을 준비하는 구체적 방안을 모색했습니다. 향후 30년간 양국이 상호 존중과 호혜, 공동 이익을 바탕으로 발전시켜 나갈 한중관계에 많은 관심 부탁드립니다."
2023-01-11,제12회 서울배리어프리영화제에서 이스라엘 영화 《신발끈》 상영,"KF(Korea Foundation, 한국국제교류재단, 이사장 김기환)는 주한이스라엘대사관과 협력하여 제 12회 서울 배리어프리영화제를 계기로 11월 13일(일) 오후 5시 30분 한국영상자료원 시네마테크 KOFA 1관에서 한-이스라엘 우호 친선을 위해 이스라엘의 수작 영화 《신발끈》을 상영했습니다.이번에 상영된 영화 《신발끈》은 2018 이스라엘 필름아카데미 조연상, 2019 보스턴 이스라엘 영화제 관객상을 수상한 작품으로, 늙어가는 아버지와 경미한 지체장애로 도움이 필요한 아들 사이에 복잡한 관계를 따뜻한 시선으로 다룬 작품입니다. 남녀노소 누구나 함께 영화를 즐길 수 있는 축제의 장인 ‘서울배리어프리영화제’의 취지에 맞게, 해당 작품 역시 배리어프리 자막 버전으로 제작되어 청각장애인도 감상이 가능했습니다."
2023-01-11,"참여와 미래, 그리고 공공외교 제5회 공공외교주간","KF(Korea Foundation, 한국국제교류재단, 이사장 김기환)는 공공외교 현안에 대한 우리 국민의 관심과 이해를 높이기 위한 제5회 공공외교주간을 11월 18일(금)부터 오프라인 및 온라인으로 동시에 개최했습니다. 행사는 오프라인 현장인 동대문 디자인플라자(DDP)에서는 11월 20일(일)까지, 온라인(www.pdweek.or.kr)으로는 12월까지 진행됩니다. 공공외교주간은 대한민국 유일 공공외교 추진기관인 KF가 국내외 공공외교 역량을 결집하여 공공외교 관련 현황을 국민과 공유하는 종합적 성격의 행사입니다. 5회차를 맞이하는 올해의 키워드는 참여와 미래로, 각국의 주한대사관, 유엔식량농업기구(FAO) 한국협력연락사무소, 주한영국문화원, 대한무역투자진흥공사(KOTRA) 및 한국예술종합학교 등 다양한 국제기구와 국내외 유관기관 30여개 처가 참여하고, 외교부가 후원했습니다. 올해 행사는 11월 18일(금) 오후 2시 30분 국내 최초로 공개되는 한국예술종합학교의 XR 작품 「사물」과 함께 펼쳐지는 퍼포먼스로 개막하여, 국제교류 및 해외 진출을 위한 진로 탐색, 메타버스 및 실감형 디지털 기술을 활용한 미래지향적 쇼케이스를 통해 새로운 공공외교의 방향을 제시했습니다. △ 차세대 글로벌 리더들을 위한 국제교류 진로 탐색 글로벌 리더를 꿈꾸는 청년들에게 호평을 받아온 국제교류 진로 탐색 세션에 올해는 ▲ 외교부 JPO(국제기구초급전문가), UNV(유엔자원봉사단) 등 국제기구 진출 사업 설명회 (11.18(금) 16:00), ▲ KF 글로벌 챌린저 및 KF 글로벌 아카데미 설명회와 국내외 유수 기관에서 활약중인 과거 글로벌 챌린저 참가자의 경험 공유 (11.19(토) 13:30), ▲ 마이크로소프트 글로벌 인플루언서팀 이소영 이사의 글로벌 기업이 찾는 인재상 강연 (11.19(토) 16:00) 등이 준비되었습니다. △ 우리 국민과 주한 외국인이 직접 참여한 공공외교 성과 공유 KF의 주요 공공외교 활동 참가자들의 생생한 경험을 함께 느낄 수 있는 KF와 공공외교 프로그램으로는 ▲ 공공외교 아카데미 협력 대학의 대학생들이 참여한 공모전 우수작 발표회 (11.19(토) 11:00), ▲ 주한외국인의 한국 체험을 발표하는 코리아 워크숍 브이로그 발표회 (11.20(일) 10:00), ▲ KF 임용 교수 및 객원교수들이 준비한 한국(어)학 OX 골든벨 (11.20(일) 16:30) 등이 마련되었습니다. △ 시공간을 넘는 KF의 실감형 디지털 공공외교 쇼케이스 『모든 벽은 문이다 (Every Wall Is a Door)』 이번 공공외교주간의 하이라이트는 가상현실과 실감형 콘텐츠 등 최첨단 디지털 기술을 활용해 시공간의 장벽을 넘어선 교류와 연대를 위한 미래 가능성을 탐색하는 KF의 실감형 디지털 공공외교 쇼케이스 『모든 벽은 문이다 (Every Wall Is a Door)』입니다. 우선 DDP 어울림마당에서 ▲ 국내 젊은 크리에이티브그룹 아워레이보가 국적을 뛰어넘는 소통을 위한 미래지향적 의미를 표현한 「내일 다같이 (Tomorrow Together)」를 통해 그래픽, 설치, 미디어영상 및 관람객 참여형 AR 콘텐츠로 가상세계와의 만남을 유도했습니다. 그리고 아트홀1관에서 관객이 직접 가상공간에 진입, ▲ 외교 및 미디어 분야 저명인사를 3D홀로그램 기반 최첨단 VR기기를 통해 만나고, 가상공간에 들어가 세계인들에게 보내는 선물을 XR세계에서 만들어 보는 체험을 했습니다. 이어 컨퍼런스홀에서는 ▲ 한국예술종합학교 AT랩과 협력하여 한국문화의 국제적 보편성을 보여주는 신작 VR 「사물(SAMUL)」 및 국제적으로 호평받고 관객 참여형 이머시브로 업그레이드한 XR 「허수아비 AP」를 국내 최초로 선보였습니다. 그 외 전시체험 프로그램으로 ▲ KF와 주한영국문화원이 협력하여 진행한 한-영 기후변화 크리에이티브 프로젝트 「일상의 의식들: 4개의 지구」 쇼케이스와 아티스트 토크, ▲ 기후변화와 문화교류 등을 주제로 우리 국민이 직접 추진한 국민공공외교 프로젝트의 메타버스디지털 쇼케이스, ▲ 랜선 및 메타버스로 만나는 주한대사관(가나, 이스라엘, 스위스, 카타르) 투어 등도 온오프라인으로 다채롭게 펼쳐졌습니다. △ 글로벌 인플루언서들과 만남 및 교류행사 현장의 공공외교 토크 및 온라인의 셀럽과 함께 보는 KF 갤러리 전시 등의 프로그램을 통해 다양한 국내외 인플루언서들과 만날 기회도 제공되었습니다. ▲ 美연방 하원에 도전하는 재미한인 5명의 여정을 담아 11월초 국내 개봉한 다큐멘터리 『초선(Chosen)』의 전후석 감독이 진행하는 「디아스포라가 미래다」 (11.20(일) 15:00)는 DDP 오프라인 현장에서 열렸습니다. 온라인에서는 ▲줄리안 퀸타르트(벨기에), 안드레아스(그리스) 등의 주한외국인 인플루언서가 진행하는 토크, ▲ 조선팝의 창시자 서도밴드의 공연, ▲ 중앙아 고려인들의 여정을 노래하는 노리플라이의 정욱재(튠) 공연, ▲ 국악인 김을희, 허윤정과 이스라엘 아티스트의 협연 등 다양한 프로그램을 통해 세계 각국과 소통과 교감의 장을 제공했습니다."
2023-01-19,KOREANA 2022 겨울호가 발간되었습니다.,"KOREANA 2022 겨울호가 발간되었습니다.이번 겨울호에서는 한류열풍을 선도하고 있는 K-드라마의 다양한 면모를 살펴봅니다. 로컬을 넘어 전 세계인과 공감대를 형성하는 서사적 보편성을 가지며, 형식 면에서는 느와르, 스릴러, 판타지 등 장르 다양성을 확보하는 등 한류 드라마에서 눈에 띄게 진보한 K-드라마를 KOREANA 겨울호에서 만나보시기 바랍니다. 11개의 언어로 발간되는 웹진은 언제 어디서나 koreana 사이트( koreana.or.kr)를 통해 무료로 보실 수 있으며, 종이책을 소장하고 싶은 독자는 9개 언어의 종이책을 네이버 스마트스토어(bit.ly/buy_koreana)를 통해 구입하실 수 있습니다."
2023-02-22,"BTS-KF 한국어 강좌 사업, 2022년 외교부 공공외교 우수 사례로 선정","KF(Korea Foundation, 한국국제교류재단, 이사장 김기환)의 BTS-KF 한국어 강좌 사업 이 외교부 공공외교위원회 주관 ‘2022년 공공외교 중앙행정기관 협업 부문 우수사례’로 선정되었습니다. BTS-KF 한국어 강좌 사업 은 BTS와 영화 ‘기생충’의 인기로 해외에서 한국 문화 및 한국어에 대한 관심이 고조된 시기에 KF가 해외 한국어 학습 열풍을 강화하기 위해 2020년 빅히트 에듀(2021.3 ‘하이브 에듀’로 사명 변경, 이후 2022.6 네이버 자회사 ‘스노우’가 운영하는 ‘㈜케이크’에 합병됨), 한국외대와 협약 체결을 맺고 시행한 사업입니다. 온라인 한국학한국어 강좌 사업인 ‘KF e스쿨’ 사업 모델에 빅히트 에듀와 한국외대 허용 교수 연구팀(한국어콘텐츠연구소)이 공동 개발한 한국어 교재 『Learn! KOREAN with BTS』를 결합한 온라인 한국어 강좌입니다.이 사업은 코로나19로 인한 온라인 교육 확산에 따라, 강좌 수가 2020년 4개국 5개 대학 7개에서 2022년 13개국 16개 대학 52개로 대폭 확대되면서 전 세계 해외 한국어 교육 보급 및 활성화에 기여하고, KF의 해외 한국어 교육을 위한 온라인 특화 사업으로 성장했습니다.외교부는 공공외교법에 따라 운영되는 상설 위원회인 공공외교위원회를 통해 2019년부터 매년 중앙행정기관, 지방자치단체, 재외공관의 활동 중 공공외교 우수사례를 선정발표하고 있으며, BTS-KF 한국어 강좌 사업 은 KF-빅히트 에듀-한국외대 민관학 협력의 우수 사례로 인정받아 2022년도 중앙행정기관 부문 우수사례 2건 중 1건으로 선정되었습니다."
2023-02-22,스웨덴 협력 아이콘-존재의 권리에 대한 사진전 ,"KF(Korea Foundation, 한국국제교류재단, 이사장 김기환)와 주한스웨덴대사관(대사 다니엘 볼벤(H.E. Daniel WOLVEN)이 공동 개최한 아이콘-존재의 권리에 대한 사진전 이 2022년 12월 19일(월)부터 2023년 2월 9일(목)까지 서울 KF갤러리(중구 수하동) 및 KF 웹사이트와 SNS를 통해 온오프라인으로 개최되었습니다. 아이콘-존재의 권리에 대한 사진전 은 스웨덴 글라다후디크 극단이 ‘아름다움의 정의’라는 주제로 진행했던 워크숍 과정을 담은 결과물입니다. 글라다후디크 극단은 일반인과 지적 장애 배우가 함께 연기하는 극단으로, 이 워크숍은 장애 유무와 관계없이 누구나 삶의 존엄성을 지키고 그 속에서 각자의 꿈을 발산하며 사는 것이야말로 인간의 기본 권리라는 것을 일깨우고자 기획된 것입니다. 글라다후디크는 경계 없는 협업과 상호 배움의 과정을 통해 아름다움에 대한 편견과 표준적 시각에 도전하고 있습니다. 다운증후군을 가진 사람들의 특수성이나 차이점을 강조하기보다는, 그들의 꿈과 욕망에 담긴 보편성과 동일성을 조명하는 창작 발표를 해 왔습니다.전시는 사진 작품 총 21점 및 다큐멘터리 영상 1점으로 구성되어 있습니다. 스웨덴 사진 박물관 포토그라피스카에서 2016년 처음 공개된 이 전시는 모델들의 생동감 넘치는 자기 표현과 적극적인 참여를 통해 다운증후군에 대한 우리 사회의 통념과 태도의 전환을 촉구하고 있습니다. 각자의 꿈과 환상을 투영한 사진 촬영 과정은 모델들이 자기 자신의 ‘아이콘’이 되어 보는 경험이자, 관객의 ‘아이콘’이 되어 보는 예술적 위치 전환을 보여줍니다. 이 전시를 공동 주최해 온 포토그라피스카는 세계 최고 영향력을 자랑하는 사진 박물관으로 스톡홀름 뿐 아니라 뉴욕과 베를린에 지부를 두고 있습니다. 아이콘-존재의 권리에 대한 사진전 을 위해 글라다후디크 극단 설립자 페르 요한손(Par Johansson), 사진작가 엠마 스벤손(Emma Svensson), 의상 디자이너 린다 산드베리(Linda Sandberg), 헬레나 안데르손(Helena Andersson) 등이 협업에 나섰고, 한서문화예술협회가 아시아 첫 순회전 추진을 후원했습니다."
2023-03-08,KF-CSIS 한미경제안보포럼 개최,"KF(Korea Foundation, 한국국제교류재단, 이사장 김기환)와 미국 전략국제문제연구소(Center for Strategic International Studies; CSIS)가 공동 주최한 이 2월 23일(목) 워싱턴DC에서 개최되었습니다.은 팬데믹 후 공급망 위기, 러시아-우크라이나 사태 및 미중 기술경쟁으로 기존 전통안보 외 경제·기술 안보 협력 중요성이 높아짐에 따라 기획된 행사로, 한미 양국 전문가 20여 명이 참석하여 경제안보 현안에 대해 의견을 교환했습니다.한국에서는 박진 외교부 장관의 기조연설(녹화 영상)을 비롯, 이재민 서울대 법과대학 교수 겸 경제안보대사(화상 참석), 유명희 前산업통상자원부 통상교섭본부장, 정인교 국민경제자문회의 경제안보분과장, 남기태 서울대 재료공학부 교수 (제 20대 대통령직인수위원회 과학기술교육분과 인수위원), 이정민 카네기국제평화재단 선임연구원, 연원호 대외경제정책연구원 경제안보팀장 등 경제·기술 분야 전문가 8명이 참여했습니다.미국에서는 알란 에스테베즈 (Alan F. Estevez) 상무부 산업안보담당 차관이 기조연설을 맡고, 매튜 굿맨 (Matthew Goodman) CSIS 경제 담당 수석부회장, 존 뉴퍼 (John Neuffer) 미 반도체산업협회(SIA) 회장, 빅터 차 (Victor Cha) CSIS 한국석좌(화상 참석), 찰스 프리먼 (Charles Freeman) 미 상공회의소 부회장 등 정·관계 인사 9명이 참석했습니다.이번 포럼에서는 ‘한국과 미국의 경제안보 전망’을 주제로 △ 핵심 기술 규제 (Controlling Critical Technologies), △ 경제 제재 대응 및 규칙 기반 질서 강화 (Responding to Economic Coercion and Enhancing Rules-based Order), △ 프렌드 쇼어링 (Making “Friendshoring” Work) 등 3개 세션에서 양국 전문가들이 세션 주제에 대해 심도 깊은 논의를 하고 양국의 협력 및 미래 발전방향에 대해 모색하는 자리가 되었습니다."
2023-03-10,2022 지구촌 한류현황 발간,"KF는 전 세계 118개국 149개 재외공관과 협력하여 〈2022 지구촌 한류현황〉을 발간하였습니다. [온라인 버전 보기 링크: www.kf.or.kr/archives/ebook/ebook_list.do] 《지구촌 한류현황》은 전 세계 재외공관을 통해 수집한 세계 한류 현황 자료를 정리한 책으로 2012년부터 매년 발간되어 올해로 11번째 발간을 맞이했습니다. 지난 11년간 (2012-2022) 전 세계 한류팬 및 한류 동호회 증가 추이 2022년 12월 기준 전 세계 한류 팬 수는 1억 7,800만 명으로 조사되었습니다. 책자 발간이 시작된 2012년(당시 926만 명) 대비 10년 사이 19배 증가한 수치입니다. 약 1억 3000만여명의 한류 동호인을 보유한 한류의 텃밭 아시아대양주부터, 한류 열풍이 불고 있는 미주, 전 세계 팬덤 중 규모 면에서나 점유율 면에서 전년대비 가장 큰 성장세를 보인 미답의 유럽, 2012년 도서 첫 발간 대비 18개국이 추가된 아프리카중동까지, 한류가 세계 대중문화의 선도주자로 자리 잡고 있는 모습을 2022 지구촌 한류현황을 통해 확인해 보세요! 지구촌 한류현황 통계센터 : https://www.kf.or.kr/koreanstudies/hallyu.do KF는 해외 한류 동호회 데이터를 KF 통계센터를 통해 공개합니다. 관심 있는 누구나 KF 홈페이지에서 11년간의 한류 데이터 및 책자를 열람하실 수 있습니다."
2023-03-20,코리아나 2023년 봄호 발간 ,"코리아나 2023년 봄호 한국의 현대 공예가 발간되었습니다. 해외의 공예 및 디자인 관련 전문가들이 한국 공예의 특징으로 가장 많이 꼽는 것은 ‘전통과 현대의 균형 잡힌 조화’ 입니다. 오늘날 한국의 공예 분야에서는 오랜 전통을 자양분으로 새로운 실험과 도전이 심화되고 있습니다. 한국 문화예술 종합 계간지 『코리아나』 봄호에서는 젊은 공예 작가들이 선보이는 흥미로운 작업들을 조명합니다. 지속가능한 삶을 위한 이들의 모색은 ‘인간의 삶에 기여한다’ 는 공예의 본질이 여전히 유효함을 보여 줍니다. 이 외에 K-좀비의 독특한 몸동작을 창조해 낸 안무가 전영, 음악과 무용의 장르적 협업이 완벽했다는 찬사를 받은 꼭두각시 공연, 백제의 역사가 잠들어 있는 부여 기행, 봄철 대표적 향토 음식인 도다리 쑥국에 대한 향긋한 이야기 등이 독자들을 찾아갑니다. 11개의 언어로 발간되는 웹진은 언제 어디서나 koreana 사이트( koreana.or.kr)를 통해 무료로 보실 수 있으며, 종이책을 소장하고 싶은 독자는 9개 언어의 종이책을 네이버 스마트스토어(bit.ly/buy_koreana)를 통해 구입하실 수 있습니다."
2023-03-21,2023 KF 외교관 한국 언어 문화 연수 ,"KF(Korea Foundation, 한국국제교류재단, 이사장 김기환)는 3월 8일(수) 환영식을 기점으로 총 12주 동안 25개국 외교관 25명이 참가하는 2023 KF 외교관 한국언어문화연수 프로그램을 시작했습니다.올해는 유럽, 대양주, 중남미, 아프리카 등 총 25개국에서 참가한 외교관 25명이 연수에 참가했습니다. 경희대학교 국제교육원에서 한국어 교육을 수강하며, 태권도, K-pop 댄스 등 다양한 한국 문화를 체험하고, 경복궁, 국립중앙박물관, DMZ 등 방문도 예정되어 있습니다.연수생들에게는 한국 외교부를 방문해 우리나라 외교관들과 네트워킹할 기회도 제공됩니다. 국립외교원에서 한반도 및 동북아 정세 등을 주제로 한 특강도 준비되어 있어, 한국의 정치, 경제, 사회 등에 대한 이해도를 높일 예정입니다.3월 8일(수), 서울 웨스틴 조선 호텔에서 개최된 환영식에는 유스프 샤리프조다 주한타지키스탄대사, 딴 진 주한미얀마대사, 네마냐 그르비치 주한세르비아대사 등 주한외교사절단들이 참석해 연수생들을 격려했습니다. 특히 네마냐 그르비치 주한세르비아대사는 2017년 KF 외교관 한국언어문화연수 참가자로, 본인의 연수 경험을 참가자들과 공유하며 뜻깊은 시간을 보냈습니다. 2018년 참가자인 무함마드 하이다스 주한말레이시아대사관 1등서기관도 올해 참가자들에게 경험담을 전하며 격려했습니다."
2023-03-22,㈜천재교육 초등 사회 검정교과서 내 KF아세안문화원 소개 내용 수록,"2023년부터 KF아세안문화원을 초등학교 사회 검정교과서에서 만나볼 수 있게 되었습니다. ㈜천재교육과의 협력을 통해 2023년 초등학교 6학년 2학기 사회 검정 교과서의 1단원 세계 여러 나라의 자연과 문화 중 [함께하는 체험활동]으로 KF아세안문화원이 2페이지에 걸쳐 소개 되었습니다.2023년부터 교육부는 초등학교 고학년의 사회, 수학, 과학 교과서를 국정교과서 체제에서 검정교과서 체제로 단계적 전환 진행 중이며, 그 일환으로 ㈜천재교육 사회교과서도 검정교과서로 발표되었습니다.㈜천재교과서는 초등 3, 4학년의 수학, 사회, 과학 교과서 전국 점유율 1위를 기록한 바 있는 출판사로서 향후 전국의 많은 초등학교를 대상으로 아세안과 KF아세안문화원을 소개할 수 있는 기회가 확대될 것으로 기대됩니다."
2023-03-24,"체코 하원의장단 등 고위급 인사 대거 한국 방문, KF갤러리 오늘부터의 세계 展 관람","KF(Korea Foundation, 한국국제교류재단, 이사장 김기환)와 주한체코문화원이 공동 개최하는 전시 오늘부터의 세계 가 진행중인 KF갤러리에 3월 24일(금) 마르케타 페카로바 아다모바(Marketa Pekarova Adamova) 체코 하원의장과 체코 하원 의원들, 체코 외무부 고위급 인사 그리고 기자로 구성된 체코 방한단이 방문하여 전시를 관람했습니다. 오늘부터의 세계 展은 지속가능한 미래를 만들어가기 위한 국제적 청사진인 ‘지속가능개발목표(Sustainable Development Goals; SDGs)’를 예술적으로 시각화한 두 종류의 작품을 소개하는 전시입니다. 체코의 사진작가 다비드 톄신스키의 사진 연작 17점과 체코문화원 본원에서 제작한 ‘SDGs: 지속 가능한 미래를 위한 혁신’ AR(증강현실) 작업 17점으로 구성되었습니다.전시장을 찾은 아다모바 하원의장과 체코 하원 외교위원장 등 체코 국회의원 및 고위급 인사 30여 명, 그리고 체코 기자 10여 명은 주한체코대사(구스타브 슬라메취카(Gustav Slameka))와 주한체코문화원장(미샤 에마노브스키(Michal Emanovsky))의 안내를 들으며 작품을 감상했습니다.전시 관람 후에는 전시 주제인 지속가능개발목표에 관한 의견을 나누고, 한국외국어대학교 체코슬로바키아어과 학생들과도 만나 한국과 체코 간 문화와 학술 교류의 중요성에 대해 대화를 나누었습니다. 오늘부터의 세계 展은 4월 7일(금)까지 서울 KF갤러리에서 무료로 관람할 수 있으며, 전시 종료 이후에는 KF 홈페이지(www.kf.or.kr)에서 온라인(VR) 전시로도 볼 수 있습니다."
2023-04-14,미국 알래스카에서 한국 문화의 밤 공연 개최,"KF(Korea Foundation, 한국국제교류재단, 이사장 김기환)는 주앵커리지 대한민국 출장소, 아시아 알래스카 문화센터(AACC. Asia Alaskan Cultural Center)와 함께 알래스카 한국 문화의 밤 공연을 개최했습니다. 알래스카 한국 문화의 밤 공연은 미국 알래스카주의 앵커리지(3.30.-31.)와 페어뱅크스(4.3.)에서 각 두차례 개최되었습니다. 판소리, 사물놀이를 비롯한 전통국악과 북춤, 호랑이 탈춤 등의 전통무용, 그리고 해금, 아쟁 등의 전통악기로 연주되는 K-Drama OST 등 다채로운 구성의 이번 공연은 사물놀이 몰개와 (사)국악단 소리개가 주축이 되었습니다. 앵커리지와 페어뱅크스에서 각 두차례 개최된 공연은 Mike Dunleavy 알래스카 주지사, Dave Bronson 앵커리지 시장 등 알래스카주 각계 주요 인사와 일반 시민을 대상으로 한 본 공연과 현지 중, 고교생 약 2천여명을 위한 학생 대상 공연으로 구성되었습니다."
2023-04-21,해외 10개국 정무분야 유력인사 한국 방문,"KF(Korea Foundation, 한국국제교류재단, 이사장 김기환)가 4월 9일(일)부터 15일(토)까지 해외 10개국의 유력 인사들을 한국에 초청했습니다. 이번 초청 프로그램에는 가봉, 교황청, 방글라데시, 세르비아, 수리남, 온두라스, 우루과이, 짐바브웨, 크로아티아, 파나마 등 10개국에서 오는 10명의 정무 분야 요인이 참가했습니다.이번 주요 초청 인사들은 △ Parmanand SEWDIEN(파르마낭 슈디엔) 수리남 농수축산부 장관, △ David MUSABAYANA(데이빗 무사바야나) 짐바브웨 외교통상부 부장관, △ Gerardo SOLIS(헤라도 솔리스) 파나마 감사원 원장(前주택부 장관), △ Alvaro GARCE(알바로 가르세) 우루과이 대통령실 국가전략정보처장, △ Ivana PPOVIC(이바나 포포비치) 세르비아 농업산림수산자원부 차관, △ Md. Atiqul ISLAM(무하마드아티꿀 이슬람) 방글라데시 북다카시 시장 등입니다.이들은 한국에 있는 동안 함께 서울시, 한국개발연구원을 방문해 한국의 우수 정책과 경제발전 경험 등에 대한 소개를 듣고 협력 방안을 논의하고, 세종연구소를 방문해 한국의 외교 및 대북 정책 방향을 이해할 기회를 가졌습니다. 또한 부산의 2030 부산세계박람회 유치 현장을 견학하며 관계자를 만나 박람회 유치 노력에 대한 설명을 들었습니다.또한 각 인사들은 개별 일정으로 외교부, 농촌진흥청, 국가정보원, 지자체 등 해당 분야별 전문가들을 만나 실질적 상호 협력 증대 방안에 대해서도 논의했습니다."
2023-05-11,美 하버드大 최초 한국 정책연구 프로그램 기금 설치,"KF(Korea Foundation, 한국국제교류재단, 이사장 김기환)가 미국 현지시간으로 4월 11일(화) 하버드대학교 케네디스쿨 소속 벨퍼센터와 ‘한국연구 프로그램 (Korea Project) 기금 설치 기념식’을 개최하고, 11일(화)부터 13일(목)까지 3일간 동맹 70주년 기념 제 4차 하버드 벨퍼센터 한반도 안보서밋 (Korean Security Summit)을 진행했습니다.이번 벨퍼센터 기금은 KF가 ‘대학 내 정책연구소’에 한국 연구 프로그램 기금을 설치하는 최초 사례로, 워싱턴 D.C. 싱크탱크 중심으로 진행되어 온 한국 정책 연구 지원을 대학으로 확대하여, △ 대학을 기반으로 한미간 외교안보경제안보첨단기술 협력 등 주요 현안 관련 연구 및 정책 담론을 활성화하고, △ 미 정부학계 등 정책 커뮤니티 대상으로 관련 정보 및 정책 제언을 전달함과 동시에, △ 하버드대 내 한국관련 차세대 정책 전문가를 양성할 수 있는 기반을 마련하였다는 점에서 큰 의의가 있습니다.벨퍼센터의 한국연구 프로그램(Korea Project)은 KF의 해외 정책연구 지원사업을 통해 2019년 공식 발족되었으며, 발족 이래 존 박 국장(John PARK, Director, Korea Project)이 프로젝트의 총 책임을 맡고 있습니다. 세부 내용으로는 △ 포럼(연례 하버드대 안보서밋 개최) △ 한미 전문가 초청 한국 현안관련 강연 △한국 고위급 전문가 초청 방문 펠로십 프로그램 운영 △ 전통안보, 경제기술 안보, 사이버 안보 등 현안관련 정책연구 및 출판 △ 하버드대 석박사생 대상 차세대 한반도 전문가 육성 프로그램 등이 있습니다. KF는 매년 일회성으로 운영되어 오던 이 프로그램을 안정적이고 지속적으로 운영하기 위한 목적으로 하버드대와 기금 조성을 위해 노력해 온 결과, 지난 2022년 12월 하버드대 케네디스쿨과 협약을 체결하였습니다. KF(100만 달러)와 하버드대(100만 달러)가 200만 달러(약 26억원)를 조성하여 ‘매칭펀드’ 형태로 출연했습니다. 기금 설치 기념식을 시작으로 이어지는 제 4차 한반도 안보서밋에서는 3일에 걸쳐 한미 양국의 외교경제기술사이버 안보 분야의 의제별 전직 고위 정책 담당자와 분야별 전문가들이 참석하여 양국 안보협력 확대 방안에 대해 논의하였습니다. 특히 금번 포럼은 양국간 동맹 70주년 기념 사업인 동시에, 이달 말 예정된 한미정상회담을 앞두고 개최되어 양국간 현안 의제를 시의적절하고, 심도있게 다루었습니다.김기환 KF 이사장의 개회사와 박진 외교부 장관의 축사(녹화영상)가 이어졌으며 제1세션의 시작에 앞서 김기환 KF 이사장과 에릭 로젠바흐 벨퍼센터 공동 소장 (前 미 국방부 차관보), 니콜라스 하크니스 하버드대 한국학 연구소장은 기금 설치 합의에 서명하는 기념식을 개최했습니다. 4월 11일(화) 제1세션은 한미 동맹 70주년(Celebrating the 70th Anniversary of the U.S.-ROK Alliance)를 주제로, 윤병세 前 외교부 장관, 데이빗 생어 뉴욕타임스 기자, 조셉 나이 하버드대 석좌교수, 빅터 차 CSIS 한국 석좌, 빈센트 브룩스 前주한미군사령부 사령관, 웬디 커틀러 前 미 무역대표부 부대표(한미 FTA 협정 당시 미국측 수석대표), 메리 르지어 前 미 육군 정보보안 사령부 사령관이 참여했습니다. 외교안보, 국방, 통상 분야의 최전선에서 양국 협력을 담당해 온 주역들이 모여 한미 동맹 70주년의 성과를 평가하고, 향후 미래를 전망했습니다.4월 12일(수) 제2세션은 핵심 기술 규제(Navigating the Increasing Control of Critical Technologies)를 주제로, 보니 젠킨스 미 국무부 군축국제안보 담당 차관이 기조 연설을 했습니다. 한국측에서는 이정민 카네기 국제평화재단 선임 연구위원, 남기태 서울대 재료공학부 교수(대통령 과학기술자문회의 심의위원)이 참석했으며, 미국측에서는 제이슨 수 하버드대 케네디스쿨 애쉬센터 선임연구원, 암리타 자얀티 벨퍼센터 기술 프로젝트 부디렉터, 우드워드 양 하버드대 전기공학컴퓨터 공학 교수, 프란체스카 지오바니니 벨퍼센터 핵프로젝트 총괄 디렉터가 참여했습니다.4월 13일(목) 제3세션은 북한의 암호화폐 탈취 대응방안(Curbing North Korea’s Revenue Generation from Crypto Theft)을 주제로, 안드레아 가키 미 재무부 해외자산통제국장의 기조연설을 시작으로 김원수 前 UN 사무차장 겸 고위군축대표, 김소정 국가안보전략연구원 신흥안보연구실장, 닉 칼슨 前 FBI 분석관, 애쉴리 샤핀-로모노소프 체이널리시스 북한 사이버범죄 전문가, 존 박 벨퍼센터 코리아프로젝트 국장, 프리실라 모리우치 벨퍼센터 코리아프로젝트 펠로가 참여했습니다."
2023-05-12,KF-주한포르투갈대사관 협력 전시 포르투갈-마법으로 지은 찰나展 개최,"KF(Korea Foundation, 한국국제교류재단, 이사장 김기환)와 주한포르투갈대사관(대사 수자나 바즈 바투(H.E. Susana Vaz Patto))이 공동으로 준비한 포르투갈-마법으로 지은 찰나 전시가 지난 4월 24일(월) 서울 중구 수하동 소재 KF갤러리에서 개막했습니다. 포르투갈-마법으로 지은 찰나 展은 루이 프레이레 갤러리(Rui Freire Gallery, 리스본 소재, 2018년 창립)와의 협업으로 포르투갈의 시각 예술이 지닌 특별한 매력을 한국 관객에게 전달하기 위해 마련되었습니다. 포르투갈 현대미술을 대표하는 중견 작가 벨라 실바(Bela Silva), 브루노 카스트로 산토스(Bruno Castro Santos), 조지 네스빗(Jorge Nesbitt)의 작품이 이 전시를 통해 한국에서 처음 소개됩니다. 작가 3인의 공예, 드로잉, 회화 40여 점의 작품을 한 자리에서 선보이며 포르투갈 특유의 아름다움을 관객들에게 소개합니다. 벨라 실바는 남아메리카와 아시아를 여행하며 얻은 이국적 영감을 포르투갈의 전통적 미학과 융합해 도자와 드로잉으로 표현한 작품을 선보입니다. 폭넓은 색채와 콜라주 기법을 사용해 전통 요소와 현대적 기법을 감각적으로 교차시킨 실바의 작업은 뉴욕타임즈 등 주요 미디어를 통해 소개되었고, 건축, 인테리어 디자인 영역에서도 다양한 협업을 진행한 바 있습니다. 프랑스 명품 브랜드 에르메스의 패턴 디자인에 참여하여 스카프, 재킷 등 패션 아이템을 통해 자신의 작품 세계를 보여 준 작가이기도 합니다. 브루노 카스트로 산토스는 선과 선, 층과 층을 쌓으며 단순한 평면에 그치지 않는 새로운 차원의 드로잉 속으로 관객을 초대합니다. 특히 이번 전시에서 만날 수 있는 그의 대표작 「마법으로 지은 찰나」는 수면 중인 뇌에서 일어나는 특정한 순간을 ‘직물을 직고하는 과정’에 비유한 신경학자 찰스 셰링턴의 말에서 착안해 인간 뇌의 미세한 신경망을 도식화한 작품입니다. KF와 주한포르투갈대사관은 세 작가들의 작품을 통해 포르투갈의 전통과 현재가 엮여 직조되는 마법 같은 순간을 관람객들이 경험하길 바라며, 이 작품명을 전시 제목에 차용했습니다. 조지 네스빗의 대형 작품은 ‘리노컷’이라 불리는 볼록판화 기법을 활용하여 다양한 질감을 표현합니다. 일러스트레이션과 만화적 요소를 결합한 그래픽 이미지를 사용해 문학적 서사를 담은 그의 작품은 시각 예술이 주는 유머와 시적 감성을 함께 느낄 수 있게 해 줍니다."
2023-05-19,7개국 국회의원·시의원 8명 한국 방문,"KF(Korea Foundation, 한국국제교류재단, 이사장 김기환)는 4월 23일(일)부터 29일(토)까지 나이지리아, 레바논, 미국, 브라질, 에콰도르, 칠레, 호주 등 7개국의 국회의원 및 시의원 총 8명을 한국에 초청했습니다. 이번에 초청된 인사는 △ 카르멘 헤르츠(Carmen HERTZ) 칠레 하원 외교상임위원회 위원장, △ 그라함 페렛(Graham PERRETT) 호주 국회 공공사업 상임위원회 위원장, △ 지하드 파크라도니(Jihad PAKRADOUNI) 한-레바논 국회의원 친선협회장, △ 롭 핏츠(Robb PITTS) 미국 애틀랜타 풀턴카운티 정부 이사회 의장, △ 샘 박(Samuel PARK) 미국 조지아주 하원의원, △ 카요데 아키올루(Kayode AKIOLU) 나이지리아 연방의회 하원의원, △ 산드라 타데우(Sandra TADEU) 브라질 상파울루 시의회 시의원, △ 나탈리 아리아스(Nathalie ARIAS) 에콰도르 국회의장단 제2서기 등 총 8명입니다. 공통 일정으로 국회와 서울시 의회 등을 방문해 중앙정부와 지자체의 의정활동 시스템을 파악하고, 국립외교원과 동아시아연구원 전문가 특강을 들었으며, 관심 분야별로 국민체육진흥공단, 국가인권위원회 등 유관기관을 방문하거나 해외 현지에서 활발히 사업을 수행 중인 국내 기업 관계자들을 만나는 등, 각 분야에서 상호 협력 증대 방안에 대해 논의하였습니다."
2023-05-26,엘살바도르 국회의장 한국 방문,"KF(Korea Foundation, 한국국제교류재단, 이사장 김기환)는 5월 5일(금)부터 9일(화)까지 에르네스토 알프레도 카스트로 알다나(Ernesto Alfredo Castro Aldana) 엘살바도르 국회의장과 그 배우자인 이르마 미첼 마르타 니네트 솔 데 카스트로(Irma Michelle Martha Ninette Sol de Castro) 주택부 장관을 한국에 초청했습니다. 한국방문이 처음인 카스트로 의장은 이번 초청을 통해 김진표 국회의장과 박승희 삼성전자 사장, 최태원 대한상공회의소 회장을 만나 한국과 중남미 지역 간 협력 증진 방안에 대해 이야기를 나누었습니다. 경복궁과 청와대, 국립현대미술관을 방문하여 한국의 문화를 체험하고, 삼성이노베이션뮤지엄을 방문하여 한국의 디지털기술 발전 과정과 미래기술을 알아보았습니다."
2023-06-01,교육 분야 해외 5개국 유력인사 6명 한국 방문,"KF(Korea Foundation, 한국국제교류재단, 이사장 김기환)는 5월 7일(일)부터 13일(토)까지 미국, 루마니아, 방글라데시, 이라크, 팔레스타인 등 5개국의 교육 전문가 6명을 한국에 초청했습니다.이번에 한국을 방문하는 교육계 인사는 △ 마릴렌 가브리엘 피르테아 (Marilen Gabriel PIRTEA) 루마니아 서티미쇼아라대 총장, △ 마르코스 코우날라키스 (Markos KOUNALAKIS) 미국 스탠포드대 후버연구소 방문연구원, △ 커크 라슨 (Kirk LARSEN) 미국 브리검영대 역사학과 부교수, △ 무하마드 악타루짜만 (Md. AKHTARUZZAMAN) 방글라데시 다카대 부총장, △ 무와팍 알 주보리 (Muwafaq AL-JUBOURI) 이라크 바그다드대 독어독문학과 교수, △ 베샤라 두마니 (Beshara DOUMANI) 팔레스타인 브르제이트대 총장 등 총 5개국의 6명입니다.이들은 한국에 있는 동안 공통 일정으로 국립외교원을 방문해 한반도 정세 및 인도·태평양 전략 등 한국 외교정책에 대한 전반적 브리핑을 듣고, 한국대학교육협의회 회장 및 한국외대 총장과 면담을 통해 한국 대학 교육 제도에 대한 설명을 들었습니다. 그리고 국립국제교육원과 한국학중앙연구원을 방문하여 정부 초청 장학생 사업(GKS)과 한국학 진흥 사업 등 다양한 교육 분야 국제교류 사업에 대해 이야기 나누었습니다.각 인사들은 개별 일정으로 외교부, 국방부, 교육부 등 정부 부처들과 서울대 등 국내 유수 대학을 방문해 자신의 소속 대학과 한국 기관 간 교육 분야에서의 상호 협력 증대 방안에 대해 논의했습니다."
2023-06-01,디지털 체험관 ‘KF XR 갤러리’ 개관 기념 창백한 푸른 점展 개최,"KF(Korea Foundation, 한국국제교류재단, 이사장 김기환)는 5월 15일(월) 서울 중구 수하동 소재 디지털 공공외교 체험관인 KF XR 갤러리를 공식 개관하고, 개관 기념으로 창백한 푸른 점展을 15일(월)부터 10월 27일(금)까지 개최합니다. KF XR 갤러리는 디지털 신기술 기반의 실감형 콘텐츠를 통해 우리 국민들이 세계와 보다 활발하게 소통하고 교류할 수 있도록 만들어진 상설 전시 공간입니다. * 확장 현실(eXtended Reality)이라는 의미를 가진 XR은 사용자에게 새로운 차원의 경험과 몰입감을 제공하는 초 실감형 기술을 일컫는 용어로 증강 현실(AR; Augmented Reality), 가상 현실(VR; Virtual Reality) 혼합 현실(MR; Mixed reality)을 아우른다. XR 기술은 인간의 오감을 자극하며 정보를 제공해 디지털 콘텐츠 안에서 실제와 유사한 체험을 가능하게 하는데, 이를 통해 사용자는 물리적 제약을 뛰어넘는 체험과 공감을 하게 된다. 개관 기념으로 개최되는 창백한 푸른 점展은 인류 보편 가치인 환경을 실감형 콘텐츠로 구현한 전시로, 전시 제목인 창백한 푸른 점은 미국 천문학자 칼 세이건(Carl Sagan, 1934-1996)이 보이저1호가 명왕성 궤도에서 찍어 보낸 지구 사진을 보고 영감을 받아 저술한 책 제목을 차용하였습니다. 칼 세이건이 이 책을 통해 지구 환경에 대한 성찰을 불러일으켰던 것처럼, KF XR갤러리의 개관 전시도 보이지 않는 세계와 먼 미래를 우리의 반경으로 끌어오고자 시도하는 기획을 통해 우리가 살고 있는 지구에 대한 공동의 책임을 다시 한 번 상기시키고자 합니다. 강지영, 김인규, 김정태, 문경원전준호, 아워레이보, 진기종, 차동훈 등 국내 유수의 미디어아트 작가들이 참여하여 기후 위기, 탄소 배출, 멸종위기종 등 현재 중요하게 다루어지는 환경 문제를 비롯하여, 과거와 미래, 첨단 과학과 탐험에 이르기까지 다양한 담론을 VR, AR, 인터랙티브 아트 등의 실감형 콘텐츠들로 제작해 선보입니다."
2023-06-02,2023 중앙아시아 봄맞이 축제,"KF(Korea Foundation, 한국국제교류재단, 이사장 김기환)는 5월 13일(토)부터 14일(일)까지 양일간 패션쇼와 공연, 북콘서트, 문화체험 프로그램을 아우르는 복합문화행사 2023 중앙아시아 봄맞이 축제 - Picnic with Central Asia를 서울 청계광장에서 개최했습니다.올해로 5회차를 맞는 중앙아시아 봄맞이 축제는 ‘Picnic with Central Asia - PLAYGROUND (중앙아시아와 함께하는 봄소풍)’을 테마로 국내에서 접하기 어려운 중앙아시아 5개국(카자흐스탄, 키르기스스탄, 타지키스탄, 투르크메니스탄, 우즈베키스탄)의 문화와 예술을 다양한 프로그램으로 소개했습니다.13일(토) 오후 3시부터 개최되는 ‘중앙아시아 5개국 패션쇼’에서는 중앙아시아 5개국의 전통과 현대 의상을 해당 국가 디자이너와 모델이 거리 패션쇼를 통해 직접 선보였습니다.공연은 중앙아 5개국의 국가별 노래, 전통춤, 악기연주 등으로 구성되었습니다. 축제기간 중 운영된 체험존과 푸드존에서는 중앙아시아의 다양한 놀이문화와 먹거리 체험 기회를 제공하고, 현장 레크리에이션과 럭키드로우 프로그램도 함께 진행되었습니다.축제 다음날인 15일(월)에는 KF 한-중앙아협력포럼사무국, 유네스코아태무형유산센터, 한국외대 중앙아시아연구소가 공동주최하는 국제학술포럼이 ‘전통 새해맞이 축제 문화 공유성과 현대적 의미’을 주제로 한국외대 서울캠퍼스에서 개최되었습니다. 중앙아 5개국과 한국의 민속학자들이 참여하여, 각국 새해맞이 축제의 공통점과 차이, 그리고 새해 축제를 통한 국제적 교류와 협력 확산 방안을 논의했습니다."
2023-06-02,"이도훈 제2차관, KF 제주 본부 방문","이도훈 외교부 제2차관은 6월 1일(목) KF 본부를 방문하여 업무보고 및 본부 시찰을 진행하였습니다. 김기환 KF이사장은 차관 방문을 환영하며, 글로벌 중추국가로서의 공공외교의 중요성이 매우 커지는 상황에서 재단은 정부의 외교정책과 연계한 공고외교를 적극 추진해나갈 것이라고 하였습니다. 특히 미국의 주요 정책연구소, 한국연구 프로그램 등에 대한 지원 확대를 통한 대미공공외교 강화, 미래세대 교류 확대를 통한 대일공공외교 확대, 민간기업과 연계한 공공외교 추진, 해외유력인사초청사업 등을 통한 2030 부산세계박람회 유치 지원 등을 지속해 나갈 예정라고 밝혔습니다. KF는 대한민국의 유일한 공공외교 추진기관으로서 외교부와 협력하여 공공외교가 시너지를 낼 수 있도록 적극 노력해나갈 예정입니다."
2023-06-12,2023 KF 국제교류 실무자 워크숍 개최,"KF(Korea Foundation, 한국국제교류재단, 이사장 김기환)는 5월 18일(목)부터 19일(금)까지 서울 을지로에 위치한 KF 글로벌센터에서 2023 KF 국제교류 실무자 워크숍을 개최하였습니다. 공공외교 추진기관인 KF는 지방자치단체의 공공외교 활성화를 지원하기 위해 이번 워크숍을 마련했습니다. 올해는 전국 지방자치단체는 물론 지자체 산하 국제교류기관 및 문화재단 등 총 14개 기관에서 국제교류 실무자 22명이 참석했습니다. 이번 워크숍에서는 김태환 국립외교원 교수가 ‘공공외교의 기본 이해 및 현안, 지자체 공공외교의 중요성’, 장혜영 중앙대 정치국제학과 교수가 ‘국가 및 지자체 공공외교 우수사례’, 그리고 우경하 아시아태평양도시관광진흥기구(Tourism Promotion Organization for Asia Pacific Cities; TPO) 사무총장이 ‘국제 행사 개최 및 국제 의전’을 주제로 강의를 진행했습니다. 또한 문화 공공외교 프로그램의 일환으로 KF갤러리 및 KF XR 갤러리 전시 관람, 최근 90년 만에 복원된 율곡로 궁궐담장길 워킹 투어 등 다양한 문화 체험도 포함되었습니다."
2023-06-13,2023 KF국민공공외교 프로젝트 발대식 개최,"KF(Korea Foundation, 한국국제교류재단, 이사장 김기환)는 5월 20일(토) 서울 KF글로벌센터에서 2023 KF국민공공외교 프로젝트 발대식을 개최했습니다. kf국민공공외교 프로젝트 는 우리 국민의 공공외교 역량을 강화하고 우리나라의 공공외교 저변을 확대하기 위해 시행하고 있는 사업입니다. 올해 공모를 통해 선발된 국민공공외교 프로젝트 10개 팀은 몽골을 비롯한 아시아부터 케냐 등 아프리카에 이르기까지 다양한 국가를 대상으로 △ 택견, △ AR 카드 게임 제작, △ 어반스케치, △ 멀티 포엠 등 다양한 주제를 공공외교로 담아 낼 예정입니다. 이번 발대식은 KF 이종국 교류이사의 환영사를 시작으로 임명장 수여, 대표자 선서, 기념촬영 그리고 오리엔테이션으로 이어졌습니다. 오리엔테이션에는 중앙대학교 장혜영 교수가 진행하는 공공외교 기본교육, 한일국적자들이 전하는 2022년의 생생한 국민공공외교 프로젝트 참여 후기가 진행되었습니다."
2023-06-16,2023 한-영 기후변화 크리에이티브 프로젝트 공모,"한국국제교류재단(Korea Foundation, KF)과 영국문화원(British Council)은 기후변화에 대한 인식 제고 및 대응을 촉발하는 혁신적인 예술, 과학, 디지털 기술을 융합한 크리에이티브 프로젝트를 공모합니다. 신청마감: 7.21(금) 18:00까지 (한국표준시간 기준) 결과 발표: 2023년 8월 중 공지사항 바로가기"
2023-06-16,인도네시아 차세대 언론인 13명 한국 방문,"KF(Korea Foundation, 한국국제교류재단, 이사장 김기환)는 5월 29일(월)부터 6월 3일(토)까지 인도네시아 차세대 언론인 13명을 한국에 초청했습니다.KF 자카르타사무소와 인도네시아의 유력 정책 연구소인 인도네시아 외교정책 커뮤니티(Foreign Policy of Indonesia; FPCI)가 공동으로 추진하는 이 사업은 2022년에 현지 주요 언론사 소속 언론인 15명을 선발하여 외교안보, 경제협력, 순환경제, 대중문화 등 한국 관련 주요 이슈별 현지 워크숍을 총 6회 시행한 바 있습니다. 해당 워크숍의 후속 활동으로 올해는 참가자들 중 13명이 직접 한국을 방문하게 되었습니다.인도네시아 현지 주요 언론사에 소속되어 정치, 법, 금융, 경제 등 다양한 분야의 뉴스를 다루고 있는 차세대 기자들로 구성된 참가자들과 함께, 디노 파티 잘랄(Dino Patti Djalal) FPCI 의장(前인도네시아 외교차관, 前주미인도네시아대사)도 방한단장으로서 함께 한국을 찾았습니다.한국에 머무는 동안 이들은 외교부를 방문하여 한국의 외교정책과 한-인도네시아 관계 및 현안에 대한 브리핑을 듣고, 국회를 예방하여 국민의힘 김기현 한국-인도네시아 의원친선협회장과도 면담하였습니다. 또한 국내 주요 언론사 중 하나인 연합뉴스를 방문하고 국내 기자들과 만나 한국의 언론·미디어 환경 및 주요 현안을 공유하였으며, 부산 아세안문화원, 한-아세안 ICT 융합빌리지 등을 방문하고 2030 부산세계박람회 유치 현장도 견학하였습니다. 또한 한화오션옥포조선소, 한국항공우주산업(KAI) 등 인도네시아와 긴밀히 협력하고 있는 국내 유관기관도 방문하였습니다."
2023-06-21,2023 지방자치단체 對중앙아 교류 실무자 워크숍 ,"KF(Korea Foundation, 한국국제교류재단, 이사장 김기환) 한-중앙아협력포럼사무국이 주최하고 한국외국어대학교 중앙아시아연구소(소장 손영훈)가 주관하는 2023 지방자치단체 對중앙아 교류 실무자 워크숍 이 6월 1일(목)부터 2일(금)까지 이틀간 대구 수성호텔에서 개최되었습니다. 올해 워크숍은 구미시를 비롯해, 강원도, 경주시, 대구시, 전라남도, 부산국제교류재단, 부산경제진흥원 등 사례발표자 포함 11개 지자체 및 지자체 산하 교류재단 등에서 서 중앙아 지역과의 교류를 실질적으로 담당하는 실무자들이 참가했습니다. 참가자들은 △ 중앙아시아 국가별 현황(정치, 경제, 문화 등) 및 정책의 변화, △ 지자체 별 수요조사 결과(경제, 의료관광, 인적 교류 등) 반영 컨설팅, △ 지자체 별 한-중앙아 협력 사업 현황 및 우수사례 공유, △ 지자체 실무자와 한-중앙아협력포럼사무국 레지던트 펠로 등 중앙아 인사들과의 교류, △ 한-중앙아 국민 상호 인식도 조사 결과 등을 공유하였습니다. 아울러 한-중앙아협력포럼사무국에 파견된 카자흐스탄, 키르기즈스탄, 타지키스탄 출신 외교관들이 자국의 지자체 협력 현황 및 수요를 소개함으로써, 지자체 교류 실무자들과 함께 양측의 협력 가능성을 모색하였습니다."
2023-06-21,"2030 부산세계박람회 유치를 위한 레소토, 솔로몬제도 고위인사 한국 초청","KF(Korea Foundation, 한국국제교류재단, 이사장 김기환)는 6월 6일(화)부터 11일 (일)까지 레소토의 외교부와 교통부 장관들과 솔로몬제도의 주벨기에대사를 한국에 초청했습니다.KF는 2030 부산세계박람회 유치를 지원하기 위한 KF 부산세계박람회 유치 초청사업 을 통해 올해 부산세계박람회 유치 지지 의사 결정에 영향을 미칠 수 있는 해외 각국의 고위급 현직 인사를 방한 초청하고 있습니다. 아프리카 남단의 국가 레소토에서는 레조니 음포조아니(Lejone Npotjoane) 외교부 장관과 네오 마짜토 모티아네(Neo Matjato Moteane) 교통부 장관 등 2개 부처 장관들이 한국을 방문했습니다. 이들은 우리 정부 부처들(외교부, 행정안전부 및 국토교통부)과의 양자 회의, 한국국제협력단 방문, 한국공항공사 방문 및 공항 견학, 삼성이노베이션뮤지엄 등을 방문하였습니다.솔로몬제도에서는 모세 쿠니 모세(Moses Kouni Mose) 주벨기에솔로몬제도대사가 방한하여 외교부 예방 , 한국국제협력단 방문, 부산세계박람회 유치위원회 만찬 등의 일정을 소화했습니다. 한국국제협력단을 방문하여 태평양도서국 공적개발원조(ODA) 현황에 대해 듣고, 부산세계박람회 유치위원회와의 만찬에서는 유치위원회 및 대한상공회의소 관계자와 만났습니다.이들은 공통 일정으로 부산시와 부산세계박람회 유치위원회 방문 및 북항재개발 홍보관 및 항만공사를 시찰을 하며, 한국의 세계박람회 유치를 위한 역량과 국가적 의지를 확인하였습니다."
2023-06-21,5개국 경제 분야 유력인사 한국 방문,"KF(Korea Foundation, 한국국제교류재단, 이사장 김기환)는 6월 11일(일)부터 17일(토)까지 유력인사 초청사업의 일환으로 에콰도르, 마다가스카르, 이라크, 베트남, 말레이시아 등 5개국의 경제 분야 유력인사 5명을 한국에 초청했습니다. 해외 각국과의 상호 교류 확대 및 인적 네트워크 구축을 통해 한국에 대한 이해를 제고하기 위해 마련된 이번 초청 사업으로 한국을 방문한 인사는 △ 훌리오 호세 프라도(Julio Jose PRADO) 에콰도르 생산통상투자수산부 장관, △ 발레리 라몬자벨로(Valery RAMONJAVELO) 마다가스카르 교통기후부 장관, △ 뒤르함 나세르(Dhurgham NASER) 이라크 바스라 주정부 부지사, △ 쯔엉 선 팜(Truong Son PHAM) 베트남 다낭시 선짜군 당위원회 당서기, △ 무하마드 빈 무사(Muhamad Bin MUSA) 말레이시아 주택지방정부부 지역사회복지실 실장 등입니다. 한국에 있는 동안 이들은 한국경영자총협회를 방문하여 한국의 주요 경제 현안에 대해 듣고, 부산항만공사 관계자를 만나 한국의 주요 경제항만 사업과 해외 협력 현황 관련 설명을 들었습니다. 또한 부산에서 2030 부산세계박람회 개최 예정지를 직접 방문해 현장을 견학하고 부산시 관계자를 만나 박람회 유치 노력에 대해 청취했습니다. 각 인사들은 개별 일정을 통해 대한무역투자진흥공사, 인천경제자유구역청, 한국환경공단 등 관심 분야별 유관기관을 방문하고, 자국 현지에서 활발히 사업 수행 중인 국내 기업 관계자들과 만나 상호 협력 증대 방안을 논의하였습니다."
2023-06-22,중앙아 스마트 물관리 전문가 초청연수,"KF(Korea Foundation, 한국국제교류재단, 이사장 김기환) 한-중앙아협력포럼사무국은 6월 11일(일)부터 17일(토)까지 중앙아시아 수자원 분야 전문가 10명을 한국에 초청하여 스마트 물관리 연수를 시행했습니다.올해는 잘로바예프 압드이바이(Dzhailoobaev Adbybai) 키르기스스탄 농업부 수자원청 부청장, 홀리코프 무슬릭히딘(Kholikov Muslikhiddin) 타지키스탄 에너지자원부 수자원국장, 세르게이 스베틀랴코프(Sergey Svetlyakov) 투르크메니스탄 수자원관리 국가위원회 국장 등 중앙아시아 수자원 분야 주요 정부부처 및 공공기관 소속 인사 10명이 한국을 찾았습니다.참가자들은 ICT 기술을 이용한 스마트 상수도 구축, 농업용수 개발 및 관리, 기후 위기 시대의 물관리 및 수자원 국제협력 등에 관한 강의를 들었습니다. 그리고 대전 K-Water, 청주 상수도사업본부, 농어촌공사 당진지사, 하남유니온파크, 자인테크놀로지 등을 방문하여 한국 물 관리 기술을 배우고 산업현장을 견학하였습니다. 또한 국내 전문가가 함께 참석하는 세미나를 통해 중앙아 역내 지속 가능한 물 관리를 위한 도전 과제를 논의하였습니다."
2023-06-23,KF-KAIST 업무협정 체결,"KF와 KAIST가 6월 9일(금) 기관 간 업무협정(MOU)를 체결하였습니다. 양 기관은 앞으로 과학예술 융복합 분야를 포함한 디지털 공공외교 활성화에 나설 계획입니다.공동 협력의 첫 사례로, 6월 9일 업무협정 체결식 직후 개최된 KF XR 갤러리 개관식에 맞추어, 개관전시 “창백한 푸른 점”에 KAIST 문화기술대학원 교수 이진준 작가의 미디어아트 “모아나이아”를 함께 선보이게 되었습니다. 이를 시작으로, KF와 KAIST 는 기관의 특성과 역량을 활용한 디지털 실감형 콘텐츠의 공동 제작, 연구 기획, 기제작 콘텐츠의 발굴 및 활용 등을 통해 문화예술과 첨단 기술의 융합을 통한 새로운 공공외교의 방향을 모색하는 협력을 활성화할 예정입니다."
2023-06-23,제6차 한-싱가포르포럼 개최,"KF(Korea Foundation, 한국국제교류재단, 이사장 김기환)은 6월 13일(화) 싱가포르 난양공대 라자라트남 국제대학원(S. Rajaratnam School of International Studies, Nanyang Technological University; RSIS)과 공동으로 제 6차 한-싱가포르포럼을 서울 앰버서더 풀만 호텔에서 개최했습니다. 이번 포럼은 인도-태평양 지역에서의 평화, 번영, 파트너십을 위한 한-싱가포르 협력(Strengthening ROK-Singapore Cooperation for Peace, Prosperity and Partnership in the Indo-Pacific Region)이라는 주제로 개최되었습니다. 총 3개 세션에 걸쳐 지역 안보, 경제 협력, 디지털 경제 및 기후 변화 대응 등 다양한 이슈에 대해 한국과 싱가포르의 전문가들이 양국 협력의 비전을 모색하였습니다. 올해 포럼에는 한-싱가포르 의원친선협회장인 김교흥 더불어민주당 국회의원과 싱가포르 동북아지역연맹 부회장인 멜빈 용(Melvin YONG) 의원, 최영삼 외교부 차관보와 싱가포르 외교부 응텍힌(NG Teck Hean) 아시아 태평양 담당 차관보, 에릭 테오(Eric TEO) 주한싱가포르대사, 서정하 前주싱가포르대사 등이 참석했습니다. 또한윤진표 성신여대 명예교수, 마상윤 가톨릭대 교수(2024 한국국제정치학회장), 김현욱 국립외교원 교수, 이재현 아산정책연구원 선임연구원, 유니스 황(Eunice HUANG) 구글 아시아-태평양 무역경쟁력 및 AI 정책 부문장, 탄웨이예(TAN Wei Ye) 싱가포르 엔터프라이즈 한국 지역장 등 폭넓은 분야의 유력 전문가들이 대거 참여하여, 다채로운 관점을 바탕으로 한 논의가 진행되었습니다."
2023-06-28,2023 KF-아시아소사이어티 미래전략포럼 개최,"KF(Korea Foundation, 한국국제교류재단, 이사장 김기환)와 미국 아시아소사이어티 정책연구소(Asia Society Policy Institute; ASPI)가 공동 주최하는 2023 KF-아시아소사이어티 미래전략포럼이 6월 12일(월) 뉴욕에서 개최되었습니다. KF의 뉴욕 기반 정책공공외교 강화를 위한 사업의 일환으로 기획된 이번 포럼은 김기환 KF 이사장 및 어니 트래셔 아시아소사이어티 이사(CEO, Xcoal Energy Resources)의 환영사와 박진 외교부 장관의 기조연설(녹화영상)로 시작되었습니다. 제 1세션에서는 안보(Koreas Security)를 주제로, 안호영 전 주미한국대사, 한석희 국가안보전략원장 및 앨리슨 후커 아메리칸 글로벌 스트래티지 수석부회장, 수 미 테리 윌슨센터 아시아프로그램 디렉터, 대니얼 러셀 아시아소사이어티 정책연구소 부회장(진행자)이 참석하여 한미동맹 현안 및 주요 외교안보 이슈에 대한 심도 있는 논의를 진행했습니다. 제 2세션은 기술무역(Koreas Tech and Trade)을 주제로 이재민 서울대 법학전문대학원 교수, 손지원 한국과학기술연구원 기술정책연구소장, 손상수 SK하이닉스 부사장, 이정민 카네기국제평화재단 선임연구위원(진행자) 및 에들린 레빈 아메리카 프론티어 펀드 최고과학책임자(CSO)가 참석하여 한미 간 기술 분야 협력, 한미 경제안보 현안 등에 대해 논의했습니다."
2023-06-29,2024-2026 해외박물관/미술관 한국전시지원 및 한국전문 기금큐레이터직 설치 지원,"한국국제교류재단(KF)은 세계인의 한국문화 이해도를 높이고, 세계 유수 박물관/미술관을 통해 한국 미술에 대한 이해를 제고하기 위해 해외 박물관 및 미술관의 한국전시 개최 및 한국전문 기금큐레이터직 설치를 지원합니다. 한국관련 전시 및 한국미술 큐레이터직 설치를 계획하고 있는 해외박물관 및 미술관의 많은 관심과 지원 바랍니다. 신청접수: 2023.7.1.(토) ~ 2023.8.31.(목) 18:00까지 결과 발표: 2023년 12월 중 공고 및 신청 바로가기"
2023-06-30,2023 북미한국어교육학회(AATK) 연례회의,"KF는 2023 북미한국어교육학회(American Association of Teachers of Korean, AATK) 연례회의 개최를 지원하였습니다. 6월 15일(목)-17일(토)에 펜실베이니아대에서 개최된 이번 연례회의에는 한국어 교육자 약 150명이 참석하여 한국어 교육방법론을 공유하고, 참석자간 상호 네트워킹 기회를 가졌습니다. KF 기획이사는 축사를 통해 학회의 발전과 연례회의 개최를 축하하고 한국어 교육자들과 북미 지역 한국어 교육 발전 방안을 논의하였습니다.또한 KF 기획이사는 펜실베이니아대와 조지워싱턴대를 각각 방문하여 대학의 한국학 현황을 청취하고, KF-대학간 지속적인 협업 방안을 논의하였습니다."
2023-06-30,북미아시아학회(AAS) 한국학자의 밤 리셉션(Korean Studies Reception) 개최,"KF(Korea Foundation, 한국국제교류재단, 이사장 김기환)는 3월 17일(금) 2023 북미아시아학회(Association for Asian Studies, AAS) 연례회의에서 ‘한국학자의 밤(Korean Studies Reception)’을 개최하였습니다. 미국 내 한국학자들의 한국 연구를 독려하고 한국학자 간 네트워킹의 장을 마련하기 위해 개최된 이번 리셉션에는 한국학자 및 차세대 한국전문가 약 300명이 참석하였습니다.또한, 3.16.(목) 이사장은 하버드대를 방문하여 한국학연구소(Korea Institute) 교수진과 오찬을 갖고, 3.17.(금) 보스턴대를 방문하여 Robert A. Brown 총장을 비롯하여 한국학 교수진들과 한국학 발전 및 대학과의 협력 방안을 논의하였습니다."
2023-07-06,2023 KOREANA 여름호 발간,"코리아나 2023년 여름호: 한국의 궁궐 고층 빌딩이 즐비한 도심 한복판에서 궁궐은 서울이라는 도시의 고유한 정체성을 형성하며 독특한 정취를 자아냅니다. 오늘날 궁궐은 역사 교육의 현장이기도 하지만 일상을 환기하는 휴식과 유희, 특별한 체험을 선사하는 공간으로 기능합니다. 한국 문화예술 종합 계간지 『코리아나』 여름호에서는 조경, 궁중 다과, 대중문화 등 몇 가지 키워드를 통해 현대인들이 궁궐을 향유하는 방식에 대해 이야기합니다. 이 외에 ‘사진 조각’이라는 독자적 작업 세계를 펼쳐 보이는 아티스트 권오상, 국내 최초의 서핑 전용 해변을 품고 있는 역동적인 도시 양양, 가장 한국적인 맛을 지녔으면서도 외국인들도 선호하는 순두부찌개의 매력 등 다채로운 이야기가 독자들을 찾아갑니다. 특별히 이번 여름호부터는 기후변화와 지속가능성 등에 대해 이야기 하는 신규 칼럼을 새로이 소개합니다. 다회용기를 대여하고 직접 수거해 가는 트레쉬버스터즈가 그 스타트를 끊습니다. 신간 코리아나는 웹진(www.koreana.or.kr)에서도 만나실 수 있습니다."
2023-07-06,한국 - 캐나다 수교 60주년 기념 모두의 어떤 차이展 개최,"KF(Korea Foundation, 한국국제교류재단, 이사장 김기환)와 주한캐나다대사관(대사 타마라 모휘니(H.E. Tamara Mawhinney))은 6월 19일(월)부터 8월 12일(토)까지 서울 중구 수하동 소재 KF갤러리에서 한국캐나다 수교 60주년을 기념하는 전시 모두의 어떤 차이를 공동 개최합니다. 모두의 어떤 차이展은 캐나다에서 가장 오랜 역사와 최대 규모를 자랑하는 장애인 예술 단체인 국립장애인문화예술센터(National accessArts Centre (캘거리 소재)) 협력, 알버타주정부 한국사무소 후원으로 기획되었습니다. 한국의 故이원형, 픽셀 김을 비롯하여 캐나다 알버타주 출신 장애인 예술가 20인(팀)의 참여로 양국 장애인 예술가 작품 70여 점을 선보이는 이번 전시에서는 세상을 바라보는 그들의 고유한 시각과 독자적 작업 세계를 엿볼 수 있습니다. 천재적인 조각가로 명성이 높은 한국계 캐나다 조각가 故이원형 작가는 이번 전시에 그의 대표작 중의 하나인 청동을 매체로 한 조각품을 선보입니다. 그리고 자칭 픽셀 김이라 하는 김현우 작가는 이번 전시를 위해 캐나다 내 전시, 레지던시 프로그램에 참여하며 받은 영감으로 작업한 작품 「오로라 수학드로잉」 시리즈를 KF갤러리에서 최초 공개합니다. 아울러 캐나다 국립장애인문화예술센터(NaAC) 소속 작가로 활동하는 미셸 베니(Michelle Bennie), 브라이언 이니스(Brian Ehnis), 캐롤 해리스(Carol Harris), 엘리슨 셰러(Alison Cherer), 앰버 해리먼(Amber Harriman), 앤드류 하딩(Andrew Harding), 칼라 솔터(Carla Salter), 새들의 컨퍼런스(Conference of the Birds) 앙상블(팀/4인), 창작곡 「일곱 개의 미니어처 (Seven Miniatures)」 참여 작곡가(팀/7인) 등은 드로잉, 회화, 영상, 음악 등 다양한 장르의 작품을 선보입니다."
2023-07-07,2023 KF 한베청년교류사업,"KF(Korea Foundation, 한국국제교류재단, 이사장 김기환)는 6월 11일(일)부터 20일(화)까지 베트남 청년 공무원 30명을 한국에 초청했습니다.이번 초청으로 한국을 방문하는 베트남 대표단은 베트남의 각 지방성에서 근무하는 청년 공무원 30명으로 구성되었습니다. 이들은 농림축산식품부와 농촌진흥청 등 한국의 농업 관련 정부 기관을 방문하여 한국의 농촌 정책과 디지털 농업 활성화 방안에 대해 알아보고, 특히 김제 스마트팜 혁신밸리와 한국농수산물유통공사(aT) 화훼 공판장 등을 방문하는 프로그램을 통해 생생한 농업 현장을 체험하였습니다. 또한 서울시를 방문하여 청년 대상 정책 현황에 대해 듣고, 글로벌지식협력단지와 현대자동차 울산 공장 견학을 통해 한국의 경제발전 과정을 알아보고 주요 산업시설을 시찰하였습니다."
2023-07-07,한국국제교류재단-한국농수산식품유통공사 업무협약 체결,"KF(Korea Foundation, 한국국제교류재단, 이사장 김기환)와 한국농수산식품유통공사(Korea Agro-Fisheries Food Trade Corporation, aT, 사장 김춘진)가 6월 20일(화) 양재 aT 센터에서 기관 간 업무협약(MOU)을 체결했습니다. 공공외교 전문기관인 KF와 농수산식품산업 진흥 전문기관인 aT의 이번 업무협정은 농수산식품 분야 공공외교 강화 및 글로벌 탄소중립 실천 문화 확산을 위해 체결되었습니다. 협약식에는 KF 김기환 이사장과 aT 김춘진 사장 등 10여 명이 참석하였습니다. 양 기관은 이번 협약을 통해 △ 농수산식품 분야 공공외교 콘텐츠 발굴 및 학술문화인적 교류 강화, △ K-Food의 글로벌 브랜드 가치 제고 및 농식품 수출 확대에 관한 상호 협력, △ 글로벌 탄소중립 실천 문화 확산을 통한 ESG 경영 실천 등에 협력해 나갈 예정입니다."
2023-07-07,해외 8개국 언론계 유력인사 한국 방문,"KF(Korea Foundation, 한국국제교류재단, 이사장 김기환)는 5월 21일(일)부터 27일(토)까지 덴마크, 바레인, 베트남, 인도네시아, 자메이카, 체코, 케냐, 크로아티아 등 8개국의 언론계 유력인사 8명을 한국에 초청했습니다. 방문하는 인사들은 △ 플레밍 잇젠(Flemming YTZEN) 덴마크 크리스트텔리그트 다그블라드 칼럼니스트, △ 두아 아와드 하심(Dua Awadh HASHEM) 바레인 국영방송 수석대행, △ 응옥 또안 응웬(Ngoc Toan NGUYEN) 베트남 탄니엔 총편집장, △ 아셉 스티아완(Asep SETIAWAN) 인도네시아 국가언론위원회 위원, △ 호레이스 하인스(Horace HINES) 자메이카 옵저버 기자, △ 베셀린 바츠코프(Veselin VACKOV) 체코 리도베 노비니 편집장, △ 캐서린 무왕기(Catherine Wangechi MWANGI) KTN(케냐 텔레비전 네트워크) 편성제작본부장, △ 리즈마울 레온(Rizmaul LEON) 크로아티아 국영방송사 연출 등 총 8개국의 8명입니다. 이들은 외교부 대변인실을 방문하여 한국의 주요 외교정책에 대한 이해를 제고하고, 한국언론진흥재단과 출판도시문화재단 관계자를 만나 한국의 미디어 진흥 사업 및 출판 산업에 대한 설명을 들었습니다. 연합뉴스와 부산일보 등 국내 주요 언론사도 방문하여 미디어 관련 협력 방안을 모색하였습니다. 또한 부산에서 2030 부산세계박람회 개최 예정지를 직접 방문해 현장을 견학하고, 부산시 관계자를 만나 박람회 유치 노력에 대해 청취하는 등 취재 활동을 펼쳤습니다."
2023-07-12,"모두의 어떤 차이 (Intense Difference of Its Own) 전시, ICC JEJU 개막","제19회 세계농아인대회 개최 계기로 7월 11일 제주국제컨벤션센터(ICC JEJU)에서 모두의 어떤 차이 전시가 개막했습니다. 이번 전시는 KF와 ICC JEJU, 캐나다 국립장애인문화예술센터(NaAC), 한국농아인협회가 공동으로 주최하고, 주한캐나다대사관과의 협력으로 추진되었습니다. 한국계 캐나다 故이원형의 조각작품, 픽셀 김(김현우)의 수학드로잉 시리즈, 캐나다의 브라이언 이니스, 미셸 베니의 회화작품, NaAC 소속 아티스트팀 새들의 컨퍼런스 앙상블의 영상 작품 등 약 50점을 선보입니다. 지금 서울의 KF갤러리와 제주도 서귀포시에 위치한 제주국제컨벤션센터를 방문하시면 '장애'라는 차이를 예술로 승화시킨 아티스트들의 다양한 작품을 감상하실 수 있습니다. KF갤러리 전시는 8월 12일까지, 제주 전시는 7월 23일까지 무료로 관람하실 수 있습니다."
2023-07-17,2023 KF 글로벌 e-스쿨 워크숍 개최,"KF(Korea Foundation, 한국국제교류재단, 이사장 김기환)가 7월 11일(화) 서울 웨스틴조선호텔에서 2023 KF 글로벌 e-스쿨 워크숍 을 개최했습니다.이번 워크숍에는 경희대, 고려대, 부산외대, 사이버한국외대, 서울대, 미국 미시간대, 독일 튀빙겐대 등 16개 국내외 e-스쿨 대학 관계자 50여명이 참석해 국내외 온라인디지털 교육 동향을 파악하고 사업 성과를 점검하며 협력 네트워크를 강화했습니다.김기환 KF 이사장은 “이번 워크숍이 ChatGPT 등 기술 발전이 불러올 환경 변화에 대응해 해외 한국학 교육이 나아가야 할 방향을 모색하는 미래지향적 토론의 장이 되기를 희망한다”고 기대를 전했습니다. 한국학 온라인 강좌의 대표 플랫폼으로 자리매김한 KF 글로벌 e-스쿨 사업은 2011년에 시작 되어 올해로 13년차를 맞았습니다."
2023-07-17,2023 아세안 마켓 개최,"2023년 6월 3일부터 4일까지 양일 간 KF아세안문화원에서 아세안 10개국의 문화를 소개하고 현지 공예품과 음식 등을 판매하는 2023 아세안 마켓이 개최되었으며, 총 36,927명이방문해 마켓과 문화원에서 즐거운 시간을 보냈습니다. 올해 마켓은 인도네시아 특별관, 푸드존, 마켓존, 문화체험존, 주한 아세안 대사관 부스 등으로 다채롭게 구성되었습니다. 특히,한-인도네시아 수교 50주년을 기념하여 인도네시아의 '농끄롱(Nongkrong) 문화'를 주제로 인도네시아 특별관이 운영되었습니다. 푸드존에서는 아세안 현지 출신 셰프가 요리하는 전통음식 등총 10개 부스가 참여했으며, 마켓존에서는 아세안 국가와 공정무역을 진행하는 공예품 브랜드 10개 부스와 아세안 편의점, 주한 아세안 대사관 8개국의 초청부스가 참여했습니다. 마지막으로 문화체험존에서는 협력전시 연계 가면 만들기 클래스, 쿠킹 클래스, 향채 화분 만들기 클래스, 바틱 짠팅 클래스 등 다양한 프로그램들이 운영되었습니다."
2023-07-17,2023 한-아세안 유관기관 공공외교 워크숍 개최,"KF아세안문화원은 지난 4월 27일(목) 파크하얏트 부산호텔에서 2023 한-아세안 유관기관 공공외교 워크숍을 개최했습니다.이번 워크숍에서 아세안 회원국 9개국이 모인자리에서 한-아세안 상호 문화 교류 및 협력 네트워크 강화를 위한 방안을 모색하는 시간을 함께 했습니다.이번 행사에는 이인혁 KF아세안문화원장, 서정인 前 주아세안대한민국대표부 대사,김지성 유네스코아태무형유산센터 사무총장, 김동엽 부산외대 아세안연구원장, 최경희 서울대 아시아연구소 교수, 다툭 림 주에 진(Datuk Lim Juay Jin) 주한말레이시아 대사, 피티 스리상남(PitiSrisangnam) 아세안재단 이사장, 팅 웨이 진 케니(Ting Wey Jin Kennie) 싱가포르 아시아문명박물관장, 이라와티 코쇼모라스리(Irawati Koesoemorasri) 솔로국제공연예술제조직위원회 위원장을 비롯하여 주한아세안대사관 및 한-아세안 유관기관 주요 인사가 참석하였습니다.또한, 워크숍 이후에는 부산시청 1층에 위치한 ""2030부산세계박람회 유치 홍보영상관""을방문하여, 2030세계박람회 개최지로서의 부산의 역량을 확인하고 공감대를 형성하였습니다.KF아세안문화원은 앞으로도 한-아세안 간의 쌍방향 문화교류를 위해 더욱 더노력하겠습니다."
2023-07-17,6.17.(토) 아세안사무국 신임 사무총장 KF아세안문화원 방문,"지난 6월 17일, 까으 끔 후은 아세안사무국 신임 사무총장이 KF아세안문화원을 방문했습니다. 올해 1월 5년의 임기를 시작한 까으 사무총장은 우리 외교부 초청으로 지난 6월 16일부터3일 간 한국을 방문했으며, 이는 사무총장 취임 후 첫 방한 일정이라고 합니다. 또한 이번 까으 사무총장의 문화원 방문은 아세안사무국 사무총장으로서도 첫 문화원 방문입니다. 문화원의 다양한활동들을 소개받고, 전시실도 둘러본 까으 사무총장은 KF아세안문화원은 약 6억 7천만명의 아세안 인구를 대표하는 중대한 역할을 도맡고 있으며, 앞으로도 문화원에서의 쌍방향 문화, 인적교류를 통해 한국과 아세안상호 간의 협력관계가 더욱 공고해지길 희망한다는 응원의 메시지도 남겨 훈훈한 후기도 더했습니다. 아울러, 까으 사무총장과 함께 문화원을 찾아주신 이장근 주아세안대표부대사 또한 부산 뿐만아니라 전국적으로 한-아세안 공공외교 플랫폼으로서의 역할 수행에 대한 노력을 높이 평가하며 앞으로도 더 성장해나갈 것을 당부한다는 격려와 응원을 남겼습니다. KF아세안문화원은 앞으로도한-아세안 간 이해 불균형을 해소하기 위해 더욱 더 노력하겠습니다."
2023-07-17,아세안 디지털문화체험존 및 또 다른 얼굴들 전시 개막식 개최,"지난 4월 26일, KF아세안문화원에서 아세안 디지털문화체험존 그리고 유네스코아태무형유산센터와 공동으로 주최한 또 다른 얼굴들 전시의 개막 축하 행사가개최되었습니다. 이번 개막식에는 이종국 교류이사, 간디 술리스티얀토(Gandi Sulistiyanto) 주한인도네시아대사, 다툭 림 줴이 진(Datuk Lim Juay Jin)주한말레이시아대사, 서정인 前 주아세안대한민국대표부 대사, 신재현 부산국제관계대사, 김지성 유네스코아태무형유산센터 사무총장, 이강현 국립아시아문화전당장, 황기식 부산국제교류재단 사무총장 등 160여 명의 국내외주요 인사들이 참석하고, 하윤수 부산시교육청 교육감의 축사 영상까지 함께 자리를 빛냈습니다. 또 다른 얼굴들 전시는 오는 7월 23일까지, 아세안디지털문화체험존은 연중 내내 운영됩니다. 부산에 위치한 KF아세안문화원에 방문하시어 다채로운 아세안의 가면들을 만나보시고, 흥미로운 인터랙티브 실감경험을 즐겨보시기바랍니다. 또 다른 얼굴들 한국과 아세안의 가면 전시를 위해 협조해준 베트남 문화유산연구진흥센터(CCH, Center for Research and Promotion of Cultural Heritage)의 관계자의 현지 언론사와 인터뷰 모습 개막식 축하 테이프 커팅식 (좌측부터 이라와티 코쇼모라스리 솔로국제공연예술제 조직위원회 위원장, 서정인 前 주아세안대한민국대표부 대사, 피티 스리상남 아세안재단 이사장, 다툭 림 줴이 진 주한말레이시아대사, 간디 술리스티얀토 주한인도네시아대사, 이종국 KF 교류이사, 김지성 유네스코아태무형유산센터 사무총장, 신재현 부산국제관계대사, 옥사나 두드니크 주부산러시아총영사, 황기식 부산국제교류재단 사무총장, 이강현 국립아시아문화전당장, 말레이시아 관광예술문화부 모드 잠주리 빈 압 가니 주차관보)"
2023-07-17,제3회 아세안 영화주간 - 2030 부산세계박람회 유치 염원,"한국국제교류재단(이사장 김기환) 아세안문화원과 영화의전당은 2019년과 2021년에 개최된 두 차례의 아세안 영화주간에 대한 큰 관심과 호응에 힘입어, 올해 3월 23일부터 4월 8일까지 서울과 부산, 전주에서 제3회 아세안 영화주간 2030 부산세계박람회 유치 염원을 개최했습니다. 제3회 아세안 영화주간은 아세안 9개국 영화 12편을 상영함으로써 아세안 영화의 다양한 매력과 성장동력을 소개했습니다. 작품성을 인정받은 아세안의 다양한 영화들을 통해 국내 관객들이 아세안에 한 걸음 더 가까이 다가갈 수 있는 특별한 기회가 되었습니다. 올해 아세안 영화주간에서는 한국-인도네시아 수교 50주년을 기념해 한국 인기영화 7번방의 선물의 인도네시아 리메이크작인 7번방의 기적을 개막작으로 선정했습니다. 그리고 태국의 인기 OTT 드라마 그녀의 이름은 난노도 상영리스트에 포함하며, 아세안의 영화뿐만 아니라 OTT 드라마도 관객에게 선보였습니다. 특히, 브리얀테 멘도자(Brillante Mendoza), 조코 안와르(Zoko Anwar) 등 아세안 지역의 거장 영화감독과 프로듀서, 배우를 초청해 관객과의 대화(GV, Guest Visit)을 운영함으로써 영화에 대한 관객의 깊은 이해를 도왔습니다."
2023-07-21,KF 글로벌챌린저 아카데미 국내 집합 교육,"KF(Korea Foundation, 한국국제교류재단, 이사장 김기환)는 7월 10일(월)부터 14일(금)까지 한국외국어대학교 글로벌캠퍼스에서 2023 KF 글로벌챌린저 아카데미 참가자들의 국내 집합 교육을 시행했습니다. KF 글로벌챌린저 아카데미 는 국제적 활동의 잠재력이 뛰어나지만 해외 거주 및 유학 경험이 없는 우리 청년들을 대상으로 글로벌 진출 역량을 함양하고 세계시민으로 도약할 기회를 제공하고자 기획된 프로그램입니다. 지난 5월 서류 및 면접 전형을 거쳐 13개 지역 31개 대학교의 참가자 40명이 선발되었습니다. 이들에게는 프로그램 참가비와 해외 어학연수 왕복 항공권의 80%, 여행자 보험료 등이 지원되며, 사회적 배려 대상자 중 기회균등대상자에게는 왕복항공권과 비자발급비도 전액 지원됩니다.2023 KF 글로벌챌린저 아카데미 는 지난 6월 26일부터 온라인 교육을 시작하여, 이후 국내 집합 교육과 해외 어학 연수, 성과발표회 순으로 진행됩니다.이번 7월 10일부터 5일간 진행된 국내 집합교육에서는 어학 연수 파견에 앞서 어학 능력을 강화하는 동시에 해외진출 역량 및 타문화에 대한 이해도 향상을 위한 프로그램이 진행되었습니다. 교육 내용 중에는 국립외교원 김태환 교수의 「강대국 경쟁 시대 한국 공공외교의 역할」, 한국외국어대학교 허용 교수의 「논문 작성법」, 대구대학교 안병억 교수의 「글로벌 핵심 이슈와 주요 아젠다」 그 외 미국 이문화 특강, 재단법인 아름지기 신지혜 디렉터의 「한국 문화의 이해」 강의가 진행되었습니다.참가자들은 8월 19일에 미국으로 출국하며 오는 12월 8일까지 미국 미주리대학교 프로그램을 이수하고, 뉴욕, 로스앤젤레스 필드트립을 통해 견문을 넓히게 됩니다."
2023-07-21,"미국, 뉴질랜드, 인도네시아 문화예술계 유력인사 한국 방문","KF(Korea Foundation, 한국국제교류재단, 이사장 김기환)는 미국, 뉴질랜드, 인도네시아의 문화예술 분야 주요 인사 총 3명을 6월 25일(일)부터 7월 1일(토)까지 6박 7일 일정으로 한국에 초청했습니다. 이번 문화예술 분야 유력인사 그룹 초청사업의 일환으로 한국에 오는 인사는 △ 알렉산더 나이어지스(Alexander Nyerges) 미국 버지니아미술관 관장, △ 데이비드 리브스(David Reeves) 오클랜드전쟁기념박물관 소장품관리연구부 부장, △ 투바구스 숙마나(Tubagus Sukmana) 인도네시아 교육문화연구기술부 영화음악미디어국 국장, 총 3명입니다. 이들은 공통 일정으로 국립현대미술관, 국립중앙박물관, 호암미술관, 리움미술관 등 주요 박물관미술관과 SM엔터테인먼트 사옥을 방문하고, 덕수궁 야간 관람을 즐기며 한국의 전통과 현대의 아름다움을 다채롭게 경험했습니다. 특히 국립현대미술관에서 최근 5월 개막한 한국 실험미술 1960-70년대展과 호암미술관의 한 점 하늘_김환기展을 둘러보며 한국 근현대미술을 심도 있게 이해하는 시간을 가졌습니다."
2023-07-21,호주 예비 언론인들 한국 방문,"KF(Korea Foundation, 한국국제교류재단, 이사장 김기환)는 7월 1일(토)부터 8일(토)까지 7박 8일 간 미래 언론인을 꿈꾸는 호주 주요 대학 미디어 관련 전공 대학생 10명을 한국에 초청했습니다. 올해 참가자들은 KBS, 조선일보, 중앙일보, 연합뉴스, 한국언론진흥재단 등 국내 주요 언론 기관을 방문하고, 연세대학교 호주연구소 전문가 특강에 참석하였습니다. 그 외에도 법무법인 율촌에서 이백순 前주호주한국대사 특강을 통해 한국전쟁과 러시아-우크라이나 전쟁을 비교해 보는 시간을 가졌습니다. 문화 일정으로는 한복 체험을 비롯, 경복궁, N서울타워, 북촌한옥마을 등을 방문하여 한국의 역사, 문화, 산업 등 다양한 분야에 대한 이해의 폭을 넓혔습니다."
2023-08-07,호주 정치 차세대 지도자 6명 한국 방문,"KF(Korea Foundation, 한국국제교류재단, 이사장 김기환)는 7월 15일(토)부터 21일(금)까지 6박 7일 일정으로 호주 차세대 정치인 6명을 한국에 초청했습니다. 한국을 방문하는 인사는 제롬 락살(Jerome Laxale) 노동당 하원의원을 단장으로 하여, 파티마 페이먼(Fatima Payman) 노동당 상원의원(서호주), 다니엘 길리(Daniel Gillie) 자유당 태즈매이니아 부지사 및 주 재무장관 비서실장 등 향후 호주 정치를 이끌어갈 젊은 정치인들 총 6명으로 구성되었습니다. 이들은 주한호주대사관을 방문해 캐서린 레이퍼 주한호주대사와 면담을 통해 한-호 양국 관계 및 외교, 경제 현안에 대해 의견을 나눴습니다. 또한 DMZ를 견학하고 아산정책연구원 등 다양한 기관을 방문해 한국의 외교 정책과 호주와의 교역 현황, 북핵문제 대응책 등 폭넓은 분야에 걸친 논의를 진행했습니다."
2023-08-09,중앙아시아 국가들과의 전통의약 분야 협력 본격화,"KF(Korea Foundation, 한국국제교류재단, 이사장 김기환) 한-중앙아 협력포럼 사무국은 한국한의약진흥원(National Institute for Korean Medicine Development; NIKOM, 원장 정창현)과 공동으로 중앙아시아 전통의약 산업화 연수를 7월 24일(월)부터 28일(금)까지 시행했습니다. 중앙아시아 전통의약 산업화 연수는 중앙아시아의 보건부 정책 당국자 및 유관기관 전문가들을 대상으로 카자흐스탄, 키르기스스탄, 타지키스탄, 투르크메니스탄, 우즈베키스탄 등 5개국에서 각각 2명씩 총 10명을 한국에 초청했습니다. 이들은 한국에 머무는 동안 한국한의약진흥원을 비롯하여 한국한의학연구원, 대구한의대학교등을 방문하고, 대구약령시의 박물관과 한방의료체험타운을 시찰하며 체험했습니다. 또한 한국한의약진흥원이 제공하는 이틀간의 교육 과정이 프로그램에 포함되었습니다. 중앙아시아 전통의약 산업화 연수와 연계하여 시행되는 제1차 한-중앙아 전통의약 포럼에는 한국 측의 고성규 대한한의학회 부회장, 채한 부산대학교 한의학전문대학원 교수 등 주요 유관기관 및 학계 관계자들이 참석하고, 중앙아시아에서는 카자흐스탄의 이마셰프(Murat Imashev) 보건부 국제협력국 부국장, 키르기스스탄의 아카예프(Zamirbek Akaev) 보건부 의료서비스품질의약품정책관, 우즈베키스탄의 미라히모프(Jamshid Mirrakhimov) 국립전통의학과학임상센터장이 참석하는 등 총 40여 명이 참가했습니다."
2023-08-23,2023 KF 공공외교 역량강화대학 네트워킹데이 개최,"KF(Korea Foundation, 한국국제교류재단, 이사장 김기환)는 지난 8월 22일(화) 서울 스페이스에이드에서 2023 KF 공공외교 역량강화대학 네트워킹데이 를 개최하였습니다. 공공외교 역량강화대학 사업은 대학 내 공공외교 교육 확대를 통해 대학(원)생들의 공공외교 이해도 제고 및 전문 인력 양성을 위한 사업으로, 현재 총 15개 대학이 사업에 참여하고 있습니다. 이번 네트워킹데이에는 역량강화대학사업을 담당하는 교수님과 실무진 총 17명이 한자리에 모였으며, 대학간 사업 내용을 공유하며 협업방안을 모색하고, 사업의 발전 방안에 대해 논의하는 유익한 시간을 가졌습니다."
2023-08-23,"런웨이 싱가포르 #SGFASHIONNOW 연계 프로그램, 아티스트 토크 진행","지난 8월 18일, KF아세안문화원과 싱가포르 아시아문명박물관(Asian Civilisations Museum)의 협력전시 런웨이 싱가포르 #SGFASHIONNOW 의 연계 프로그램, 아티스트 토크가 진행되었습니다. 윤초롱 부산대 의류학과 교수, 케니 팅(Kennie Ting) 아시아문명박물관 관장, 라이오넬 웡 디자이너(벨프디자인), 엘린 웡 디자이너(스톨른), 그리고 서나영, 정재원 부산대 의류학과 학생이 패널로 참석했습니다. 부산 지역의 패션디자인학과, 의류학과 학생 등이 아티스트 토크의 관객으로 참여했습니다. 패널토크에서는, 케니 팅 관장의 박물관 대학 간 협력 프로젝트로서 #SGFASHIONNOW 전시 시리즈 소개, 싱가포르 현지 디자이너 2인의 싱가포르의 문화가 패션 디자인 작업에 미친 영향 및 작품 소개, 부산대 학생 2인의 한국의 전통문화를 반영한 작품 발표가 있었습니다. 마지막으로 도미닉 로(Dominic Low) 아시아문명박물관 큐레이터의 전시 가이드 투어가 진행되었습니다."
2023-08-23,런웨이 싱가포르 #SGFASHIONNOW 전시 개막식 개최,"지난 8월 17일, KF아세안문화원과 싱가포르 아시아문명박물관(Asian Civilisations Museum)의 협력전시 런웨이 싱가포르 #SGFASHIONNOW 의 개막식이 개최되었습니다. 이번 개막식에는 이종국 KF교류이사, 케니 팅(Kennie Ting) 아시아문명박물관장, 에릭 테오(Eric Teo Boon Hee) 주한싱가포르대사, 류종우 부산섬유패션산업연합회 부회장, 옥사나 두드니크(Oxana DUDNIK) 러시아총영사, 강철호 부산시의회 의원, 이정우 국립아시아문화전당 기획운영관 등 국내외 주요 인사들이 참석했습니다. 개막식에서는 싱가포르 팝음악 디제잉 공연, 주요인사의 환영사 및 축사, 그리고 케니 팅 박물관장의 전시 가이드 투어가 진행되었습니다."
2023-08-24,2023 KF 글로벌챌린저 아카데미 해외 어학연수,"2023년 8월 19일, KF 글로벌챌린저 아카데미 참가자들이 미국 미주리주로 출국하였습니다.40명의 참가자들은 8월 22일부터 12월 8일까지 미국 미주리대학교에서 LEAD 프로그램을 이수하게 되며, “글로벌리더 진로 탐색”의 개별 연구 주제를 탐구합니다.2023 KF 글로벌챌린저 아카데미 는 지난 6월 26일부터 온라인 교육을 시작하여, 이후 국내 집합 교육과 해외 어학 연수, 성과발표회 순으로 진행됩니다.참가자들은 미주리대학교 도착 후 LEAD 프로그램 OT와 Tiger Walk 등 다양한 학교 행사에 참여하며 해외 어학 연수를 본격 시작하였습니다.이후 11월과 12월에는 각각 뉴욕, LA 필드트립을 통해 코리아소사이어티 특강을 비롯한 주요 기관 방문 프로그램 등이 진행됩니다."
2023-09-01,2023 아세안 책방,"KF아세안문화원이 프로젝트렌트 올드타운점(서울 성동구 성수이로3길 18-1)에서 8월 10일부터 31일까지 2023 아세안 책방을 운영합니다. 2023 아세안 책방은 자카르타, 쿠알라룸프르, 세부, 싱가포르, 방콕 아트북페어 감독들과 협업하여 아세안 10개국의 아트북과 라이프스타일을 소개하는 팝업스토어로, 아세안 10개국 27개 출판사가 참여하여 국가별 대표도서 10권을 선정하고 국가별 추천도서 43권을 선보였습니다. 아세안의 일상은 3가지 라이프스타일 섹션인 ▲ 슈퍼노멀 아이템 전시 및 판매, ▲ 아세안 카페, ▲ 태국 문방구로 마련되었습니다. 또한 8월 13일부터 14일까지 양일간 아세안 지역 아트북페어 감독 10인을 초청하여 감독과의 대화(Directors Talk)를 진행하였고, 국내 아트북 관계자들이 다수 참여하여 한-아세안 아트북 출판계의 뜻깊은 문화교류 현장이 되었습니다."
2023-09-07,2023 KF KASI 공무원 펠로십 시작,"KF(Korea Foundation, 한국국제교류재단, 이사장 김기환)는 순천향대학교와 협력하여 9월 4일(월)부터 8주간 아세안 지역 내 한국 전문 공무원을 양성하기 위한 KF KASI 공무원 펠로십 을 시행합니다. KF KASI 공무원 펠로십 은 아세안 지역 내 공무원들을 대상으로 한국 전문가를 키우기 위해 기획된 프로그램으로, 올해는 캄보디아, 인도네시아, 라오스, 말레이시아, 미얀마, 필리핀, 태국, 베트남 등 아세안 8개국에서 총 20명의 공무원들이 참여합니다.한국에 머무는 동안 참가자들은 순천향대학교 한국어교육원에서 한국어 수업을 수강하는 것 외에도 한국의 정치, 경제, 문화, 외교정책 등 다양한 한국 관련 특강을 듣게 됩니다. 또한 태권도, 사물놀이 등 다양한 한국 문화를 체험하고 경주, 부산, 전주, 여수 등 국내 여러 지역을 탐방하며 한국 지방 문화와 역사를 둘러볼 예정입니다.9월 4일(월) 개최된 환영식에는 응우옌 부 뚱(Nguyen Vu Tung) 주한베트남대사, 로뮬로 빅터 엠 이즈라엘 주니어(Romulo Victor M. Israel, Jr.) 주한필리핀대사관 총영사 등이 참석하여 참가자들을 격려하고, 한-아세안 관계 강화를 위한 참가자들의 역할을 강조했습니다"
2023-09-12,2023 유라시아 청년 아카데미 해외 연수,"KF(Korea Foundation, 한국국제교류재단, 이사장 김기환) 한-중앙아협력포럼사무국은 2023 제5기 유라시아 청년 아카데미 사업의 일환으로 8월 20일(일)부터 9월 2일(토)까지 2주 간 우즈베키스탄, 키르기스스탄, 카자흐스탄 등 중앙아시아 3개국에서 해외 연수 프로그램을 시행했습니다. 올해 유라시아 청년 아카데미 에 지원한 146명 중 선발된 130명은 4월부터 6월에 걸쳐 러시아어 및 중앙아어(카자흐어, 우즈벡어) 교육과 지역 이해 기초교육을 받았고, 이 중 60여 명이 7월 경기도 용인에서 집합합숙 교육으로 진행된 지역이해 심화과정을 수료했습니다. 이번 연수는 약 4개월 간 진행된 국내 교육 과정의 종합 평가에서 우수한 성적을 거둔 20명, 그리고 제2-4기 참가자 중 5명을 별도로 선발하여 우즈베키스탄, 키르기스스탄, 카자흐스탄의 현지 기관 및 기업 관계자, 그리고 중앙아 현지 차세대 전문가들과의 네트워킹 기회를 가졌습니다. 연수 참가자들은 8월 20일 그랜드하얏트인천에서 열린 발대식 후, 12박 14일 일정으로 우즈베키스탄 타슈켄트, 키르기스스탄 비슈케크, 카자흐스탄 알마티에서 각국의 현재 산업 트렌드를 파악할 수 있는 KOTRA, 한-우즈벡희소금속센터, 사마르칸트 스타트업 인큐베이팅 센터, 카자흐스탄 한국형 스마트팜 센터 등의 기관을 방문해 차세대 전문가들을 만났습니다. 그리고 현대자동차와 카자흐스탄 최대 자동차 업체 아스타나 모터스가 협력해 준공한 현대트랜스 카자흐스탄(HTK)과 CIS 지역 전문 글로벌 종합물류기업인 에코비스 타슈켄트의 물류센터를 방문해 제조, 교통, 물류 등 한-중앙아 간 주요 협력 업계 현장의 목소리도 들을 수 있었습니다. 또한 이틀간에 걸쳐 타슈켄트국립동방대, 카자흐국제관계세계언어대 학생들과 함께 현지 진출 비즈니스 아이디어를 공유하고 직접 시장 조사를 하면서, 중앙아 현지 학생들 20명과 함께 그룹별 미션을 수행했습니다. 이번 해외 연수를 무사히 마친 20명의 제5기 교육생들은 올 10월부터 12월 중 인턴십에도 참석하게 될 예정입니다."
2023-09-12,제31차 한일포럼 개최,"KF(Korea Foundation, 한국국제교류재단, 이사장 김기환)와 일본국제교류센터(Japan Center for International Exchange; JCIE, 이사장 가노 이사오(狩野 功))가 공동 주관하는 제31차 한일포럼 이 8월 30일(수)부터 9월 1일(금)까지 서울에서 개최되었습니다. 제31차 한일포럼 에서는 △ [제1세션] 한일 양국 국내 정치 상황과 한일 관계에 대한 함의, △ [제2세션] 급변하는 국제 정세와 한일관계, △ [제3세션] 경제안보와 한일 협력 전망, △ [제4세션] 한일 관계 정상화와 민간 교류를 위한 제언 등을 주제로, 양국 간 주요 현안 및 미래지향적 협력 방안에 대해 논의했습니다.올해는 양국 정계, 재계, 언론계, 학계 등 각계 인사 56명이 참석했습니다. 한국 측에서는 유명환 한일포럼 회장(前외교통상부 장관), 김기환 KF 이사장을 비롯하여, 하태경 국민의힘 의원, 태영호 국민의힘 의원, 김영배 더불어민주당 의원, 이인선 국민의힘 의원, 나경원 前의원, 신각수 前주일대사, 진창수 세종연구소 일본연구센터장 등이 참석했습니다. 일본 측에서는 오코노기 마사오 일한포럼 의장(게이오대학 명예교수), 사이토 켄 법무대신(중의원 의원, 자민당), 후쿠야마 테츠로 일본 국회 참의원(입헌민주당), 우에다 이사무 일본 국회 참의원(공명당), 시오무라 아야카 참의원(입헌민주당), 고쿠분 료세이 게이오대학 명예교수(前방위대학교장), 다나카 히토시(일본총합연구소 국제전략연구소 이사장), 가토리 요시노리 일한문화교류기금 이사장 등이 참석했습니다.‘제8회 한일포럼상’에는 조석래 효성그룹 명예회장이 올해 수상자로 선정되었습니다. 한일포럼상은 포럼 부대행사의 하나로 한일관계 발전에 공로가 있는 인사에게 수여해오고 있습니다. 조석래 명예회장은 1993년 한일포럼 설립에 기여하며 한일 관계의 기틀을 마련하는 데 중요한 역할을 했습니다. 2005년 한일경제협회 회장과 한일산업협력재단 이사장, 2007년 전국경제인연합회 회장 등을 역임하면서, 조 명예회장은 한일관계 협력의 패러다임을 전환하며 탁월한 민간 외교관으로서 한일 관계 발전에 기여한 인물이기도 합니다.또 다른 부대행사로 진행되는 제9회 한일주니어포럼 에서는 지난 8월 21일(월) 한일 양국 대학생 및 대학원생이 각국에서 10명씩 모여 「우리가 그리는 미래」를 주제로 논의했습니다. 한일주니어포럼 은 2013년 국교 정상화 50주년을 기념으로 2015년부터 시작하여 매년 한일포럼 과 함께 개최되고 있다. 올해 논의한 결과는 제30차 한일포럼 2일차에 참가자들이 직접 발표했습니다."
2023-09-13,2023 차세대 전문가를 위한 한국미술 워크숍 개최,한국국제교류재단은 지난 9월 4일(월)부터 8일(금)까지 닷새간 서울에서 '한국의 현대미술'을 주제로 차세대 전문가를 위한 한국미술 워크숍(Next Generation Korean Art Workshop) 을 개최하였습니다. 올해 차세대 워크숍에는 한국미술 및 문화 전반에 깊은 관심을 가지고 있는 11개국 18명의 대학(원)생들이 참가하여 서울에서 강연과 답사를 통해 한국 현대미술의 출발부터 다양한 형식으로 뻗어나가고 있는 동시대 미술까지 폭넓게 학습하고 체험하였습니다. 이번 워크숍을 계기로 미래의 전문가들이 한국미술의 세계적 위상을 이어갈 수 있기를 응원합니다.
2023-09-18,"‘모두의 어떤차이’ 전시, 캐나다 순회 개최","KF와 캐나다 국립장애인문화예술센터(NaAC, National accessArts Centre)는 지난 여름 서울 KF갤러리(6.19.-8.12.), 제주국제컨벤션센터 갤러리(7.11.-7.23.)에서 성황리에 개최된 모두의 어떤 차이 전시를 캐나다 오타와에서 순회 개최합니다. 한국-캐나다 수교 60주년을 기념하여 추진된 동 전시는 9월 5일부터 29일까지 주캐나다한국문화원에서 약 한 달간 개최되며, 앞선 전시와 마찬가지로 한국의 고(故) 이원형과 픽셀 김(김현우), 캐나다 NaAC의 소속 작가인 미셸 베니, 브라이언 이니스 등 총 12인의 다양한 작품들을 소개하고 있습니다. 예술을 통해 장애와 국경을 넘어 교류하는 이번 전시가 세계인들에게 감동을 주고, 양국 간 포용적인 협력을 제고하는 데 기여할 수 있기를 기대합니다."
2023-09-19,한국-스위스 수교 60주년 기념 한글 헬베티카 서밋展 개최,"KF(Korea Foundation, 한국국제교류재단, 이사장 김기환)와 주한스위스대사관(대사 다그마 슈미트 타르탈리(H.E. Dagmar Schmidt Tartagli))은 9월 4일(월)부터 10월 27일(금)까지 서울 중구 수하동 소재 KF갤러리에서 한국-스위스 수교 60주년을 기념하는 전시 한글 헬베티카 서밋(The Hangul Helvetica Summit) 을 공동 개최합니다. 9월 5일, KF갤러리에서 한글 헬베티카 서밋 전시 개막식이 개최되었습니다. 이종국 KF교류이사, H.E. Dagmar Schmidt Tartagli(다그마 슈미트 타르탈리)주한스위스대사, 전시 기획과 서체 개발을 주도한 박경식, 이용제 디자이너 등을 비롯해 전시 참여 디자이너, 외교 관계자 등 많은 분들이 함께 전시의 개막을 축하하였습니다. 수교 60주년을 맞아 한국과 스위스 양국의 디자인 역사를 보여줄 수 있는 주제로 선정된 헬베티카는 스위스의 디자이너 막스 미딩거(Max Miedinger)와 에두아르트 호프만(Eduard Hoffmann)이 공동 개발해 디자인계에서 널리 쓰이는 서체 중 하나로 한글 헬베티카 서밋 展은 한-스위스 양국의 서체 문화, 그 중에서도 국제적으로 널리 알려졌으나 국내에서는 본격적으로 다뤄진 적이 없는 헬베티카의 상징적 의미와 형식적 특질을 집중 조명합니다. 1957년 스위스에서 탄생한 이후 지금까지 그래픽 디자인 역사에서 광범위한 영향을 준 헬베티카 서체가 만들어진 배경, 제작 과정, 시각적 결과물이 이번 전시에서 한 자리에 모입니다. 또한 디자인적 감각과 연구를 집약적으로 보여주는 매체인 포스터, 견본집, 책, 잡지 등의 아카이브 자료도 소개됩니다. 전시는 다섯 섹션으로 구성되어 있습니다. 첫 번째 섹션에서는 헬베티카가 탄생할 수 있었던 역사적문화적 배경을 시작으로, 1960-70년대 미국 디자인계에서 헬베티카가 각광받게 된 경위, 그리고 전세계에 확산되며 발휘한 디자인 문화사적 영향력과 그 이후의 유산을 전반적으로 살펴볼 수 있습니다."
2023-09-21,UC 버클리 총장 방한 계기 KF 이사장 면담,"KF 이사장은 지난 9월 15일(금) 한국을 방문한 UC 버클리(University of California, Berkeley)의 Carol T. Christ 총장(Chancellor)과 면담을 갖고 한국학 지속 발전 등 협력 방안을 논의하였습니다.▶ KF, UC 버클리에 한국학 교수직 설치지난 2020년, KF는 기금 교수직 설치 지원사업을 통해 동 대학에 한국문학·문화 교수직을 1석 설치하였으며, 2021년 가을 Kevin Smith 박사가 동 교수직에 임용되는 성과를 거두었습니다. Christ 총장은 이러한 KF의 지원에 사의를 표하고, 한국학 전공 개설 등 한국학 발전을 위해 지속적으로 노력할 예정이라고 밝혔습니다. ▶ 과학·문화·예술 등 신규 분야에서의 협력 방안 논의KF 이사장과 Christ 총장은 인문학, 사회과학 외에도 과학기술, 문화예술 등 신규 분야 협력에 대한 필요성 및 가능성을 언급, 협력 확대 방안에 대한 다양한 의견을 나누었습니다.이날 면담에는 Christ 총장을 비롯하여 △안진수 UC버클리 한국학센터장, △Katherine Yelick 연구부총장(Vice Chancellor for Research) 등이 배석하였으며, 향후 구체 협력 방안에 대한 논의를 이어나갈 예정입니다."
2023-09-26,2023 KOREANA 가을호 발간,"코리아나 2023년 가을호: 핫플레이스가 된 전통시장 쾌적한 환경에서 편리하게 쇼핑할 수 있는 대형마트와 온라인 쇼핑의 일상화로 인해 전통시장이 설 자리를 잃고 침체 상태에 빠진 지 오래되었습니다.그러나 최근 불고 있는 레트로 열풍과 로컬리티에 대한 관심,여기에 전통시장의 부흥을 위한 다양한 노력이 더해지면서 전통시장의 위상과 정체성이 변화하고 있습니다.한국 문화예술 종합 계간지『코리아나』가을호에서는 단순히 물건을 사고파는 장소였던 전통시장이 먹거리,볼거리,즐길 거리가 가득한 체험 공간으로 변신 중인 현재의 흐름을 다각도로 소개합니다.이 외에 세계3대 음악 축제 중 하나인SXSW페스티벌에2년 연속 초청되며 해외에서 먼저 유명해진 일렉트로닉 듀오 해파리,지극한 고요함 속에서도 커다란 매력을 발산하는 도시 서산,유수의 해외 영화제들에서 기립 박수를 받은 정주리 감독의 영화다음 소희,젊은 세대 사이에서 놀이 문화가 된‘네 컷 사진’에 대한 이야기가 독자들을 찾아갑니다.신간 코리아나는 웹진(www.koreana.or.kr)에서도 만나실 수 있습니다."
2023-10-10,2023 공공외교랩소디 - Melodies without Borders,"KF(Korea Foundation, 한국국제교류재단, 이사장 김기환)는 9월 26일(화)- 27일(수), 양일간 노들섬 라이브하우스에서 2023 공공외교랩소디 - Melodies without Borders(경계를 넘어선 선율) 공연을 개최했습니다. 공공외교랩소디 는 KF가 우리 국민 및 주한 외국인을 대상으로 세계문화공연 감상 및 참여 기회를 제공하고자 개최해 온 행사로서, 올해 공공외교랩소디 에서는 전주세계소리축제와의 협력을 통한 3팀의 아티스트 초청을 포함해 국내외에서 활약 중인 아티스트 총 6팀이 준비한 공연을 선보였습니다.1일차인 26일에는 △ 에스토니아 방언과 소수민족 뵈로족의 언어로 자연과 전통을 노래하는 싱어송라이터 ‘마리 칼쿤(Mari Kalkun)’, △ 여행을 주제로 음악활동을 하고 있는 캐나다의 앙상블과 세네갈 출신 코라 명인이 함께하는 ‘콘스탄티노플 아블라예 시소코 (Constantinople Ablaye Cissoko)’, 그리고 △ 국악기와 전통 보컬만으로 전통과 현대를 절묘하게 엮어내는 한국의 ‘악단광칠’이 무대를 장식했습니다.2일차인 27일에는 △ 한국 출신 보컬리스트와 호주 클라리네티스트가 창조하는 사색적이고 감성적인 소리를 느낄 수 있는 ‘써니 킴 x 아비바 엔딘 (Sunny Kim x Aviva Endean)’, △ 코트디부아르의 원초적 리듬과 멜로디를 바탕으로 모두가 손뼉 치며 즐길 수 있는 음악을 선보이는 ‘떼게레(TEKERE)’, △ 굿에서 쓰는 무가(巫歌)에 레게, 재즈, 힙합 등 다양한 장르를 섞어 독특한 음악을 선보이는 사이키델릭 샤머니 훵크 밴드 ‘추자혜차지스’의 공연이 진행되었습니다.관객들이 공연을 한층 더 즐길 수 있도록 진행된 공연 전 프로그램으로는 1일차에는 인도 전통무용 오디시 무용수 금빛나와 함께 인도 이야기를 들으며 춤을 배워보는 오디시 워크숍 이 진행되었으며, 2일차에는 떼게레 크루가 라이브로 들려주는 서아프리카 전통 리듬에 맞추어 춤을 배워보는 서아프리카 댄스 워크숍 이 진행되었습니다."
2023-10-11,"케냐, 뉴질랜드, 슬로바키아 외교안보 전문가 초청","KF(Korea Foundation, 한국국제교류재단, 이사장 김기환)는 9월 17일(일)부터 23일(토)까지 해외 유력인사 방한초청 사업 의 일환으로 케냐, 뉴질랜드, 슬로바키아 등 3개국에서 외교안보 정책 전문가 3명을 한국에 초청했습니다. 이번 해외 유력인사 방한초청 사업 의 참가자는 △ 아서 안담비(Arthur ANDAMBI) 케냐 외교부 아시아태평양국장, △ 로베르토 라벨(Roberto RABEL) 뉴질랜드 빅토리아대학교 전략연구센터 전문위원, △ 마떼이 칸드릭(Matej KANDRIK) 슬로바키아 Adapt 안보정책연구소장 등 3개국 3명으로 해외의 외교안보 분야 유력인사들이 한국 내에서 인적 네트워크를 구축하고 이들이 한국 외교안보 정책과 현실을 이해할 수 있도록 마련되었습니다. 이들은 외교부, 국립외교원 외교안보연구소, 국가사이버안보센터, 국회 등을 방문해 국내 전문가들을 만났으며, 부산에서 2030 부산세계박람회를 준비하는 현장에 직접 방문해 견학하고 부산시 관계자를 만나 박람회 유치 노력에 대해 청취하였습니다. 케냐 안담비 외교부 아태국장은 2006년 외교부 입부 이후 유엔대표부, 스웨덴 대사관 근무 후 중동국 국장을 역임하였고, 제71차 유엔총회 제2위원회(경제 및 금융문제) 부의장을 맡은 바 있으며 이번 한국 방문 기간 동안 한-아프리카재단, 한-케냐 의원친선협회, 외교부 아프리카중동국 및 주한케냐대사관을 방문하였습니다. 네덜란드 라벨 교수는 웰링턴 빅토리아대학교에서 부총장을 역임하고 은퇴 후에도 같은 대학 전략연구센터의 전문위원(Professional Fellow) 및 폴란트 바르샤바대학교 객원교수로 뉴질랜드 외교정책, 특히 인도태평양 지역에 대한 깊은 전문 지식을 기반으로 한 교육, 감독 및 연구 등에 참여하고 있으며 2009년부터 2021년까지 뉴질랜드 국립국제문제연구소(New Zealand Institute of International Affairs) 부회장을 맡았고, 지금도 같은 기관의 평생회원 및 관련 기관 정기 발표자로 활동 중입니다. 이번 방한 기간에는 서울대 국제학연구소에서 주최하는 Global Prominence Seminar 에서 「New Zealand and the Indo-Pacific」을 주제로 강연을 진행하였습니다. 아산정책연구원도 방문하여 인도태평양 지역에 대한 외교안보적 관점을 공유하고, 양국 간 1.5트랙 대화 활성화 방안에 대해 논의하였습니다. 슬로바키아 칸드릭 Adapt 안보정책연구소장은 슬로바키아를 대표하는 외교, 안보, 국방 분야 전문가로, 중동부유럽 안보와 국방 관련 정책을 제시하고 정책 결정에 영향력을 행사하는 핵심 인사로서, 이번 한국 방문 기간 중에는 국방부 및 국방기술진흥연구소 관계자와 면담을 진행하였습니다."
2023-10-17,중앙아 5개국 에너지 분야 차세대 전문가 방한,"KF(Korea Foundation, 한국국제교류재단, 이사장 김기환) 한-중앙아협력포럼사무국은 9월 17일(일)부터 23일(토)까지 중앙아시아 5개국(카자흐스탄, 키르기스스탄, 타지키스탄, 투르크매니스탄, 우즈베키스탄)의 에너지 분야 차세대 전문가 15명을 한국에 초청했습니다. 올해는 신재생에너지(태양광) 뿐 아니라 이를 통해 생산된 전력의 활용 효율성을 높이는 에너지 저장 시스템(Enercy Storage System; ESS) 분야의 전문가들을 상대로 프로그램을 진행하였으며 국내 신재생에너지 보급확산 사업 추진 전담기관인 한국에너지공단과 약 60개 ESS 관련 회원사를 보유한 한국ESS산업진흥회가 협력기관으로 참여했습니다. 중앙아시아 참가자 15명 중에는 아잣 케멜하노프(Azat KEMELKHANOV) 카자흐스탄 에너지부 법률국 부국장, 에밀 무수르쿨로프(Emil MUSURKULOV) 키르기즈 국가전력망 중앙급전소社 부소장, 에라즈 타바랄리예프(Eraj TAVARALIEV) 타지키스탄 대통령실 수석연구원, 바티르 구르반리예프(Batyr GURBANLYYEV) 투르크메니스탄 에너지부 해외경제관계국 수석담당관, 아사도프 베크조드(Asadov BEKZOD) 우즈베키스탄 에너지부 재생에너지국 수석전문관 등 각국 에너지 및 관련 주요 기관 소속 차세대 전문가들이 포함되었습니다. 이들은 18일 웨스틴조선호텔서울에서 개최된 개회식 후, 한국 태양광 에너지 관련 정책에 대한 강의를 함께 들었습니다. 이와 연계하여 한국 태양광 대단지 시설을 체험할 수 있는 전북 군산의 새만금 육상태양광(새만금희망태양광)과 국내 태양광 에너지 산업을 선도하고 있는 충북 음성의 현대에너지솔루션의 태양광 모듈 공장을 방문하였습니다. 부대 행사로 20일 개최된 한-중앙아 차세대 다이얼로그 에서는 한국과 중앙아 5개국 에너지 분야 관계자 40여 명이 모여서 국가별 관련 산업 현황과 보급 계획, VPP 플랫폼(클라우드 기반 인공지능 소프트웨어로 통합 관리하는 자원 입찰 시장) 등 신재생 에너지 및 ESS 분야 전반에 걸친 실질적 협력 방안에 대해 발표하고 토론을 진행했습니다. 21일에는 국내 태양광 연계 ESS 업체인 ㈜준규솔라 홍천사이트와 한일시멘트 내 ㈜사이러스가 설치한 ESS 현장을 방문해 전날 다이얼로그 세션에서 다룬 ESS 이론 및 관련 시스템이 산업 현장에서 어떻게 적용되고 있는지 시찰했으며 현장 견학을 바탕으로, 연수 마지막 날에는 한-중앙아 간 ESS 분야 협력에 대한 국가별 제안을 발표하고, 협력 방안에 대해 토론하였습니다."
2023-10-18,모로코 종교학자평의회 사무총장 방한초청,"KF(Korea Foundation, 한국국제교류재단, 이사장 김기환)는 모로코의 아흐메드 아바디(Ahmed Abaddi) 종교학자평의회 사무총장을 9월 17일(일)부터 23일(토)까지 한국에 초청했습니다. 아바디 사무총장은 한국에 머무는 기간 중 한덕수 국무총리, 김진표 국회의장, 박진 외교장관을 만나, 우리 정부의 모로코 지진 관련 지원 의지에 대해 듣고 깊이 사의를 표했습니다. 또한 종교 간 대화를 통해 국제사회에서의 폭력적 극단주의 확산 방지를 위해 함께 노력해 나가야 한다는 뜻을 전했습니다. 저명한 종교학자인 아바디 사무총장은 KF와 서강대학교 유로메나연구소(The Sogang Euro-MENA Institute; SEMI, 소장 박단)가 공동 주최한 학술 세미나에 참석해 이슬람 극단주의의 역사와 해결 방안을 주제로 기조 연설을 했습니다. 이 세미나에서는 이슬람교를 둘러싼 국내 종교 갈등 사례를 중심으로 종교 간 협력과 화합 방안을 논의했습니다. 또한 조계사를 방문해서 주지 지현스님과 종교 간 대화를 나누었고, 하병필 국가기록원장과 면담을 통해 한국 기록유산 수집 및 보존, 그리고 국가 기록 정책 등에 대해 듣고, 모로코 종교학자평의회에서 준비 중인 코란 디지털 아카이빙 계획을 설명했습니다."
2023-10-19,"KF-영국문화원, 기후변화 대응을 위한 글로벌 프로젝트 ‘연안의 기록들(Littoral Chronicle)’ 지원","KF와 영국문화원이 공동으로 공모한 2023 한-영 기후변화 크리에이티브 프로젝트 심사 결과, 연안의 기록들(Littoral Chronicle)이 최종 지원 대상 프로젝트로 선정되었습니다. 연안의 기록들(Littoral Chronicle)은 양국의 해양 공동체 이야기를 기록함으로써 해양 양식이 기후에 미치는 즉각적이며 실제적인 영향을 탐구하고자 하는 프로젝트입니다. 한국의 제주 및 부산, 영국의 스카버러 및 요크셔 지역을 대상으로 ▲한-영 양국의 해양 양식 및 해안 지역사회에 대해 연구하고, ▲양국의 청년, 기후 활동가, 해양 과학자들이 참여하는 오프라인 워크숍을 개최한 후 ▲연구 및 워크숍 결과를 디지털 전시를 통해 대중에게 선보임으로써 한-영 해안 지역의 이야기를 통해 기후위기 대응 전략을 제시하고자 합니다. 동 프로젝트는 한국의 비주얼 리서치 밴드 이끼바위쿠르르(ikkibawiKrrr), 영국 유빅 프로덕션(UBIK Productions)의 셰자드 다우드(Shezad Dawood), 큐레이터 리티카 비스와스(Ritika Biswas)의 협업으로 진행됩니다. 특히 이끼바위쿠르르는 식물, 자연현상, 인류, 생태학의 연계를 탐구하는 그룹으로 2022년 6월부터 9월까지 KF의 지원을 받아 독일 카셀에서 열린 세계에서 가장 주목받는 국제현대미술제인 '도큐멘타15(documenta fifteen)'에 한국 작가로는 유일하게 초청되어 비디오 내러티브 작품을 전시한 바 있습니다. 이번 연안의 기록들(Littoral Chronicle) 프로젝트를 통해 해양 환경 및 해양 지역사회 관련 기후변화 담론이 더욱 확장되기를 바라며, 여러분들의 많은 관심 부탁드립니다"
2023-10-19,제9회 한국국제교류재단賞 시상식 개최,"KF(Korea Foundation, 한국국제교류재단, 이사장 김기환)는 제9회 한국국제교류재단상 수상자로 미국 워싱턴대학교 잭슨국제학대학 클라크 소렌슨(Clark W. Sorensen) 명예교수를 선정하고, KF가 개최하는 제6회 공공외교주간 개막식과 연계하여 10월 13일(금) 오후 5시 30분 서울 성수동 언더스탠드에비뉴에서 시상식을 개최했습니다.지난 25년 간 북미 한국학 발전에 기여한 공로를 인정받고 있는 소렌슨 교수는 1998년부터 워싱턴대 한국학 프로그램 디렉터로 임명되어 워싱턴대의 한국학 전반을 이끌어 오면서 미국 내 한국학 발전에 크게 영향을 주었습니다. 특히 주정부 예산 삭감으로 한국학 프로그램이 폐지 위기에 처하자, 기금 모금 활동을 전개해 프로그램을 유지한 바 있으며, 이를 계기로 2006년 워싱턴대 한국학 프로그램이 한국학 센터로 격상되었습니다. 이후 초대 한국학센터장으로 임명되어 금년 7월까지 현역으로 활동하면서 한국의 사회과학 및 역사 관련 기금교수직을 설치하는 등, 센터 운영을 위한 장기적 기반을 마련했습니다.뿐만 아니라 북미아시아학회(Association for Asian Studies; AAS) 내 동북아 위원회(Northeast Asia Council; NEAC) 체어 및 NEAC 내 한국학 소위원회(Committee on Korean Studies) 멤버로 활동하면서 한국 연구에 힘쓰는 동시에 한국학자 간 협업을 도모하였습니다. 한국학저널(The Journal of Korean Studies) 편집장으로 활동하며 2009년부터 2014년까지 제14-20권 발간을 맡아, 유수 한국 연구 결과물을 주류 학계에 소개하기도 하였습니다. 주요 저서 및 연구 성과로는 『1980년대와 1990년대 한국 교육 체제에서 민주화의 역설적 효과(2021, History of Education)』 등이 있습니다.소렌슨 교수가 이번 시상식을 계기로 한국에 머무는 기간 중 10월 11일(수) 오후 5시에는 강원대학교에서 「1977년과 2015년의 팔봉리」를 주제로 특별초청강연이 진행되었습니다.."
2023-10-20,제6회 공공외교주간 개최,"KF(Korea Foundation, 한국국제교류재단, 이사장 김기환)는 우리 국민들이 한 자리에서 다양한 세계 문화를 체험하고 공공외교 활동에도 직접 참여해 보는 공공외교 페스티벌 제6회 공공외교주간 을 10월 13일(금)부터 15일(일)까지 서울숲 인근 성수동 언더스탠드에비뉴에서 개최했습니다. 올해 6회차를 맞이한 이 행사는 연결된 세계, 함께하는 미래를 키워드로 세계 각국 주한외국대사관, 유엔식량농업기구(Food and Agriculture Organization of the United Nations; FAO) 한국협력연락사무소 등 다양한 국제기구 및 국내외 유관기관과 협력하여 진행되었습니다. 공공외교주간 기간 동안 행사장을 방문한 관람객을 위해 온가족이 함께 즐길 수 있는 여러 공공외교 체험 프로그램이 준비되었습니다. 각국 대사관에서는 세계문화체험부스와 세계음식 쿠킹클래스를 운영하는 등 다양한 프로그램도 열렸습니다. 우리 청년들을 위한 글로벌 취업 설명회도 개최되었습니다. 국제기구, 글로벌기업 등 다양한 공공외교 관련 진로를 소개하고, KF 글로벌 챌린저 프로그램 , 미국의 WEST 프로그램 등 해외 인턴십 프로그램도 함께 설명하였습니다. 세계인과 공유할 수 있는 환경, 예술, 교류 등 다양한 주제를 다루는 토크 프로그램도 진행되었습니다. 공공외교 토크의 일환으로, 주한여성대사 모임인 「서울시스터즈」 소속 여성 대사들이 여성 외교관으로서의 삶과 한국에 주재하게 된 이후의 변화들을 공유하였습니다. 환경을 주제로 벨기에 출신 방송인이자 환경 인플루언서인 줄리안 퀸타르트(Julian Quintart)와 트레거 알본 이쇼다(H.E. Tregar Albons Ishoda) 주한마셜대사가 태평양 도서국의 상황을 전하며 기후변화를 해결하기 위한 방안을 논의하였습니다. 아트 토크를 통해서는 국립현대미술관의 강수정 미술관교육과장이 국립현대미술관의 한국실험미술 1960-70년대 展 뉴욕 솔로몬 구겐하임미술관 순회전에 대한 이야기를 전달하였고 한글 디자인으로는 처음 박사 학위를 취득한 이용제 한글 활자 디자이너가 들려주는 한글-헬베티카 서체 이야기도 들을 수 있었습니다."
2023-10-24,美 메트로폴리탄박물관 최초 한국미술 기금큐레이터직 설치,"지난 9월 20일 KF는 미국 메트로폴리탄박물관과 최초의 한국미술 기금큐레이터직을 설치하고 기념식을 개최했습니다. KF와 메트로폴리탄박물관은 한국미술 큐레이터직의 영구 운영을 위한 기금을 설치하고자 2019년부터 5년 간 공동기금을 조성하였고, 이번 기념식을 통해 한국미술 기금큐레이터직의 설치와 영구 운영을 공표하였습니다. 메트로폴리탄박물관에 설치된 한국미술 큐레이터직은 한국국제교류재단-삼성문화재단 한국미술 큐레이터십으로 명명하고, 첫 기금큐레이터직에는 엘레노어 현(Eleanor Soo-ah Hyun) 현직 한국미술 큐레이터가 임명되었습니다. KF는 1998년부터 삼성문화재단과 협력하여 추진한 메트로폴리탄박물관 한국실 설치 지원을 시작으로 지난 25년간 한국미술의 확산을 위해 협력해왔습니다. 이번 한국미술 기금큐레이터직 설치를 통해 박물관 내 한국 관련 전시, 교육 프로그램들이 더욱 활성화될 것으로 기대하며, 해외 한국미술의 중장기적 발전에 기여할 수 있기를 바랍니다. KF는 메트로폴리탄박물관 외에도 해외 유수 박물관에 한국미술 기금큐레이터직 설치를 추진중이며, 앞으로도 해외 박물관의 안정적인 한국전문 인적 인프라 구축을 위해 노력할 예정입니다."
2023-10-27,2023년 한일 대학생 교류사업,"KF(Korea Foundation, 한국국제교류재단, 이사장 김기환)가 한일 대학생 교류사업 의 일환으로 일본 대학생 대표단 30명(대학생 28명, 외무성 및 일한문화교류기금 측 인솔자 각 1명)을 9월 11일(월)부터 18일(화)까지 한국에 초청했습니다. 한국에 오는 일본측 방문단은 고베대학, 교토대학, 나고야대학, 리츠메이칸대학, 히로시마대학 등 일본의 여러 대학교 재학생으로 구성되었습니다. 이들은 한국에서 외교부, 주한일본대사관 공보문화원 등과 서울대학교 일본연구소를 방문해 대중문화 영역의 한일 문화교류를 주제로 특강을 듣고, 한국 주니어 연구원들과 교류하였습니다. 서울 뿐 아니라 강원도 내 3개 지역에도 방문해 DMZ 둘레길 투어를 하며 한국 현대사의 발자취를 따라가 보고, 주민들과 함께 다양한 체험 활동을 하면서 지역 상생 및 활성화의 현장을 생생하게 경험하였습니다. 그 외에도 한국의 가정에서 제공하는 홈스테이도 체험하였습니다. 현지 방문 프로그램 외에도 한일 대학생 교류사업 참가 대학생들은 「글로벌 과제 해결을 위한 한일협력」을 주제로 방한방일 일정 전후로 이어지는 온라인 교류를 통해 조별 팀 프로젝트를 공동 진행했습니다."
2023-10-27,튀르키예와 루마니아에서 한국 퓨전 국악 순회공연,"KF(Korea Foundation, 한국국제교류재단, 이사장 김기환)는 주루마니아대사관, 주이스탄불총영사관과 함께 9월 29일(금)부터 10월 5일(목)까지 튀르키예 이스탄불, 루마니아 부카레스트 및 티미쇼아라에서 한국 퓨전국악 순회 공연을 개최했습니다.월드뮤직앙상블 「비아트리오」가 나서는 이번 퓨전국악 순회 공연은 이스탄불의 한국주간행사 및 2023년 한-루마니아 전략적 동반자 관계 수립 15주년을 기념하여 기획되었습니다.「비아트리오」는 해금, 판소리, 기타, 바이올린으로 구성된 4인조 그룹으로, 세계 최대 음악 페스티벌인 글래스톤베리 페스티벌 에서 한국 최초·최대 초대를 받은 바 있습니다. 「비아트리오」는 이번 순회공연에서 ‘K-팝의 과거와 현재’를 주제로 춘향가의 『사랑가』부터 김광석의 『60대 노부부 이야기』, K-팝 아티스트 뉴진스(NewJeans)의 『디토(Ditto)』 및 BTS의 『봄날』에 이르는 다양한 한국 곡들을 판소리 창법으로 선보였습니다."
2023-10-31,2023 브뤼셀코리아포럼 개최,"KF(Korea Foundation, 한국국제교류재단, 이사장 김기환)가 지원하고 벨기에 브뤼셀자유대학교(Vrije Universiteit Brussel; VUB)가 주관하는 2023 브뤼셀코리아포럼 이 10월 19일(목) 유럽연합(European Union; EU)의 중심지인 벨기에 브뤼셀에서 개최되었습니다. 2021년 첫 회의 후 3회차를 맞이하는 2023 브뤼셀코리아포럼 은 올해 한-EU 수교 60주년을 기념해 양측 고위급 참석자들을 초청하고 포럼 주제를 확장하는 등 내실화를 기했습니다. 이 포럼에서는 △ 한-EU 안보 협력 (South Korea and Europe in Indo-Pacific and Global Security), △ 한-EU 경제안보 협력 (South Korea and Europe in Global Economic Security and Governance), △ 한-EU 기후변화에너지안보 협력 (South Korea and Europe Cooperation in Climate Change and Energy Security) 등 세 가지 주제로 양측 전문가들이 현 상황을 진단하고 앞으로의 협력 방안을 모색하였습니다. 한국 측은 박진 외교부 장관의 영상 축사를 시작으로 △ 윤병세 前외교부장관, △ 이정민 카네기 국제평화재단(Carnegie Endowment for Internatioanl Peace; CEIP) 선임연구위원, △ 정서용 고려대 국제관계학부 교수, △ 안세현 서울시립대 국제관계학과 교수, △ 강유덕 한국외대 LT학부 교수, △ 조성훈 대외경제정책연구원(KIEP) 부연구위원 등 전문가 6명이 참석했습니다. EU 측에서는 조셉 보렐 EU 외교안보정책 고위대표의 서면 축사와 함께, △ 카렐 드 구흐트(Karel De Gucht) VUB 거버넌스대학 총장(前EU 통상담당 집행위원), △ 라몬 파체코 파르도(Ramon Pacheco Pardo) KF-VUB 한국 석좌, △ 말러리 샤우스 (Malorie Schaus) 유럽정책연구센터(Center for European Policy Studies; CEPS) 연구 펠로, △ 로마나 블라후틴(Romana Vlahutin) 前EU 연계성 특사, △ 프랑스와즈 니콜라스(Francoise Nicolas) 프랑스국제관계연구소 아시아 인태 연구센터장 등이 참석했습니다."
2023-11-07,제8차 KF-CSIS 한미전략포럼 개최,"KF(Korea Foundation, 한국국제교류재단, 이사장 김기환)와 미국 전략국제문제연구소(Center for Strategic International Studies; CSIS)가 공동으로 주최하는 제8차 KF-CSIS 한미전략포럼 이 9월 25일(월)부터 26일(화)까지 이틀간 미국 워싱턴DC CSIS에서 개최되었습니다. 한미동맹 70주년을 기념해 개최되는 이번 행사에는 한미 양국 외교수장인 박진 외교부장관과 안토니 블링컨(Antony Blinken) 국무장관이 각각 축사와 기조연설자로 나섰습니다. 블링컨 국무장관은 행사에 직접 참석해 워싱턴 선언 및 캠프 데이비드 정신 발표 이후 새롭게 격상된 한미관계에 대해 설명하였습니다. 이어지는 본포럼에서는 △ 한미 동맹의 새로운 70주년을 향해 (The Next 70 Years: New Frontiers of the US-ROK Alliance), △ 한미일 다자협력 관계 (US-Korea-Japan Trilateral Relationship: A New Era of Cooperation and Strategic Alignment), △ 북한 (North Korea: Perennial Challenges and Future Outcomes) 등 세 가지 주제로 양국 전문가들이 심도 깊은 의견 교환을 하였습니다. 한국측에서는 박진 외교부 장관의 온라인 축사를 시작으로 윤병세 前외교부장관, 이재민 경제안보대사, 이정민 카네기국제평화재단(Carnegie Endowment for International Peace; CEIP) 선임연구원, 한석희 국가안보전략연구원장, 임은정 공주대 교수 등 한미관계 전문가 6명이 참석해 한미동맹 70주년의 의의와 전망을 논의하였습니다. 미국에서는 기조연설을 맡은 블링컨 국무장관 외에 빈센트 브룩스(Vincent Brooks) 前주한미군사령관, 캐서린 스티븐스(Kathleen Stephens) 前주한미국대사, 마크 리퍼트(Mark Lippert) 前주한미국대사, 빅터 차(Victor Cha) CSIS 한국 석좌, 크리스토퍼 존스톤(Christopher Johnstone) CSIS 일본 석좌, 시드니 사일러(Sydney Seiler) 前NIC(National Information Center) 북한담당관, 수미 테리(Sue Mu Terry) Macro Advisory Partners 선임고문, 엘렌 킴(Ellen Kim) CSIS 한국연구실 부소장, 에밀리 벤슨(Emily Benson) CSIS 선임연구원, 에린 머피(Erin Murphy) CSIS 선임연구원 등 정관계 인사 15명이 참석했습니다."
2023-11-15,한독수교 140주년 및 파독근로 60주년 제21차 한독포럼 개최,"KF(Korea Foundation, 한국국제교류재단, 이사장 김기환)와 사단법인 한독협회(회장 김영진)가 독일 독한포럼(의장 마틴 둘리히(Martin Dulig))과 공동으로 주최하는 제21차 한독포럼 이 11월 1일(수)부터 3일(금)까지 부산에서 개최되었습니다. 이번 제21차 한독포럼 은 한독수교 140주년이자 파독근로 60주년을 맞아 진행되며, 양국 정계, 재계, 언론계, 학계 등 각계 전문가 50여 명이 참석했습니다. 이들은 한독 양국 관계를 비롯해 최근 국제 정세를 반영한 다양한 주제로 양국 협력 및 당면 과제에 대한 해결 방안을 논의했습니다. 기조세션과 분과세션으로 나뉘어 진행된 이번 회의의 기조 세션에서는 △ [기조세션1] 한독 수교 140주년을 맞이한 한독 양국의 정치, 경제, 사회 현황, △ [기조세션2] 지정학적 위기와 글로벌 도전 속에서 양국의 역할, △ [기조세션3] 한독 경제통상 관계와 경제안보에 대해 논의했습니다. 분과세션에서는 △ 핵심신흥기술 분야 기술 주권 확보를 위한 한독 협력 방안, △ 탄소중립녹색성장을 위한 한독 기업 간 협력 방안, △ 글로벌 기후 대응을 위한 한독 간 협력, 파리 기후 협약 목표 달성 및 개도국 협력을 위한 양국 정보, 학계 시민사회 간 협력방안 모색, △ 인구, 이민, 교육 정책을 통한 양국의 미래 경쟁력 확대 등을 주제로 양국 전문가들의 토론이 이어졌습니다. 한국 측에서는 한독포럼 공동의장인 김기환 KF 이사장과 김영진 한독협회 회장을 비롯해 김황식 호암재단 이사장(前국무총리), 김홍균 주독일한국대사, 윤영관 아산정책연구원 이사장(前외교부장관), 이상민 한독의원친선협회장(더불어민주당) 등이 참석했습니다. 독일 측은 마틴 둘리히 독한포럼 공동의장(독일 작센주 경제, 노동, 교통부 장관 겸 부총리)을 포함, 하이케 베렌스 독한의원친선협회장, 토마스 뢰베캄프 독한 의원친선협회 부회장(기민/기사연합), 크리스티안 괴르케 독일연방의회 의원(좌파당), 카난 바이람 독일연방의회 의원(녹색당), 올라프 인 더 비익 독일연방의회 의원(자민당), 게오르크 슈미트 주한독일대사 등이 참석했습니다."
2023-11-22,국민 10명 중 8명 “공공외교 중요하다” 2023년 공공외교 대국민 인식 조사,"국민 10명 중 8명 공공외교 중요하다 2023년 공공외교 대국민 인식 조사 - 공공외교 인지도 2년 연속 4%p대 상승하여 올해 47.8% - 공공외교를 아는 사람일수록 중요성 및 취지에 대한 긍정 정도 높아 KF(Korea Foundation, 한국국제교류재단, 이사장 김기환)가 일반 국민 5,000명을 대상으로 진행한 2023년 공공외교 대국민 인식 조사 결과를 발표했다. 올해 조사 결과, 우리나라 국민 10명 중 8명 가까이가 공공외교의 중요성과 취지에 공감하고 있는 것으로 나타났다. 공공외교에 대한 설명을 접한 후, 그 중요도에 대한 긍정은 79.4%, 취지에 대한 공감도는 긍정 76.6%로 나타났다. 공공외교를 알고 있거나, 혹은 접촉 경험이 있는 응답자일수록 긍정적 응답이 상대적으로 높게 나타났다. 또한 평소 생활 속 외교가 중요하다거나, 우리나라가 향후 국제 기여/봉사에 더욱 적극적으로 나서야 한다고 생각하는 국민일수록, 공공외교 중요도와 취지 공감도, 교육의 필요성 등에 긍정하는 비율이 높아지며 매우 적극적으로 공공외교를 지지하는 모습을 보였다. 공공외교에 대한 인지도, 즉 공공외교에 대해 알고 있다고 응답한 비율은 47.8%로, 이는 2022년 조사 당시의 43.7%에 비해 4.1%p 상승한 수치가 나타났다. 조사를 개시한 2021년부터 2년 연속 4%p대 상승치를 보이고 있어, 공공외교에 대한 관심이 높아지고 있음을 알 수 있다. 우리 국민이 생각하는 공공외교 정책의 기대효과로, 국민 대다수가 국가 이미지 제고(71.5%)에 도움이 된다고 보고 있다. 그 외 외교관계 활성화(68.9%), 경제 활성화(66.1%), 기타 국익 증진(64.4%)에도 도움이 된다고 응답했다. KF 관계자는 공공외교라는 단어를 잘 들어보지 못했더라도, 공공외교 활동의 중요성과 취지에 대한 국민들의 공감도는 높다는 것을 확인할 수 있었다며, 국민들의 지지와 이해가 공공외교 활동을 추진하는 데 중요한 원동력이 되는 만큼, KF도 공공외교를 체감하는 국민들이 더 많아질 수 있도록 노력하겠다고 전했다. KF는 외교부가 지정한 국내 유일 공공외교 추진기관으로, 공공외교법에 의거하여 공공외교 실태조사 및 통계 작성 사업을 진행해 왔다. 이번 조사는 지난 2021년 첫 시행한 공공외교 인식 조사 를 정례화하여 매년 우리 공공외교 정책 및 활동에 대한 국민의 인식 수준을 파악하고 향후 개선 방향 설계에 참고자료로 활용하기 위해 실시되었다. 조사 개요 ㅇ 기간/방법 : 23.6.14 ~ 6.30 / 온라인 패널을 활용한 조사 ㅇ 조사대상: 전국 만 19세~69세의 일반국민 5,000명 ㅇ 표본할당 : 성, 연령, 지역별 인구비례할당 ㅇ 표본오차 : 95%신뢰수준에 1.39%P 조사명 : 2023 공공외교 대국민 인식조사 조사대상 : 전국의 만19~69세 국민 5,000명 조사기간 : 2023년 6월 14일 ~ 2023년 6월 30일 조사방법 : 온라인 조사 2023 공공외교에 대한 우리 국민들의 생각은 공공외교란 : 외국 국민들과의 직접적인 소통을 통해 우리나라의 국가이미지와 국가브랜드를 높여, 국제사회에서 우리나라의 영향력을 높이는 외교활동을 말합니다. 우리 국문 10명 중 8명 공공외교 ""중요하다"" 공공외교 인지도 43.7%(2022) -47.8%(2023) 공공외교 중요도 76.3%(2022) - 79.4%(2023) 공공외교 취지 공감도 73.0%(2022) - 76.6%(2023) 국제사회에서의 역할 변화 66.8%(2022) - 71.3%(2023) 공공외교를 위한 우선 순위 1.한국에 대한 올바른 인식과 이해를 확산시키는 것 91.1% 2.문화, 예술, 드라마, 영화 등을 소개하고 매력을 알리는 것 83.3% 3.기여와 봉사를 통한 우호적인 관계를 만드는 것 68.7% 4.우리정책에 대한 이해와 지지를 확보하는 것 56.7% 공공외교 정책의 기대효과 한국의 국가 이미지 제고 71.5% 외교관계 활성화 68.9% 경제활성화 66.1% 기타 국익 증진 64.4%"
2023-11-28,2023 유럽지역 한국미술 큐레이터워크숍 개최,"KF(Korea Foundation, 한국국제교류재단, 이사장 김기환)는 영국박물관(The British Museum)과 공동으로 2023 유럽지역 한국미술 큐레이터 워크숍 (2023 Workshop for Korean Art Curators in Europe) 을 10월 26일(목)부터 28일(토)까지 사흘간 영국 런던 및 캠브리지에서 개최했습니다. 이번 워크숍 참가자들은 프랑스 기메박물관, 영국 빅토리아앤앨버트박물관 등 유럽 유수 박물관의 한국 미술 큐레이터, 영국 SOAS 런던대와 옥스퍼드대 및 브라이튼대, 독일 베를린자유대 등 11개국 학계 미술 전문가, 그리고 국내 유관기관 소속 전문가 등 30여 명으로 구성되었습니다. 이들은 이번 워크숍을 통해 △ 소속 기관별 한국 컬렉션 및 전시 등 한국 관련 현황을 공유하고, △ 「유럽 내 한국미술 유입과 확산」을 주제로 개최되는 학술 심포지엄에서 유럽 및 국내 한국 미술 전문가들의 발제를 청취한 후, △ 빅토리아앤앨버트박물관 및 피츠윌리엄박물관의 한국실을 함께 방문했습니다. 그 외에도 영국박물관 한국 소장품 관람, 주영한국문화원 등을 방문했습니다."
2023-11-28,제4차 한-중앙아 경제협의체 연례회의,"KF(Korea Foundation, 한국국제교류재단, 이사장 김기환) 한-중앙아협력포럼사무국은 11월 2일(목) 투르크메니스탄 아시가바트에서 제4차 한-중앙아 경제협의체 연례회의 를 개최했습니다. 이번 회의는 「한-중앙아: 사업 및 투자의 새로운 전망」을 주제로 투르크메니스탄 상공회의소 회관에서 온오프라인 하이브리드로 개최되었습니다. 국가 발전 전략으로써 디지털 경제에 주목하고 있는 중앙아 지역 내 흐름과 유라시아 대륙의 중심인 지경학적 특징을 고려하여 △ 디지털 전환, △ 교통물류 등을 의제로, 한-중앙아 경제단체 및 기업들이 해당 분야의 중앙아시아 내 투자환경 및 기회와 한국 기업의 경험을 공유하였습니다. 한국에서는 구자열 한국무역협회장을 비롯하여, LX 인터내셔널, 포스코 인터내셔널, 현대엔지니어링, 현대코퍼레이션, 한진, KTNET, 로비고스 등 국내 기업 관계자들이 참석했습니다. 중앙아시아 측에서는 투르크메니스탄의 구르도프 메르겐(Gurdov Mergen) 상공회의소장, 우즈베키스탄 상공회의소 잠셰드 우라코프(Jamshed Urakov) 부소장, 카자흐스탄 국가기업인연합회인 Atameken의 아므린 무라트(Amrin Murat) 부회장 등이 현장에 참석했으며, 키르기스스탄 및 타지키스탄 상공회의소 부소장을 포함한 관계자들이 온라인으로 참석했습니다. 그 외에도 투르크메니스탄 무역 및 대외경제관계 부처, 산업기업가연합회 등을 포함한 투르크메니스탄 정부 부처들과 기관 관계자들이 함께 했습니다. 한편 제16차 한-중앙아 협력포럼 의 부대행사로 경제협의회 참석기관 및 기업이 참여하는 차세대 기업인 비즈니스 포럼과 한-중앙아 B2B 미팅도 함께 개최되었습니다."
2023-11-30,美스탠퍼드大 동아시아 기술지정학 워크숍,"KF(Korea Foundation, 한국국제교류재단, 이사장 김기환)와 미국 스탠퍼드대학교가 공동 주최하는 제2회 동아시아 기술지정학 워크숍이 11월 8일(수) 샌프란시스코에 위치한 스탠퍼드대학교에서 개최되었습니다. 이번 워크숍에서는 2023 샌프란시스코 APEC 정상회의 개최를 기념하여 △ 한국의 대외정책, △ 기후변화와 지정학, △ AI 거버넌스, △ 중국과 디리스킹, △ 반도체법과 인플레이션 감축법 등 APEC 정상회의 의제 및 동아시아 안보 이슈를 포괄적으로 다뤘습니다. 한국 측에서는 박진 외교부 장관이 기조연설(녹화영상)을, 김기환 KF 이사장이 개회사를 맡았고 그 외 천영우 前대통령비서실 외교안보수석, 김원수 前UN사무차장 겸 고위군축대표, 정서용 고려대 국제학부 교수, 남기태 서울대 재료공학부 교수, 이재민 서울대 법학전문대학원 교수 겸 경제안보대사, 손상수 SK 하이닉스 부사장, 김소정 국가안보전략연구원 신흥안보연구실장, 손지원 한국과학기술연구원(KIST) 기술정책연구소장 등 총 10명이 참석했습니다. 미국 측에서는 회의 첫날 안토니 블링컨(Antony Blinken) 국무장관의 축사 영상을 시작으로, 이틀째에는 테아 로즈만 켄들러(Thea D. Rozman Kendler) 상무부 산업안보국(Bureau of Industry and Security; BIS) 수출관리 차관보가 기조연설자로 참여했습니다. 이외에도 앤드류 그로토(Andrew Grotto) 前백악관 사이버안보정책 선임국장, 마리체 스카크(Marietje Schaake) 前유럽의회 의원, 마이클 비먼(Michael Beeman) 前 美무역대표부 대표보, 기타 위르자완(Gita Wirjawan) 前인도네시아 무역부 장관, 브루스 앤드류스(Bruce Andrews) 인텔 대관 담당 부사장 등 다양한 국적의 정관계 인사들이 함께했습니다."
2023-12-04,런웨이 싱가포르 #SGFASHIONNOW 2023 전시 개막식 개최,"런웨이 싱가포르 #SGFASHIONNOW 2023 전시 개막식이 11월 30일 KF갤러리에서 개최되었습니다. 이종국 KF교류협력이사, 에릭 테오 주한싱가포르대사, 창 휘 니 싱가포르문화유산위원회 CEO, 케니 팅 아시안문명박물관장을 비롯해 10여개국 주한외국공관장, 주한외교단, 문화예술 및 언론 관계자 등 많은 분들이 참석해 자리를 빛내주셨습니다."
2023-12-04,중앙아시아 4개국 전략연구소장 초청,"KF(Korea Foundation, 한국국제교류재단, 이사장 김기환) 한-중앙아협력포럼사무국은 10월 19일(일)부터 24일(금)까지 중앙아시아 4개국의 전략연구소 기관장급 인사들을 한국에 초청했습니다. 이번 초청은 중앙아시아 주요 국책연구소를 대상으로 한국에 대한 이해도를 제고하고, 서로 간의 협력 네트워크를 구축하기 위해 시행되었습니다. 이번에 한국을 찾는 인사들은 △ 카나트벡 아지스(Kanatbek Aziz) 키르기스스탄 대통령 직속 국립전략연구소장, △ 하이리딘 우스몬조다(Khairidin Usmonzoda) 타지키스탄 대통령 직속 전략연구센터장, △ 파닐 카디로프(Fanil Kadirov) 우즈베키스탄 중앙아시아 국제연구소 부소장(소장 직무대리), △ 아셀 나자르베토바(Assel Nazarbetova) 카자흐스탄 대통령 직속 전략연구소 학술연구담당(부소장) 등 총 4명입니다. 이들은 국립외교원, 대외경제정책연구원, 한국개발연구원, 국토연구원 등 국내 유수 싱크탱크를 방문해 외교경제 및 정책 현안을 공유하면서 상호 이해를 넓히고, 중앙아 연구소들과 한국 간 연구소 차원의 협력 방향을 논의했습니다. 그 외에도 서울대학교 아시아연구소, 한양대 국제대학원 등을 방문하였습니다. 한국 체류 기간 중 20일(월)에는 한-중앙아 싱크탱크 라운드테이블 이 개최되었습니다. 4개국 전략연구소 대표들과 주한 중앙아시아 5개국 대사, 한국 측에서는 외교부와 국내 연구기관 및 중앙아시아 전문가들이 모여서 한국과 중앙아시아의 대내외 환경 변화 및 협력 관계를 진단하고, 향후 협력 확대를 위한 싱크탱크 포럼 창설을 논의하였습니다."
2023-12-11,2023 한일시민 100인 미래대화 개최,"KF(Korea Foundation, 한국국제교류재단, 이사장 김기환)는 서울대학교 일본연구소 및 일본 와세다대학 한국학연구소와 공동으로 11월 24일(금)부터 26일(일)까지 2023 한일시민 100인 미래대화 를 인천 송도에서 개최했습니다. 2023 한일시민 100인 미래대화 의 대주제는 지속 가능한 지구를 이끄는 한일 시민협력으로 양국이 공통적으로 직면하고 있는 현안 이슈인 △ 지구건강(planetary health)을 위한 지역사회 협력의 가능성, △ 탈진실(post-truth) 시대, 소셜 미디어 속의 한일관계, △ 지속가능한 한일관계를 위한 미래세대 교류, △ 과학기술의 발전과 시민적 참여, 그리고 실천 등 4개의 분과세션이 마련되었습니다. 참가자들의 관심 분야에 따라 해당 주제에 대해 자유롭게 의견을 교환하며, 다음날 종합토론에서 분과세션 별 토론 결과를 공유하며 전체 토론이 이루어졌습니다. 올해는 나리카와 아야 문화평론가(前아사히신문 기자)가 기조강연자로 나섰고 작년 참가자들의 후속 협력사업 사례 발표도 있었습니다. 작년 참가자 중 한일해양쓰레기예술팀은 해변 표류 쓰레기 문제 해결을 위한 한일 협력을, 구디로그 팀은 배리어프리(Barrier-free) 한일 비교를 주제로 프로젝트를 진행해 왔으며, 그 결과를 이 자리에서 공유하였습니다."
2023-12-13,KF XR 갤러리 기획전 K=XY: 시공의 너머 개막식 개최,"KF XR 갤러리 기획전 K=XY: 시공의 너머 개막식이 지난 12월 5일에 개최되었습니다 이종국 KF 교류협력이사 주재로 개최된 개막식에는 참여 작가인 강승표, 유상현 작가님과 한국문화재재단, 한국예술종합학교 AT랩, 재단법인 아름지기, 미술계 관계자 등 많은 분들이 참석해 자리를 빛내주셨습니다. K-컬처를 국제교류 관점에서 조망한 동 전시에 관해 많은 이야기를 나누었습니다."
2023-12-13,한-인도 다이얼로그 개최,"KF(Korea Foundation, 한국국제교류재단, 이사장 김기환)는 서울국제포럼(The Seoul Forum for International Affairs; SFIA) 및 인도 아난타 센터(Ananta Centre)와 공동으로 11월 27일(월)부터 28일(화)까지 서울에서 제22차 한-인도 다이얼로그 를 개최했습니다. 이번 행사는 △ 인도태평양 지역 안보 및 경제 분야 협력, △ 국방-우주, 반도체, 그린 수소, 소형모듈원자로(SMR) 분야 산업기술 협력 등을 주제로 6개 세션에 걸쳐 진행되었습니다. 올해는 비즈니스 라운드테이블 세션이 신설되어 국내 주요 대기업들이 참석했습니다. 제1세션 인도태평양 전략지정학 및 안보 상황과 한-인도 협력에서는 이스라엘-하마스 전쟁 및 미중 전략 경쟁, 한국과 인도 양국 정상의 대미정책, 해양 안보 및 북한의 위협 등에 대해 논의했습니다. 제2세션 인도태평양 경제 상황 및 한-인도 협력에서는 양국 간 경제안보 강화와 공급망 탄력성 증대 방안을, 그리고 제3세션 비즈니스 라운드테이블에서는 투자 기반 확대, 경영 환경 대응 등 비즈니스 관점에서 양국의 협력 방안을 보다 구체적으로 이야기하였습니다. 제4세션부터 제6세션까지는 국방-우주, 반도체 및 디지털 전환, 그린수소와 소형모듈원자로, 기후 변화 등의 분야에서 한국과 인도 간 산업 및 기술 측면의 다각적 협력 방안을 논의했습니다. 한국 측에서는 김기환 KF 이사장을 비롯하여, 박태호 서울국제포럼 회장, 윤영관 前외교통상부 장관, 이준규 아산정책연구원 이사장(前주인도대사), 이정민 카네기평화재단 선임연구원, 김정곤 대외경제정책연구원 인도남아시아팀장 등이 참석했고, 인도에서는 아난타 센터의 나샤드 포브스(Naushad Forbes) 회장과 인드라니 박치(Indrani Bagchi) 대표, 아밋 쿠마르(Amit Kumar) 주한인도대사, 아제이 쿠마르(Ajay Kumar) 前국방부장관, 디파 고파 와드와(Deepa Gopa Wadhwa) 前주한인도대사 등이 참석했습니다."
2024-01-24,COP28 계기 두바이서 한국문화행사 개최,"KF(Korea Foundation, 한국국제교류재단, 이사장 김기환)는 아랍에미리트 두바이 엑스포시티에서 열리는 제28차 유엔기후변화협약 당사국총회(COP28) 계기 11월 30일(목)부터 12월 11일(월)까지 두바이에서 한국문화행사를 개최했습니다. COP28은 파리협정 이행을 위한 국제사회의 협력을 강화하고 탄소중립 실현을 위한 구체적인 행동 계획을 논의하는 자리입니다. COP28이 열리는 두바이에서 KF는 기후변화 대응을 위한 한국의 관심을 표명하고 문제 해결을 위한 세계인의 화합을 도모하는 의미에서 미디어 아트 전시와 비보이 공연을 선보였습니다. 전시는 COP28 한국홍보관에서 11월 30일부터 12월 11일까지 열렸습니다. 이 전시는 지난 5월 KF XR갤러리 개관 기념으로 개최된 창백한 푸른 점 展의 작품들로 구성되었습니다. 한국 친환경 기업에 관심을 가진 국제 방문객들을 맞이한 이 전시에는 문경원전준호를 비롯, 국내 유명 미디어아트 작가들이 참여했고 기후 위기, 탄소 배출, 멸종위기종 등 현재의 환경 문제를 다루고 있습니다. 이에 더하여 COP28 영국문화원 홍보관에서는 KF와 영국문화원이 3년째 시행해 온 한-영 기후변화 크리에이티브 프로젝트 공모전의 2021년 및 2022년 선정작인 영상 3편이 상영되기도 했습니다. 12월 4일에는 COP28 총회장의 문화전시장인 ‘그린존(Green Zone)’ 무대에서 비보이 그룹 ‘갬블러크루’와 스트릿댄스 락킹 그룹 ‘롤링핸즈’의 창작 공연 「No More Opportunity」가 개최되었습니다. 이 공연은 만국 공용어인 춤을 매개로 ‘더 이상의 기회는 없으니 기후변화 대응을 위해 함께 힘을 모아 노력하자’는 메시지를 국제사회에 전달하고자 기획되었습니다."
2024-01-30,2023 KOREANA 겨울호 발간,"코리아나 2023 겨울호: 아트 테크, 새로운 지평을 열다 2023 KOREANA 겨울호는 예술과 기술을 주제로 디지털 시대의 예술을 조명합니다. 특집 칼럼을 통해 기술을 바탕으로 한 예술의 다양한 면모를 살펴봅니다. 더불어 부커상 최종후보작인 저주토끼 의 저자, 정보라 작가와의 인터뷰, 프로듀서 250이 말하는 ‘뽕’, 그리고 무주로의 여행이 독자 여러분을 찾아갑니다. 코리아나는 11개 언어로 웹진(www.koreana.or.kr)으로도 구독이 가능합니다."
2024-02-13,2024 KF 글로벌 펠로 위촉식,"KF(Korea Foundation, 한국국제교류재단, 이사장 김기환)는 2월 6일 KF 글로벌센터 세미나실에서 2024 KF 글로벌 펠로 위촉식 을 시행했습니다. 올해부터 시작하는 KF 글로벌 펠로 프로그램은 첨단과학기술 및 미디어예술시민사회정책 등 사회 각 분야에서 활동하고 있는 만 25세 이상 34세 이하의 젊은 리더들이 글로벌 리더로서 자리매김할 있도록 전세계 해당 분야의 전문가들과 교류하고 연대할 수 있는 기회를 제공하는 프로그램입니다. 지난 해 공개모집을 통해 선발된 2024 KF 글로벌 펠로들은 바이오, 기후, 항공, 인권, 국제협력, 문화예술 등 사회 각 분야에서 활동하고 있는 12명의 젊은 리더들로 구성되었습니다. 이들은 올 한 해 KF 글로벌 펠로로서 기후위기, 인공지능 등의 전 지구적 도전 과제까지 확장되고 있는 공공외교의 다양한 활동에 참여하며, 국내외 역량 있는 차세대 리더들의 연대와 도전을 통해 글로벌 이슈에 대한 해결 방안을 모색할 예정입니다."
2024-02-27,2024 KF- ISF 글로벌 서밋 개최,"KF는 에릭 슈미트 구글 前CEO가 설립한 국제전략포럼(International Strategy Forum/ISF)과 함께 지난 2월 25일부터 서울 웨스틴조선호텔에서 2024 ISF 글로벌서밋을 개최중이다. -->25일 개회식에서 김기환 KF 이사장은 개회사를 통해 ISF 글로벌서밋은 다중위기의 시대에 주요 기술국제 문제에 대한 새로운 해결책을 찾는 기회가 될 것이라고 한국을 찾은 62개국 117명 펠로들에게 감사와 당부를 전했다. 기조연설자로 나선 반기문 前유엔사무총장은 기후변화가 촉발할 대전환을 주제로, 세계 각국에서 참여한 ISF펠로와 시니어 리더들에게 전지구적 이슈를 해결하기 위해 지속적인 관심을 가져줄 것을 당부했다. 26일 오전에는 지역별 세션을 통해 글로벌 이슈 해결 방안을 모색하고 상호 의견을 교환하는 시간을 가졌으며, 오후에는 삼성전자, 네이버, 현대자동차 등 한국 기업을 탐방하였다. 저녁에는 박진 前외교부장관과 함께 새로운 지정학적 균형을 위한 한국의 역할에 대해 논의하고, 김창범 한국경제인협회 부회장과의 만찬을 끝으로 하루 일정을 마무리하였다. 27일에는 주제별(기술혁신, AI, 기후변화, 바이오기술, 안보 등) 이슈 해결을 위한 대책을 논의하고 민화, 한식, K-pop 댄스 등 한국문화를 체험했다. 28일에는 정책해커튼을 통해 혁신 아이디어를 실제 정책으로 발전시킬 수 있는 방안을 모색한다. ISF펠로들의 논의에 깊이를 더할 수 있도록 고윤석 한국지능정보사회진흥원 수석, 김소정 국가안보전략연구원 신흥안보연구실장, 베네데타 베르티(Benedetta Berti) NATO 정책기획관, 이에바 일베스(Ieva Ilves) 前에스토니아 대통령 영부인, 루치아나 보리오(Luciana Borio) 前미 NSC 보건안보대응팀장 등 시니어 리더들로부터 멘토링을 받는다. 마지막 날에는 각 분야에서 활동 중인 젊은 한국인 리더들로 구성된 KF 글로벌 펠로와 ISF펠로들이 함께 모여 글로벌 이슈 해결 방안 모색을 위해 머리를 맞댈 예정이다."
2024-03-12,2024 KF-ISF 글로벌서밋,"KF는 에릭 슈미트 구글 전 CEO가 설립한 국제전략포럼(International Strategy Forum/ISF)과 함께 2024 ISF 글로벌서밋을 2월 25일(일)부터 29일(목)까지 서울 웨스틴조선호텔에서 개최했습니다. 이번 글로벌서밋에는 ISF펠로로 선발된 과학기술 및 국제문제 분야 차세대 글로벌 리더 62개국 116명이 참석해 기술 지정학 등 국제문제 해결을 위한 방안을 논의하였습니다. 26일부터 이틀 간은 아시아, 아메리카, 유럽, 아프리카, MENA 지역별 및 ▲기술혁신, ▲AI, ▲기후변화, ▲바이오기술, ▲안보 등 주제별 이슈 해결을 위한 대책을 논의하고, 28일에는 정책해커톤을 통해 혁신 아이디어를 실제 정책으로 발전시킬 수 있는 방안을 모색하였습니다. 또한 삼성, 네이버, KT 등 한국 기업 탐방 및 K-pop 댄스, 광화문 워킹투어 등을 통해 한국의 기술과 문화를 경험하는 시간도 가졌습니다. 이번 행사에는 반기문 前유엔사무총장, 박진 前외교부장관, 라비 아그라왈(Ravi Agrawal) Foreign Policy 誌 편집장, 파리드 자카리아(Fareed Zakaria) CNN 호스트(온라인), 베네데타 베르티(Benedetta Berti) NATO 정책기획관, 이에바 일베스(Ieva Ilves) 前에스토니아 대통령 영부인, 루치아나 보리오(Luciana Borio) 前미 NSC 보건안보대응팀장 등이 참여하여, 글로벌현안에 대한 특강 연사 및 멘토로 참여했습니다. 마지막날에는 각 분야에서 활동 중인 젊은 한국인 리더들로 구성된 KF글로벌 펠로와 ISF펠로들이 함께 모여 유엔 지속가능발전목표(UN SDGs)를 주제로 글로벌 이슈 해결 방안을 함께 찾고, 네트워킹하는 시간도 마련되었습니다. 이번 ISF 글로벌서밋 개최를 통해 전 세계 신진리더들이 글로벌 주요 현안에 대해 의견교환하는 열띤 토론의 장뿐만 아니라 한국이 차세대 핵심기술 보유국 및 글로벌 중추국가로서 역할을 전세계 신진리더들과 함께 공유하는 의미 있는 시간이 되었기를 기대합니다."
2024-03-14,2024 KF 외교관 한국 언어 문화 연수,"KF(Korea Foundation, 한국국제교류재단, 이사장 김기환)는 3월 11일(월)부터 8주간 31개국에서 온 외교관 31명을 대상으로 2024 KF 외교관 한국언어문화연수 프로그램을 시행합니다. 호주, 칠레, 케냐, 인도네시아, 이란 등 31개국 31명의 외교관들이 연수에 참여합니다. 참가자들은 국립외교원에서 2주간 한반도 및 동북아 정세, 글로벌 현안 등을 주제로 한 특강을 수강하며 정치, 경제, 사회 등 한국 전반에 대한 학습을 진행할 예정입니다. 또한, 외교부를 방문하여 지역별 이슈에 대해 논의하고 상호 교류하는 시간을 가집니다. 그밖에도 순천향대학교 한국어교육원에서 한국어 교육을 수강하고, 태권도, 도예, K-Pop 등 한국문화를 체험하며, 수원화성 등 문화 유적지도 방문합니다. 3월 11일 오전 11시 30분 서울 웨스틴조선호텔에서 개최된 환영식에는 주한라트비아대사, 주한필리핀대사, 주한조지아대사, 주한타지키스탄대사 등 주한대사 11명을 포함한 총 24명의 주한외교단이 참석하여 연수생들을 격려했습니다."
2024-03-22,조화: 마르친 리체크 사진전 개최,"KF(Korea Foundation, 한국국제교류재단, 이사장 김기환)는 주한폴란드대사관(대사 피오트르 오스타셰프스키(H.E. Piotr Ostaszewski))과 공동으로 조화: 마르친 리체크 사진전 을 3월 18일(월)부터 5월 24일(금)까지 서울 KF갤러리(중구 수하동)에서 개최합니다. 마르친 리체크(Marcin Ryczek)는 국제적으로 활발히 활동 중인 폴란드의 사진작가로, 더 가디언, 텔레그래프, 내셔널지오그래피 등 세계 유수 매체들에 작품이 소개되며 국제적인 명성을 얻고 있습니다. 평화, 인간과 자연의 조화 등을 주제로 미니멀리즘의 기하하적인 요소와 철학적 의미를 담고 있는 리체크의 작품은 추상적인 표현 방식을 통해 관람객에게 해석의 여지를 열어두는 것이 특징입니다. 자연과 인공물, 인간의 모습을 병치시킨 그의 사진은 기술적인 부분에서 감탄을 자아내는 동시에 철학적 사유도 이끌어냅니다. 특히 그의 대표작인 눈 속에서 백조에게 먹이를 주는 남자 는 그림자와 빛의 대비, 눈과 어둠의 조화를 잘 표현한 작품으로, 권위 있는 국제 사진상 중 하나인 국제순수예술사진상(Fine Art Photography Awards)에서 2013년 최고상을 수상했을 뿐만 아니라, 허프포스트에서 가장 인상적인 다섯 사진작품 중 하나로 선정되기도 했습니다."
2024-03-25,한-영 협력 기후변화 프로젝트 연안의 기록들 디지털 플랫폼 런칭,"한국국제교류재단(KF)과 주한영국문화원이 공동 지원하는 한-영 기후변화 크리에이티브 프로젝트 연안의 기록들 (Littoral Chronicle) 디지털 플랫폼이 런칭되었습니다. 동 프로젝트는 한국 남서부, 영국 북동부를 포함한 여러 연안 지대를 가로질러 해안 생태계와 기후위기 영향을 가장 먼저 느끼는 공동체 간의 동맹에 대한 이해를 만들어 나갑니다. 한-영 다해안적(trans-coastal) 예술 연구 프로젝트의 결과물은 연안의 기록들 디지털 플랫폼에서 확인할 수 있습니다. (www.littoralchronicle.com)"
2024-04-02,2023 지구촌 한류현황 발간,"KF는 전 세계 119개국 172개 재외공관과 협력하여 2023 지구촌 한류현황을 발간하였습니다. [온라인 버전 보기 링크: www.kf.or.kr/archives/ebook/ebook_list.do] 2023 지구촌 한류현황은 전 세계 재외공관을 통해 수집한 세계 한류 현황 자료를 정리한 책으로 2012년부터 매년 발간되어 올해로 12번째 발간을 맞이했습니다. 2023년 12월 기준 전 세계 한류 팬은 2억 2,500만 명으로 조사됐습니다. 이는 책자 발간이 시작된 2012년(당시 926만 명) 대비 12년 사이 24배 증가한 수치입니다. 또한 동 발간 도서는 172개 재외공관에서 제공한 생생한 한류 정보를 4개 대륙으로 나눠 전달합니다. 약 1억 5,000만여 명의 한류 동호인을 보유한 한류의 텃밭 아시아대양주부터 전년 대비 2,000만 명의 팬이 증가한 미주, 지속적으로 성장하는 유럽과 아프리카중동까지, 한류가 세계 대중문화의 선두 주자로 자리 잡고 있는 모습을 확인해 보세요! KF는 해외 한류 동호회 데이터를 KF 통계센터(https://www.kf.or.kr/koreanstudies/hallyu.do) 를 통해 공개합니다. 관심 있는 누구나 KF 홈페이지에서 12년간의 한류 데이터 및 책자를 열람할 수 있습니다."
2024-04-12,2024 KF 의회 분야 해외유력인사 초청사업,"KF(한국국제교류재단, 이사장 김기환)는 3월 24일(일)부터 3월 30일(토)까지 6박 7일 동안 9개국 의회 분야 유력인사 11명을 한국으로 초청했습니다. 방한단에는 토마스 타예브와(Thomas Tayebwa) 우간다 국회부의장, 글라디스 숄레이(Gladys Shollei) 케냐 하원 부의장, 마크 코후앙코(Mark Cojuangco) 필리핀 하원 원자력에너지특별위원회 위원장, 카를로스 로하스 가르시아(Carlos Rojas Garca) 스페인 하원의원, 마르셀라 파소(Marcela Passo) 아르헨티나 하원의원, 엘비 그래이잭슨(Elvi GrayJackson) 알래스카 주(州)의회 상원의원 및 카메룬, 포르투갈, 텍사스(미국) 의회 인사가 포함되었습니다. 이들은 방한기간 동안 박장호 국회사무처 사무차장을 예방하고 국회 및 국회사무처의 역할에 이해하는 시간을 가졌습니다. 또한 김현기 서울특별시의회 의장과 만나 서울시의 기후변화 대응, 원자력 발전, 도시 간 교류 등 다양한 의견을 교환하였습니다. 그리고 강연을 통해 남북관계와 한반도 안보 상황에 대해 청취하는 시간을 가졌습니다. 아울러, 경복궁, 전쟁기념관, 현대모터스튜디오, DMZ 등을 둘러보며 한국의 역사, 문화, 산업 및 과학기술 등 다양한 모습을 접하였습니다"
2024-04-17,2024 5개국 정무 분야 유력인사 방한 초청,"KF(Korea Foundation, 한국국제교류재단, 이사장 김기환)는 3월 31일(일)부터 4월 6일(토)까지 정무 분야 유력인사 초청사업으로 레소토, 세르비아, 스페인, 크로아티아, 호주 등 5개국 5명을 한국에 초청했습니다. 이번에 초청사업을 통해 ▲타보 모포시(Thabo MOFOSI) 레소토 농업식량안보영양부 장관, ▲브란키차 얀코비치(Brankica JANKOVIC) 세르비아 평등보호위원회 위원장, ▲안셀모 페스타나 파드론(Anselmo PESTANA Padron) 스페인 중앙정부 카나리아제도 대표, ▲마르코 필리포비치(Marco FILIPOVIC) 크로아티아 리예카 시장, ▲필립 르 리우(Philip Le LIU) 호주 멜번시의원이 한국을 방문했습니다. 이들은 서울시청에 방문하여 서울시와 해외 지자체 교류 현황에 대해 설명을 듣고 청사를 견학하는 한편, 경기도청을 방문해 경기도 일자리정책 현황 및 우수사례를 청취했습니다. 더불어 글로벌녹색성장기구(GGGI)를 방문하여 한국의 저탄소 녹생성장 전략 지원 사업 추진 현황에 대해 청취하고 한국개발연구원(KDI)의 글로벌지식협력단지 전시관을 관람하여 우리나라 경제성장 발전 경험을 알아보았습니다. 각 인사들은 개별 일정으로 부산시, 전주시, 복지부, 전북 스마트팜혁신밸리 등 해당 분야별 관계자들을 만나 실질적 상호 협력 증대 방안에 대해서도 논의했습니다."
2024-04-25,외교안보 분야 유력인사 7개국 7명 방한 초청,"KF(Korea Foundation, 한국국제교류재단, 이사장 김기환)는 4월 14일(일)부터 7일간 외교안보 분야 유력인사 초청사업으로, 라트비아, 루마니아, 스리랑카, 인도네시아, 적도기니, 조지아, 파나마 등 7개국 7명을 한국에 초청했습니다. 방한 인사들은 국립외교원, 국방대 안보문제연구소, 국가정보원, 세종연구소 등을 방문하여 한국의 외교안보전략에 대해 청취했습니다. 또한, DMZ를 찾아 한반도의 평화와 안보에 영향을 미치는 국제정세, 대외관계, 군사안보, 대북전략 등에 관해 다각도로 이해를 제고했습니다. 초청인사들은 방한 기간 중 관심분야에 따라 개별 일정을 가졌으며, 그 밖에도 방위산업, 국방, 문화 등 방한인사 별 관심사에 따라 유관기관 방문 및 관계자 면담이 진행되었습니다."
2024-04-26,튀니지-코트디부아르 난타 공연 개최,"KF(Korea Foundation, 한국국제교류재단, 이사장 김기환)는 주튀니지대사관, 주코트디부아르대사관과 함께 4월 6일과 14일, 튀니지와 코트디부아르에서 난타공연을 개최했습니다. 4월 6일 튀니스 시립극장에서 열리는 튀니지 공연은 라마단 기간 중 튀니지 전통 음악, 무용, 미술 전시 등을 소개하는 메디나 축제 계기에 개최되었습니다. 4월 14일 공연은 코트디부아르 아비장 문화의 전당에서 제13회 아비장 아프리카공연예술축제(MASA, Marche des Arts du Spectacle d'Abidjan)의 일환으로 진행되었습니다. 코트디부아르의 최대 도시 아비장 전역에서 열리는 아비장 아프리카공연예술축제는 아프리카, 유럽, 아시아 등 세계 각지에서 100팀 이상 참여하는 아프리카 최대 문화예술행사입니다. 특히, 올해는 아시아 최초로 한국이 주빈국으로 초청되어, 난타 등 다채로운 우리 공연을 선보였습니다."
2024-05-02,‘2024 KF 국제교류 실무자 상반기 워크숍’ 개최,"KF(Korea Foundation, 한국국제교류재단, 이사장 김기환)는 4월 18일~19일 이틀간 서울 을지로에 위치한 KF글로벌센터에서 2024 KF 국제교류 실무자 상반기 워크숍을 개최했습니다. 이번 행사에는 서귀포시, 부산대학교, 세종학당재단 등 전국의 지자체, 대학, 공공기관 등 20개 기관에서 국제교류 담당자 36명이 참석했습니다. ▲구홍석 서울시 국제관계대사의 지자체 및 기관별 공공외교의 역할과 중요성, ▲이병종 숙명여대 국제관계대학원 교수의 미디어와 공공외교, ▲문경연 전북대 국제인문사회학부 교수의 국제개발협력과 공공외교, ▲ 김화정 이화여자대학교 국제지역연구소 연구교수의 지자체 공공외교 사업 기획 실습 및 토론, KF갤러리 전시 관람, 참가자 간 교류 시간등이 진행되었습니다."
2024-05-02,아프리카에서 미래를 찾는 청년들의 5인 5색 특강 개최,"KF(Korea Foundation, 한국국제교류재단, 이사장 김기환)는 세바시(세상을 바꾸는 시간 15분)와 함께 4월 23일(화) 서울역사박물관 야주개홀에서 한-아프리카 정상회의를 계기로 아프리카에서 일하는 우리 청년 5명을 초청해 특집 강연을 개최했습니다. 강연자로는 ▲오환종 대표(tAB 대표, 저탄소 휴대용 UV 살균 정수기 개발 스타트업), ▲양문희 대표(그룹 포니케 대표, 댄서), ▲송태진 제작팀장(前 케냐TV방송국 GBS 제작팀장, 유튜버), ▲이소미 대표(나인티프로덕션 대표, 아프리카 뷰티패션 스타트업), ▲남태영 작가(사진작가)가 참여했습니다. 대한민국 인재상 포함 장관상을 4회 수상한 오환종 tAB 대표가 탄소배출량을 절감하고 아프리카 식수 개선에 활용될 수 있는 휴대용 UV살균기를 개발하게 된 배경과 그 과정을 들려주었어며, 양문희 대표는 20대에 아프리카 전통춤에 매료되어 아프리카 춤 전문가로 활동하게된 이야기를 소개했습니다. 송태진 제작팀장은 해외봉사활동 후 아프리카에 매력을 느끼고 영상 제작을 배워 현지에서 취재를 했던 경험, 이소미 나인티프로덕션 대표는 다채로운 아프리카의 색감에 빠져 아프리카 전통 원단 키텡게(Kitenge)를 현대적 감각의 패션 디자인 제품으로 선보인 과정을 들려주었고, 남태영 작가는 사진을 통해 우리가 알지 못했던 아프리카의 모습들을 소개한 경험들을 공유했습니다. 이날 촬영된 영상은 세비시 유튜브 채널에서 5월 22일 만나볼 수 있습니다."
2024-05-02,파리올림픽 계기 메타 시티: 서울-파리展 개최,"KF(Korea Foundation, 한국국제교류재단, 이사장 김기환)는 2024년 파리 올림픽 계기 기획전 메타 시티: 서울-파리展을 4월 26일(금)부터 9월 7일(토)까지 디지털 공공외교 체험 전시 공간인 KF XR갤러리(서울 중구 소재)에서 개최했습니다. 올림픽의 인류 보편적 가치를 기념하고, 양국의 올림픽 개최도시를 중심으로 상호 교감하는 장을 마련하기 위해 기획된 이번 전시에서는 백남준, 권하윤, 미구엘 슈발리에(Miguel Chevalier) 등 양국 유명 작가들이 상대국에 대한 애정과 존중을 바탕으로 작업한 실감형/미디어 아트 작품들을 선보입니다. 먼저, 2024 파리올림픽 참여 작가인 미구엘 슈발리에는 최근 한국에서의 활동을 담은 서울 소재 신작을 이번 전시에서 최초 공개합니다. 또한, 백남준이 국민체육진흥공단 소마미술관의 의뢰로 제작한 프랑스 출신의 근대 올림픽 창시자 쿠베르탱(Coubertin)을 주제로 한 비디오 아트와 권하윤이 프랑스인 스승의 추억을 작가의 관점으로 재구성한 VR 작품도 소개합니다. 그밖에도 배우 콜린 파렐이 영어 해설을 맡은 VR 애니메이션 영화 1점과 파리 에펠탑, 센강, 오르세 미술관을 실감나게 체험할 수 있는 VR 작품 3점을 비롯해, 한국 아티스트 듀오 룸톤(ROOM TONE)의 꿈을 주제로 한 VR 작품도 전시됩니다. 이번 전시는 주한프랑스대사관 문화과, 프랑스해외문화진흥원, 국민체육진흥공단, 소마미술관, 서울문화재단 등 여러 기관의 협력으로 진행됩니다."
2024-05-09,부이 꽝 후이 베트남 호치민공산청년단 제1서기 초청,"KF(Korea Foundation, 한국국제교류재단, 이사장 김기환)는 4월 29일(월)부터 5일간 KF 한-베 미래지향 교류사업의 일환으로 부이 꽝 후이(Bui Quang Huy) 베트남 호치민공산청년단* 제1서기 등 대표단 6명을 한국에 초청했습니다. 국가청년위원회** 위원장도 겸하고 있는 부이 꽝 후이 제1서기는 베트남 청년정책을 총괄하는 핵심인사로, 그의 방한은 한-베트남 간 청년교류, 특히 미래 산업 관련 분야에서 양국 청년 간 교류협력을 확대하고 양국 관계 발전에 기여할 것으로 기대됩니다. **국가청년위원회 베트남의 청년정책을 다루는 정부위원회이자, 총리 자문기관 교육부, 내무부, 노동부 차관 등이 위원으로 참여하며, 관계부처 공무원으로 구성 방한 기간 중 대표단은 박구연 국무조정실 국무1차장, 오기웅 중소벤처기업부 차관과 차례로 만나, 한국의 청년정책과 양국의 청년 스타트업 협력방안 등에 대해 논의했습니다. 또한, 국립국제교육원과 한국과학창의재단을 방문하여 청년 교류사업 및 STEM 분야 인재양성사업 협력에 대해 협의했습니다. 또한, 호치민시와 자매도시를 맺고 있는 부산시를 방문, 이준승 행정부시장을 예방하여, 한-베 지자체 협력 현황 및 향후 교류확대 방안에 대한 이야기를 나누고, 장제국 동서대 총장과의 면담을 통해 양국 대학생 간 교류에 대해 논의하고 동서대에 유학 중인 베트남 학생들과의 만남도 가졌습니다. 그 밖에도 2014년 한-아세안 특별정상회의 후속조치로 우리 정부가 2017년 부산에 설립한 KF아세안문화원을 비롯해 주한베트남대사관, 농협중앙회 등도 방문하여 관계자와 간담회를 가졌습니다"
2024-05-14,G7 플러스 시대를 위한 한-G7 협력 강화 논의,"KF(Korea Foundation, 한국국제교류재단, 이사장 김기환)는 이탈리아 국제문제연구소(이하 IAI, Istituto Affari Internazionali)와 함께 한-G7 협력 포럼을 5월 7일(현지시간 10시) 이탈리아 로마에서 개최했습니다. 이번 포럼에서는 ▲(1부) 한-G7 국제안보 융합 (ROK-G7 Convergences on International Security) ▲(2부) 한-G7 과학기술 협력 (ROK-G7 Cooperation on Science and Technology) ▲(3부/비공개) G7 플러스 인도태평양 다차원적 안보협력 (G7 Plus Multidimensional Security Cooperation in the Indo-Pacific) 등을 주제로 한국과 G7 회원국 전문가들의 발표와 토론이 진행되었습니다. 특히, 이번 포럼의 1, 2 부는 유튜브를 통해 공개되었습니다. ※ 유튜브 링크: https://www.youtube.com/live/WPnVvBViOwssi=fWu5yioRwWeUmVmT 한국 대표단*으로는 윤병세 前 외교부 장관, 신각수 前 주일대사 등이, G7 회원국 대표단**으로는 라이너 루돌프 뮌헨안보회의 부의장, 페르디난도 넬리 페로치 IAI 회장 등이 참석했습니다. *한국대표단 윤병세 前 외교부 장관, 신각수 前 주일대사, 연원호 대외경제정책연구원(KIEP) 경제안보팀장, 남기태 서울대 재료공학부 교수,손지원 한국과학기술연구원(KIST) 연구기획조정본부장,박연수 한국항공우주산업(KAI) 전무, 이정민 미국 카네기국제평화재단(CEIP) 선임연구위원, 김은미 이화여자대학교 총장, 김재원 VantAI COO/CFO *G7 회원국 대표단 페르디난도 넬리 페로치(Ferdinando Nelli Feroci) IAI 회장, 라이너 루돌프(Rainer Rudolph) 뮌헨안보회의 부의장, 다르시 드라우트(Darcie Draudt) 미국 카네기국제평화재단(CEIP) 펠로, 나나에 발도프(Nanae Baldauff) NATO 국방대 일본 펠로, 안토니오 칼카라(Antonio Calcara) 브뤼셀자유대(VUB) 연구교수, 엔리코 잠폴리니(Enrico Zampolini) 탈레스 알레니아 스페이스 이탈리아 CTO, 고든 플레이크(Gordon Flake) 서부호주대 퍼스 미국아시아센터 CEO, 폴 샘슨(Paul Samson) 캐나다 국제거버넌스혁신센터(CIGI) 소장, 나탈리 토치(Nathalie Tocci) IAI 소장 KF 김기환 이사장은 한국과 G7 국가들 간 협력 강화 필요성에 대한 공감대를 찾고, 각국의 정책전문가들과 지속적인 소통을 이어나갈 것이라고 밝히며, 이번 포럼을 통해 글로벌 중추 국가로서 한국의 역할이 G7 국가들에 널리 알려질 수 있는 계기가 되길 기대한다고 언급했습니다."
2024-05-22,2024 KF 인도네시아 차세대 언론인 방한 초청,"KF(Korea Foundation, 한국국제교류재단, 이사장 김기환)는 해외 차세대 지한(知韓) 언론인을 발굴 및 육성하기 위해 5월 12일(일)부터 7일간 인도네시아 언론인 14명을 한국에 초청했습니다. 이번 방한단은 2022년 및 2023년에 시행된 인도네시아 차세대 언론인 네트워크* 사업에 참여했던 언론인 중 CNN Indonesia, CNBC Indonesia 등 주요 언론사 소속의 차세대 기자 14명과 협력기관 FPCI(Foreign Policy Community of Indonesia) 2명으로 구성됐습니다. 특히, 이번 방한단에는 인도네시아 외무부가 매년 우수 언론인에게 수여하는 권위 있는 상인 아담 말릭 상(Adam Malik Award)'을 2023년 수상한 야신타 디파 프라무디아니(Yashinta Difa Pramudyani) ANTARA News Agency 기자도 포함되어 있습니다. 방한인사들은 외교부를 방문하여 한-아세안 연대구상(Korea-ASEAN Solidarity Initiative, KASI), 한-아세안 및 한-인도네시아 관계 및 현안 등에 대해 청취했습니다. 그리고 한-아세안 대화관계 수립 35주년을 맞아, KF아세안문화원, 한아세안 ICT 융합빌리지 등에서 한-아세안 협력현황을 확인하고 향후 협력 확대 방안 등에 대한 의견을 교환했습니다. 또한 KBS, 연합뉴스 등 주요 국내 언론사를 방문하고, 인도네시아 관련 한국 기자들과의 간담회를 통해 양국 언론인 간 교류의 기회를 가졌습니다."
2024-05-22,2024 한일 대학총장포럼 개최,"KF(Korea Foundation, 한국국제교류재단, 이사장 김기환)와 한국대학교육협의회(대교협, 회장 박상규)가 5월 9일(목), 서울 웨스틴조선 호텔에서 「한일대학총장포럼(Korea Japan University Presidents’ Forum)」을 개최했습니다. 이번 포럼은 새 시대를 향한 한일 대학의 발걸음을 주제로 개최되었습니다. 기조 강연과 총 3개의 세션에 걸쳐 진행되었으며, 기조강연에서는 한국과 일본 고등교육 현안인 「4차 산업혁명시대의 한일 인재양성」을 주제로 양국 석학들 간 깊은 논의의 장을 이루었습니다. 개회식에는 이주호 부총리 겸 교육부장관, 이종국 한국국제교류재단 교류이사, 박상규 한국대학교육협의회 회장, 미나토 나가히로 일본 국공사립대학단체 국제교류담당위원장 협의회(JACUIE) 회장, 미바에 타이스케 주한일본대사관 총괄공사, 김창범 한국경제인협회 부회장, 장제국 前 한국대학교육협의회 회장 등이 참석했습니다. 제1세션에서는 「국가 소프트파워로서의 대학의 역할」을 주제로 양국의 발표와 토론을 진행했습니다. 제2세션은 한국 한경협(FKI)과 일본 경단련(KEIDANREN)의 기획 세션으로, 「산학협력-공동연구와 인재 육성을 중심으로」라는 주제로 실전 사례를 중심으로 한 산업계 대표의 발표와 토론이 이어졌습니다. 제3세션에서는 「한일 미래세대인 대학생 교류 강화 및 활성화」를 위한 대학 총장들의 실질적 담론을 마지막으로 포럼을 끝마쳤습니다. 본 포럼은 한국과 일본 4년제 대학협의체가 처음 개최하는 총장 포럼으로 한국국제교류재단(KF)과 대교협(KCUE)이 공동주최하고 일본 국공사립대학단체 국제교류담당위원장협의회(JACUIE*)가 일본 측 협력국으로 참여하였습니다. 한국대학 대표단 45명(24개 대학)이 참석하였고 일본대학 대표단 37명(20개 대학)이 방한하여 총 90여 명의 양국 대학 총장 및 부총장·국제교류 처장이 함께했습니다."
2024-05-23,‘2024 KF-춘천시 찾아가는 공공외교 아카데미’ 개최,"KF(Korea Foundation, 한국국제교류재단, 이사장 김기환)는 5월 10일, 강원대학교 미래도서관 정강홀에서 2024 KF-춘천시 찾아가는 공공외교 아카데미를 개최했습니다. 올해는 주요 지방 거점에서 총 3회 개최 예정이며, 그 첫 번째 순서로 춘천시청과 함께 강원권 내 지방자치단체ㆍ공공기관ㆍ지방공기업ㆍ대학 등 기관 소속 국제교류 실무 담당자들에게 공공외교 역량강화 교육을 진행했습니다. 참석자들은 ▲정구연 강원대학교 정치외교학과 교수의 공공외교의 기본 이해, ▲남재철 아이앤비컨설팅 대표의 국제 의전과 글로벌 매너 강의 등을 통해 이론과 실무를 익혔습니다."
2024-05-29,언론분야 6개국 유력인사 방한 초청,"KF(Korea Foundation, 한국국제교류재단, 이사장 김기환)는 5월 19일(일)부터 25일(토)까지 언론분야 유력인사 초청사업으로 일본, 튀니지 등 6개국 6명을 한국으로 초청했습니다. 방한기간 동안 초청 인사들은 아리랑TV, 연합뉴스, KBS 등 한국의 주요 방송사를 방문해 한국의 미디어 산업 현황을 파악하고, 현직 언론인과의 면담을 가졌습니다. 또한, 한국언론진흥재단, 서울시청자미디어센터 등을 방문하여 인공지능 신기술을 활용한 영상 제작 및 시설 투어와 같은 체험형 교육프로그램에 참여하고, 미디어지원 정책 등을 청취했습니다. 특히, 주한튀니지대사를 지내고 무스타파 카마리 프리랜서 저널리스트는 현재 한국의 발전경험에 대한 저서를 집필 중에 있습니다. 이와 관련 방한 기간 중 한국사회복지협의회 등을 방문했으며, 아츠히코 이치리키 동북방송 사장은 자매결연사인 제주MBC를 방문했습니다."
2024-05-30,조화: 마르친 리체크 사진전 제주 순회전 개최,"서울 KF갤러리에서 성황리에 개최된 조화: 마르친 리체크 사진전이 제19회 제주포럼 개최 계기 5.29.(수)부터 6.14.(금)까지 제주국제컨벤션센터(ICC JEJU)에서 순회 개최됩니다. 이번 전시는 KF, 제주포럼, ICC JEJU가 공동으로 주최하고, 주한폴란드대사관과 협력하여 추진되었으며 국제순수예술사진상 2013년 최고상 수상자인 폴란드 사진작가 마르친 리체크의 작품 20여 점을 만나보실 수 있습니다. 특히, 허프포스트에서 가장 인상적인 사진 다섯 작품 중 하나로 선정되기도 한 작가의 대표작 눈 속에서 백조에게 먹이를 주는 남자도 소개됩니다. 인간과 자연의 조화, 평화 등을 주제로 미니멀리즘의 기하학적인 요소와 철학적 의미가 담긴 리체크의 작품은 ICC JEJU 3층 갤러리에서 누구나 무료로 관람하실 수 있습니다. 서울 KF갤러리에서 성황리에 개최된 조화: 마르친 리체크 사진전이 제19회 제주포럼 개최 계기 5.29.(수)부터 6.14.(금)까지 제주국제컨벤션센터(ICC JEJU)에서 순회 개최됩니다. 이번 전시는 KF, 제주포럼, ICC JEJU가 공동으로 주최하고, 주한폴란드대사관과 협력하여 추진되었으며 국제순수예술사진상 2013년 최고상 수상자인 폴란드 사진작가 마르친 리체크의 작품 20여 점을 만나보실 수 있습니다. 특히, 허프포스트에서 가장 인상적인 사진 다섯 작품 중 하나로 선정되기도 한 작가의 대표작 눈 속에서 백조에게 먹이를 주는 남자도 소개됩니다. 인간과 자연의 조화, 평화 등을 주제로 미니멀리즘의 기하학적인 요소와 철학적 의미가 담긴 리체크의 작품은 ICC JEJU 3층 갤러리에서 누구나 무료로 관람하실 수 있습니다."
2024-05-31,‘2024 중앙아시아 봄맞이축제’ 개최,"KF(Korea Foundation, 한국국제교류재단, 이사장 김기환)는 5월 18일(토)부터 양일간 서울 청계광장에서 중앙아시아 5개국 복합문화행사인 2024 중앙아시아 봄맞이축제를 개최했습니다. 올해는 우리 국민들이 중앙아시아 문화를 더욱 친근하게 접할 수 있도록 중앙아시아 봄맞이 음악회도 개최했습니다. 5월 18일(토) 저녁 7시 30분, 청계광장 야외무대에서 열린 이번 음악회에서는 각국의 대표곡을 서울팝스오케스트라와 중앙아시아 5개국 성악가가 협연을 통해 연주했습니다. 18일과 19일 오후에는 카자흐스탄에서 가장 오래된 챔버 합창단인 악토베필하모닉협회 카자흐챔버콰이어가 방한하여 34명의 화려한 합창을 들려주었습니다. 또한, 우즈베키스탄의 전통악기와 클래식 기타를 조화롭게 연주하는 투론 연주단의 무대를 포함하여 국가별 춤과 악기연주 등으로 구성된 전통공연도 개최되었습니다. 축제기간 동안에는 KF한-중앙아협력포럼사무국 유튜브의 탄탄로드-탄탄레시피에서 소개된 중앙아시아 5개국의 음식과 후식을 직접 시식해볼 수 있도록 무료로 제공해 많은 사람들이 함께 즐겼습니다. 각국 대사관의 소개 공간과 문화체험 공간에서는 중앙아시아 봄 문구 티셔츠 제작, 전통문양 열쇠고리 만들기 등 다채로운 문화체험 행사도 마련되었습니다. 행운권 추첨, 보물찾기 등 누구나 무료로 참여할 수 있는 행사도 열렸습니다."
2024-06-03,"‘KF 한국학 포럼 in 오스틴, 텍사스’ 개최","KF(Korea Foundation, 한국국제교류재단, 이사장 김기환)는 텍사스를 포함한 미국 남부지역 한국학 발전 및 현지 진출 우리 기업과의 협력 확대를 도모하기 위해 텍사스대 오스틴캠퍼스(UT 오스틴)와 협력하여 KF 한국학 포럼 in 오스틴, 텍사스를 5월 24일 10시(현지시간) 미국 텍사스주 오스틴에서 개최했습니다. 1부에서는 미국 남부지역 한국학 기반 강화를 위한 ▲지역 내 한국학 네트워크 구축의 중요성, ▲최신 한국학 연구, 교육 트렌트를 반영한 온라인 강의 활용 방안, ▲온라인 강좌 제공 사업인 KF 글로벌 e-스쿨 사례와 도서관 간 교류를 통한 국내-해외 대학 간 한국학 협력 활성화 방안을 탐색했습니다. 곽노진 뉴욕주립대(SUNY) 버팔로 국제교육 부총장보와 안지연 경희대 국제학과 교수가 관련 내용을 발표하고, 로버트 오펜하임(Robert OPPENHEIM) 텍사스대 KF-POSCO 석좌교수가 미시시피대, 세인트메리스대, 텍사스AM대, 라이스대 등 한국학 교수진과 함께 토론을 진행했습니다. 2부에서는 한국과 미국의 과학인재 양성 현황과 산학연 협력 가능성에 대한 토론을 이어갔습니다. 오태석 전 과학기술정보통신부 제1차관의 기조연설을 시작으로, 현지 한국 기업 및 산제이 바너지(Sanjay K. BANERJEE) 텍사스대 오스틴캠퍼스(UT 오스틴) 코크렐 공과대학 마이크로일렉트로닉스연구센터장, 이성주 성균관대 성균나노과학기술원장 등이 토론에 참석했습니다."
2024-06-11,2024년 제6차 한베미래포럼 개최,"KF는 베트남사회과학원(VASS)과 함께 6월 10일(월), 서울 웨스틴 조선호텔에서 제6차 한베미래포럼을 개최했습니다. 이번 포럼은 작년 한-베 포괄적 전략적 동반적 관계 격상에 따른 양국 협력강화를 위한 전략을 논의 하는 자리였습니다. 인태지역 자유와 평화, 번영을 위한 한-베 전략적 공조 강화, 한-베 포괄적 전략 동반자 관계 공고화를 위한 경제협력 증진, 한-베 공동 번영과 발전을 위한 미래분야 협력 확대 등 주제로 각 분야별 전문가의 발표와 토론이 진행되었습니다. 6.11.(화) 베트남 대표단은 산업통상자원부 정인교 통상교섭본부장 면담과 주한베트남대사를 예방할 예정입니다. 문화일정으로는 한국의 입법 과정을 배울 수 있는 대한민국 국회 본회의장 참관 프로그램과 한류 산업을 직간접적으로 체험할 수 있는 하이커 그라운드를 방문할 예정입니다."
2024-06-14,7개국 경제 분야 유력인사 방한 초청,"KF(Korea Foundation, 한국국제교류재단, 이사장 김기환)는 4월 21일(일)부터 4월 27일(토)까지 경제 분야 유력인사 초청사업으로 미국, 세네갈, 슬로바키아, 우크라이나, 요르단, 인도네시아, 탄자니아 등 7개국 8명을 한국에 초청했습니다. 이번에 초청사업을 통해 ▲ 케빈 김(Kevin D. KIM) 미국 뉴욕시 중소기업청 청장, ▲ 제임스 마이어(James M. MEYER) 미국 하퍼 마이어 법률사무소 창립 파트너, ▲ 울리마타 사르(Oulimata SARR) 세네갈 채굴산업투명성이니셔티브 위원장, ▲ 얀 오라베츠(Jn ORAVEC) 슬로바키아 경제성장협의회 회장, ▲ 올레나 보르젠코(Olena BORZENKO) 우크라이나 국립과학원 국제금융연구부장, ▲ 라스미 함자(Rasmi HAMZEH) 요르단 재생에너지 및 에너지 효율기금 총괄 디렉터, ▲ 데디 로히마트(Dedy ROCHIMAT) 인도네시아 가구산업협회 회장, ▲ 투마이니 샤바니 구루모(Tumaini Shabani GURUMO)탄자니아 해사교육원 원장이 한국을 방문했습니다. 이들은 한국경제인협회, 한국경제연구원, 대한무역투자진흥공사, 현대경제연구원 등을 방문하여 한국 경제의 주요 현안과 전망에 대한 설명을 듣고 의견을 나누는 시간을 가졌습니다. 또한, 현대 모터스튜디오, 한국경제발전전시관 등을 찾아 한국의 경제성장 동력과 경제발전 역사를 확인하고, DMZ와 창덕궁 등을 둘러보며 한국의 역사와 문화에 대한 이해를 넓혔습니다. 각 인사들은 개별 일정으로 외교부, 기획재정부, 중소벤처기업부 등 주요 정부부처를 방문하는 한편, LG그룹, 네이버웹툰, 스파크랩, 퍼시스, COSMAX 등 국내 주요 기업 관계자와 면담하며 실질적 상호 협력 증대 방안에 대해서도 논의했습니다."
2024-06-14,제19회 제주포럼 KF세션 개최,"KF(Korea Foundation, 한국국제교류재단, 이사장 김기환)는 5월 31일(금) 제19회 평화와 번영을 위한 제주포럼(이하 제주포럼)에서 글로컬 시대의 공공외교: 대한민국 지자체 공공외교 우수사례 발표를 주제로 KF세션을 개최했습니다. KF세션은 이종국 기획이사의 개회사와 홍석인 외교부 공공외교대사의 축사를 시작으로 주제발표, 패널토론, 청중 참여 질의응답 순으로 진행됐습니다. 김진호 제주대 교수가 좌장으로 나선 가운데 강은미 숙명여대 교수의 지방정부 공공외교의 현재와 나아갈 방향 주제발표와 경기도와 세종특별자치시의 공공외교 우수사례 발표가 이어졌습니다. 패널 토론에는 이하원 조선일보 외교안보 에디터가 참가해 다양한 의견을 나누었습니다. 이번 세션은 글로컬(Glocal) 시대를 맞아, 지역 주도 공공외교의 우수사례를 통해 지역 특성을 고려한 지자체 맞춤형 공공외교 체계 구축의 중요성과, 다양한 계층이 참여하는 공공외교를 실현하기 위한 지방정부의 역할을 되짚어 보는 자리가 되었습니다."
2024-06-25,2024 중앙아 스마트 물관리 전문가 초청연수,"KF(Korea Foundation, 한국국제교류재단, 이사장 김기환) 한-중앙아협력포럼사무국은 6월 16일(일)부터 22일(토)까지 일주일간 2024 중앙아 스마트 물관리 전문가 초청연수를 시행했습니다. 올해는 카자흐스탄 수자원 관개부, 타지키스탄 에너지자원부, 키르기스스탄 수자원농업가공산업부 산하 수자원청, 투르크메니스탄 농업환경보호부 등 중앙아시아의 주요 수자원 관련 부처 및 기관 소속 전문가 총 10명이 참여했습니다. 참가자들은 K-water, 국가물산업클러스터, 중랑물재생센터, 한강홍수통제소, 문산정수장 등을 방문해 상하수도 운영 및 관리, 하수처리 및 물 재이용 등 한국의 첨단 물 관리 시스템에 대한 국내 전문가의 강연을 듣고 토론하는 시간을 가졌습니다. 21일(금)에는 환경부, 아시아물위원회(AWC), 한국물산업협의회와 국내 물 관련 기업들이 참여하는 '한-중앙아 물 산업 협력 세미나'가 개최됐습니다. 세미나에서는 중앙아 시장에 관심 있는 한국 물 기업을 소개하고, 향후 기업들의 중앙아 진출 향방, 지역 간 물 분야 협력 확대 방향 등에 대한 논의가 이뤄졌습니다."
2024-06-28,교육 분야 유력인사 5개국 5명 방한 초청,"KF(Korea Foundation, 한국국제교류재단, 이사장 김기환)는 6월 16일(일)부터 7일간 교육 분야 유력인사 초청사업으로 중국, 러시아, 인도, 자메이카, 바레인 등 5개국 5명을 한국에 초청했습니다. 방한 인사들은 한국대학교육협의회, 국가평생교육진흥원, 서울대 규장각한국학연구원, 유네스코 아시아태평양국제이해교육원 등을 방문하여 한국의 고등교육 과정 전반에 대한 설명을 듣고, 교육 분야의 다양한 국제교류 사업에 대한 이해를 제고했습니다. 특히, 자메이카 인사는 수원대와의 MOU 갱신 논의, 인도는 서울대 아시아연구소와 양 기관 간 교류를 위한 실질적인 논의를 하였습니다. 이번 방한이 향후 교육분야 국제협력의 강화에 기여할 것으로 기대됩니다."
2024-06-28,한-중앙아 고등교육분야 정책토론회 개최,"KF(Korea Foundation, 한국국제교류재단, 이사장 김기환) 한-중앙아협력포럼사무국은 한-중앙아 고등교육분야 정책토론회를 6월 3일 서울 웨스틴조선에서 개최했습니다. 1부에서는 ▲부산대학교(한국대학국제교류협의회 회장교) 관계자가 한국 대학 국제교류/협력 현황을, ▲중앙아시아 5개국 고등교육분야 방한인사들이 중앙아 각국 대학 현황 및 국제교류/협력 수요를 각각 발표했습니다. 2부에서는 ▲인하대의 우즈베키스탄 타슈켄트 분교 설립 사례와, ▲계명대의 중앙아 고등교육 국제협력 사례를 공유했습니다. 3부에서는 1,2부의 발제자 전원이 참여하고, 영남대학교에서 추가 토론자로 나서 한-중앙아 고등교육 협력을 위한 종합토론을 진행했습니다. 이번에 토론회에 참석한 카자흐스탄, 키르기스스탄, 타지키스탄, 투르크메니스탄, 우즈베키스탄 등 중앙아시아 5개국 고등교육분야 고위관계자 5명은 정책토론회 참석 후, 인하대, 한국대학교육협의회 등 고등교육 기관을 방문하고, 한국의 대학교육 현장을 시찰했습니다."
2024-07-02,물보라를 일으켜展 개최,"KF(Korea Foundation, 한국국제교류재단, 이사장 김기환)와 네덜란드 예술단체 빌리타운*(Billytown)이 공동 주최하는 물보라를 일으켜 전시가 6월 20일부터 8월 17일까지 KF갤러리(서울 중구 소재)에서 개최됩니다. 이번 전시에서는 국제적인 활동을 펼치고 있는 샘 해쉬바흐(Sam Hersbach), 아프라 에이시마(Afra Eisma), 지아지아 치(Jiajia Qi), 카테리나 하일(Katerina Heil) 등 네덜란드 현대미술 작가 4인이 참여해 물이라는 하나의 공통 주제 아래 무수히 다른 형태를 지닌 물의 특성을 발견할 수 있는 회화, 직물, 설치, 조각, 영상, 드로잉 작품 16점을 선보입니다. 바다보다 낮은 땅으로 불릴 만큼 삶 속에서 물과 바다가 익숙한 네덜란드의 작가들이 환경과 여성, 가상과 실재, 우주와 인간, 시지각적 경험 등 동시대의 현안과 물에 대한 서로 다른 관념을 작품 안에서 다양하게 표현했습니다. 전시는 8월 17일까지 KF갤러리에서 무료로 관람하실 수 있습니다."
2024-07-03,KF-KOICA 업무협약(MOU) 체결,"KF(Korea Foundation, 한국국제교류재단, 이사장 김기환)는 2024년 7월 3일 경기도 성남시 코이카 본부에서 코이카(KOICA, 한국국제협력단)와공공외교 사업과 국제개발협력사업 간 협업을 위한 업무협약(MOU)을 체결했습니다. 이번 업무 협약에 따라 양 기관은 개발협력을 위한 공공외교의 새로운 의제를 발굴하고, 개발도상국이 한국에 대해 잘 이해할 수 있도록 학술교류 및 인적문화교류 등을 활발히 추진할 예정입니다. 김기환 한국국제교류재단 이사장은양 기관이 가진 글로벌 공공외교 및 개발협력의 전문성을 바탕으로 다양한 협업 사업을 추진해 글로벌 중추국가 실현에 함께 기여하겠다고 밝혔습니다."
2024-07-03,"베트남 청년 공무원 방한 초청, 한국 선진 기술 전수","KF(Korea Foundation, 한국국제교류재단, 이사장 김기환)는 KF 한베청년교류사업의 일환으로 6월 16일(일)부터 25일(화)까지 10일 간 베트남 청년 공무원 30명을 한국에 초청했습니다. 이번 방한단은 황 꾸옥 롱(Hoang Quoc Long) 베트남 내무부 청년국장을 비롯해 베트남 내무부 청년국, 국제협력국 등 내무부 소속 청년 공무원 및 푸 이엔 성, 디엔 비엔 성 등 각 지방성 소속 청년 공무원 총 30명으로 구성되었습니다. 이들은 청년, 신생기업, 지능형도시, 농업, 환경, 교육 등 다양한 주제로 구성된 방한일정에 참여했습니다. 국무조정실 산하의 중앙청년지원센터를 비롯해 서울광역청년센터, 서울창업허브(공덕)을 방문해서 한국의 청년 및 신생기업 지원 정책을 청취했습니다. 서울특별시 농업기술센터와 농협중앙회 방문으로 농촌 및 지방 농산물 시장 활성화 방안에 대해서도 알아보았습니다. 세종시청과 국토연구원에서는 지능형도시와 지역 균형발전 정책 및 시행 현황을 청취했습니다. 또한 최근 베트남에서 시행 중인 분리수거 및 재활용 의무화 등 환경보호 정책 강화 기조에 발맞춰 부산광역시 탄소중립지원센터와 부산환경공단 자원순환협력센터 생곡매립장을 방문해 한국의 자원순환 현황 역시 알아보았습니다. 아세안 10개 회원국 중 하나인 베트남의 대표단으로서 KF아세안문화원 역시 방문했으며, 부산외국어대학교의 한국어 교육 관련 브리핑도 청취했습니다. KF 한베청년교류사업은 베트남의 젊은 공무원을 방한 초청하여 한국의 선진기술 전수 및 경제 발전 경험 공유 등 한국에 대한 이해를 증진하고 양국 유관기관 네트워크를 강화하는 사업으로, 2013년 KF와 베트남 내무부가 양해각서(MOU)를 체결하며 시작되었습니다. 이에 따라, 오는 9월에는 이번 베트남 청년 공무원 방한 초청에 이어 우리나라 청년 공무원의 방베 파견사업도 시행될 예정입니다. 중앙부처 및 전국 지방자치단체 소속의 국제교류 또는 베트남 유관업무를 담당하는 39세 이하 청년 공무원을 대상으로 한국대표단 15명을 선발하여 9월 29일(일)부터 10월 5일(토)까지 일주일 간 베트남에 파견할 예정이다."
2024-07-08,알-파라비 카자흐국립대 한국학과 설립 30주년 기념 한국학 학술대회 개최,"KF(Korea Foundation, 한국국제교류재단, 이사장 김기환)는 6월 21일(금) 오전 9시(현지시간) 카자흐스탄 알마티 알-파라비 카자흐국립대에서 제12회 중앙아시아 한국학 학술대회를 개최했습니다. KF와 중앙아시아 한국학 교수협의회가 공동으로 주최하는 이번 학술대회는 인공지능 시대 중앙아시아 한국학의 역할과 전망을 주제로 진행되었습니다. 카자흐스탄, 우즈베키스탄, 키르기스스탄 등 중앙아시아뿐 아니라 한국, 러시아, 튀르키예 등 6개국 24개의 대학 및 유관기관에서 한국(어)학을 가르치거나 연구하는 한국인 및 현지인 교육자, 연구자, 학생들 150여 명이 모였습니다. 참가자들은 ▲한국학 발전을 위한 ICT 교육의 필요성, ▲한국어 교육에 있어 인공지능이 미치는 영향, ▲인공지능 시대의 한국어 교수법 및 장단점 등 다양한 주제에 대한 발표 및 토론을 통해 중앙아 지역의 한국학 발전 방향에 대해 논의했습니다."
2024-07-09,KF-서울디자인재단 업무협약 체결,"KF(Korea Foundation, 한국국제교류재단, 이사장 김기환)는 (재)서울디자인재단과 2024년 7월 1일, 동대문디자인플라자(DDP)에서 업무협약을 체결했습니다. 양 기관은 이번 협약을 통해 ▲미디어 아트 및 실감형 전시 콘텐츠 교류 협력, ▲전문가 교류를 통한 협업을 활발히 추진함으로써 해외에 한국의 디자인 문화를 알리고 국민들에게 양질의 작품을 선보이는 등 문화 공공외교를 강화해 나갈 예정입니다. 첫 번째 협력사업으로 오는 12월 새 단장 후 재개관 예정인 미디어 아트 상설 전시관(DDP 디자인랩 3층)에서 디지털 공공외교 체험관인 KF XR 갤러리의 콘텐츠를 활용한 첫 전시를 선보일 예정입니다."
2024-07-09,중앙아 5개국 핵심광물 분야 차세대 전문가 초청,"KF(Korea Foundation, 한국국제교류재단, 이사장 김기환) 한-중앙아협력포럼사무국은 한-중앙아 차세대 리더 네트워크 구축사업의 일환으로 6월 23일부터 6월 29일까지 중앙아시아 5개국*의 핵심광물 분야 차세대 인사 10명을 방한 초청했습니다. 이번에 방한하는 중앙아시아의 에너지 분야 차세대 초청인사는 카자흐스탄 산업건설부 지질위원회, 키르기스스탄 천연자원부 산하 지질청, 타지키스탄 산업기술부, 투르크메니스탄 국립과학원, 우즈베키스탄 광물산업지질부 등 핵심광물 및 관련 주요기관 소속인사 10명으로 구성되었습니다. 24일(월)에 개최된 한-중앙아 차세대 다이얼로그에서는 한국과 중앙아 5개국 에너지 및 핵심광물 분야 관계자 40여명이 모여 광물지원 현황과 개발전략을 주제로 ▲중앙아의 국가별 산업 현황과 중장기 개발전략, ▲국제 공급망 위기와 협력방안 등에 대해 발표 및 토론을 진행했습니다. 그리고 한국지질자원연구원을 방문해 핵심광물 탐사, 자원회수 등에 대한 강의를 듣고, 포스코 계열사의 ▲양극재 첨단 생산 기술, ▲전기차 배터리용 수산화리튬 생산 공정, ▲열연코일 제조공정 등을 견학했습니다. 또한 한국생산기술연구원 국가희소금속센터에서는 우즈베키스탄의 치르치크에 위치한 한-우즈벡 희소금속센터에 대한 내용을 청취하고 센터를 돌아보는 시간을 가졌습니다. 마지막으로 한-중앙아 핵심광물 협력 최종 세미나를 개최하여 방한기간 동안의 유관기관 방문, 광물분야 한국 전문가와의 교류 등을 통해 정리된 한국과 중앙아시아 지역 간 핵심광물 분야 협력 제안사항을 발표하고 토론했습니다."
2024-07-10,"한국국제교류재단, 2024 까사 아시아 어워즈’ 교육/과학 분야 수상","KF(Korea Foundation, 한국국제교류재단, 이사장 김기환)가 7월 5일(금) 오후 12시 30분 (한국시간 오후 7시 30분)스페인 마드리드에서 열린 2024 까사 아시아 어워즈(Casa Asia Awards, 아시아교류재단상)에서 교육 및 과학 분야 수상자로 선정되었습니다. KF는 스페인 내 한국학 진흥, 정책연구 지원, 한-스페인 포럼 운영, 문화교류 등 다양한 공공외교 활동을 통해 양국 관계를 강화하는 데 기여해 온 공로를 인정받아 2024년 이 상을 받았습니다. 까사 아시아 어워즈는 스페인 정부 외무부 산하기관인 까사 아시아(Casa Asia)가 주최하고 있으며, 2004년부터 스페인과 아시아-태평양 지역 국가 간의 관계 및 상호 이해 증진에 기여한 공공 또는 민간 부문의 개인 및 단체에게 4개 분야*별 수상자를 선정하여 상을 수여하고 있습니다. ※ 4개 시상분야 - △비즈니스, 혁신 및 기업가 정신, △교육 및 과학, △문화 및 사회, △다양성, 포용 및 지속 가능한 발전 2024 까사 아시아 어워즈 수상기관/수상자 -교육 및 과학 분야 수상자: 한국국제교류재단(Korea Foundation) -비즈니스, 혁신 및 기업가 정신 분야 수상자: 망가 바르셀로나-피코믹(Manga Barcelona Ficomic) -문화 및 사회 분야 수상자: 카이로스 출판사(Kairos Publishing House) -다양성, 포용 및 지속 가능한 발전 분야 수상자: 로히냐토그래퍼 이니셔티브(Rohinyatographer Initiative)"
2024-08-12,한-중앙아 싱크탱크 포럼 최초 개최,"KF(Korea Foundation, 한국국제교류재단, 이사장 김기환) 한-중앙아협력포럼사무국은 우즈베키스탄 중앙아시아 국제연구소와 공동으로 한-중앙아 싱크탱크 포럼을 7월 30일 타슈켄트에서 개최했습니다. 이번 포럼은 중앙아시아 5개국 대통령 및 외교부 산하 전략연구소가 참여하는 최초의 싱크탱크 포럼입니다. 변화의 시대: 한-중앙아 미래 협력 방향이라는 대주제로 진행되는 이번 포럼은 ▲한-중앙아 상생 협력 관계, ▲글로벌 공급망 재편과 경제안보, ▲물 안보 및 수자원 이용전략, ▲기술 패권시대의 ICTAI 분야 기술교육 협력 등 총 4세션으로 구성되었습니다. 참가자들은 한국과 중앙아시아가 공통으로 직면한 현안을 공유하고 협력방안에 대해 논의했습니다. 중앙아시아 5개국에서는 우즈베키스탄 중앙아시아 국제연구소, 카자흐스탄 대통령 직속 전략연구소, 키르기스스탄 대통령 직속 국가전략이니셔티브연구소, 타지키스탄 대통령 직속 전략연구센터, 투르크메니스탄 외교부 산하 국제관계대학교의 전략연구센터 등 각국의 전략연구소를 비롯한 다양한 국책연구기관과, 정부부처, 국제기구 관계자 등이 참석했습니다. 특히, 포럼 개최를 축하하기 위해 원도연 주우즈베키스탄 대한민국 대사, 일홈 카이다로프(Ilkhom Khaidarov) 우즈베키스탄 외교부 차관, 빅토르 박(Vicktor Pak) 고려인문화협회장 겸 우즈베키스탄 하원 부의장도 참석했습니다. 한국 대표단은 대외경제정책연구원, 에너지경제연구원, 한국환경연구원, 한국수출입은행 해외경제연구소, K-water 등 한국의 주요 연구기관 소속 전문가와 한양대 아태지역연구센터, 한국외대 중앙아시아연구소 및 중앙아시아 관련 교육협력 경험이 있는 계명대, 경희대 등 학계 인사로 구성되었습니다. 본 포럼 계기 한-중앙아협력포럼사무국과 중앙아시아 국제연구소는 한-중앙아 학술교류 활성화와 정책연구 네트워크 확대를 위한 MOU를 체결하였습니다. 회의 이후 한국 대표단은 우즈베키스탄 외교부, 수자원부, 에너지부, 광업지질부 등 주요 정부 부처를 방문했습니다."
2024-08-14,2024 KF 글로벌챌린저 아카데미 국내집합교육,"KF(Korea Foundation, 한국국제교류재단, 이사장 김기환)는 7월 22일부터 26일까지 40명의 글로벌챌린저 아카데미 참가자들의 국내집합교육을 시행했습니다. KF 글로벌챌린저 아카데미는 국제적 활동의 잠재력이 뛰어나지만 해외 거주 및 유학 경험이 없는 우리 청년들을 대상으로 글로벌 진출 역량을 함양하고 세계시민으로 도약할 기회를 제공하고자 기획된 프로그램입니다. 지난 4월 서류 및 면접 전형을 거쳐 10개 지역 27개 대학교의 참가자 40명이 선발되었습니다. 이들에게는 프로그램 참가비와 해외 어학연수 왕복 항공권의 80%, 여행자 보험료 등이 지원되며, 사회적 배려 대상자 중 기회균등대상자에게는 왕복항공권과 비자발급비도 전액 지원됩니다. 국내집합교육에서 참가자들은 미국문화 및 커뮤니케이션 기술을 포함한 영어교육 한국외대 이상환 교수의 대한민국 공공외교의 가치와 방향 대구대 안병억 교수의 다중위기 속의 국제관계 전망 한국공예디자인문화진흥원 최재일 본부장의 한국문화의 이해 강의를 통해 글로벌리더 역량을 함양시키고 KF글로벌챌린저 아카데미/인턴십 기참가자 특강과 멘토링을 거쳐 최종적으로 개인 연구 주제까지 설정했습니다. 참가자들은 8월 14일까지 7주간의 온라인 연수를 마친 후 출국하여 4개월간의 미국 미주리대학교에서의 어학연수와 뉴욕, 로스앤젤레스 필드트립에 참여하게 됩니다."
2024-08-16,미국 교사 방한 초청,"KF(Korea Foundation, 한국국제교류재단, 이사장 김기환)는 세계역사디지털교육재단(WHDEF, World History Digital Education Foundation, 이사장 한종우)과 협력하여 6월 23일(일)부터 7월 3일(수)까지 미국 내 역사 및 사회 과목 중고교 교사 30명을 방한 초청했습니다. 이번 방한에는 뉴욕, 텍사스, 펜실베니아 등 미국 15개 주의 교사 30명이 참가했습니다. 참가자들은 방한 전 한국의 역사, 문화 관련 온라인 강의를 수강하고, 웨비나(webinar; 웹 세미나)에 참석하는 등 한국에 대한 사전 교육을 받았습니다. 방한 기간 중에는 DMZ, 전쟁기념관 등을 방문해 한국전쟁 이후의 분단 현실을 이해하고, 경복궁, 불국사 등 유적지 탐방 및 포스코 포항제철소, 삼성전자 방문을 통해 한국의 역사와 현재 경제 발전상을 직접 체험했습니다. 방한을 통해 역사, 문화, 산업 등 다각적인 측면에서 발전한 한국의 위상을 확인하고, 이 경험을 앞으로 미국을 이끌어갈 차세대 인재들에게 널리 전파하는 기회가 되기를 기대합니다."
2024-08-28,2024 한중청년교류사업 ,"KF(Korea Foundation, 한국국제교류재단, 이사장 김기환)는 중국인민대외우호협회(협회장 양완밍)와 공동주관하는 2024 한중청년교류사업의 일환으로 8월 19일(월)부터 24일(토)까지 6일간 한국 청년대표단 48명을 중국에 파견했습니다. 한중청년교류사업은 2008년 한중 정상회담 후속사업으로, 2009년부터 2019년까지 한국과 중국의 청년이 상호 방문하는 방식으로 10회에 걸쳐 3,000여명이 참여했습니다. 이 사업은 지난 2020년 중단되었다가 최근 한중 교류협력 활성화 기조에 따라 5년만에 중국 파견을 재개했습니다. 중국에 대한 이해와 열정을 가진 만 24세 이상 만 34세 이하 우리 청년 48명으로 구성된 이번 한국 대표단은 한국 외교부 방문을 시작으로 베이징 및 칭하이성에서 다양한 탐방과 교류활동을 진행했습니다."
2024-08-30,한-필리핀 수교 75주년 및 한-브루나이 수교 40주년 기념 2024 아세안 영화제 개최,"KF(Korea Foundation, 한국국제교류재단, 이사장 김기환)가 운영하는 KF아세안문화원(부산 해운대구 소재)은 8월 22일부터 8월 25일까지 2024 아세안 영화제를 영화의전당 시네마테크관에서 개최했습니다. 한국-필리핀 수교 75주년 및 한국-브루나이 수교 40주년을 기념하여 개최된 이번 영화제에서는 수교 기념국인 필리핀, 브루나이를 포함하여 태국, 베트남 등 6개국 10편을 선보였습니다. 특히 수교기념국인 필리핀과 브루나이의 영화로는 ▲인생의 황혼기를 지나며, 행복의 진정한 의미와 누군가와 함께 한다는 것이 얼마나 소중한 것인지를 그린 이야기로 2018년 필리핀 시네말라야영화제 작품상과 2019년 프랑스 부졸영화제 관객상을 수상하며 많은 관객의 공감을 끌어낸 영화 일몰을 기다리며(Waiting for Sunset/필리핀), ▲임상수 감독의 하녀를 리메이크한 하녀: 위험한 관계(Gensan Punch/필리핀), ▲시골소년이 온라인 폭력과 허위 정보로 인해 고통 받는 과정을 그린 사회적 드라마 존 덴버 죽이기(John Denver Trending/필리핀), ▲완벽한 사랑을 꿈꾸며 여행을 떠난 두 청년 이야기 리나 2(RINA 2/브루나이), ▲희극인이 자신의 정체성과 꿈을 찾아가는 과정을 그린 내가 웃겨(Am I Funny/브루나이) 등 총 5편이 상영되었습니다. 또한 ▲동물을 싫어하는 태국의 인기 스타가 한국의 애견 유치원 원장을 만나 성장해가는 이야기를 그린 한국-태국 합작영화 사랑은 고양이처럼(Love is Like a Cat, 한국-태국 합작), ▲부유한 시골 지주의 세 번째 부인이 된 열네 살 소녀의 이야기로, 2018년 부산국제영화제와 토론토 국제영화제에 초청된 영화 세 번째 부인(The Third Wife/베트남), ▲정체성을 인정받고자 하는 주인공과 주인공의 선택을 존중하는 어머니의 따뜻한 이야기를 담은 영화 굿바이 마더(Goodbye Mother/베트남) 등도 관객을 찾았습니다."
2024-09-10,2024 공공외교랩소디 - VIBE VOYAGE 개최,"KF(Korea Foundation, 한국국제교류재단, 이사장 김기환)는 2024 공공외교랩소디 VIBE VOYAGE (교류하는, 여행) 공연을 8월 28일(수)-29일(목) 오후 7시 30분 노들섬 라이브하우스에서 개최했습니다. KF(Korea Foundation, 한국국제교류재단, 이사장 김기환)는 2024 공공외교랩소디 VIBE VOYAGE (교류하는, 여행) 공연을 8월 28일(수)-29일(목) 오후 7시 30분 노들섬 라이브하우스에서 개최했습니다. 올해는 주한콜롬비아대사관, 국립아시아문화전당재단(ACC)과 협력해 콜롬비아, 모로코, 이집트, 일본, 프랑스, 한국 등 다국적 공연단 6팀의 무대를 선보였습니다. 공연 첫날인 8월 28일에는 ▲파키스탄 전통음악 까왈리를 우리 민요와 접목해 한국적으로 재창조한 음악을 연주하는 월드뮤직그룹 딸(TAAL) , ▲아프리카와 한국의 리듬을 조화롭게 표현하는 다국적밴드 오마르와 동방전력(Omar and the Eastern Power) , ▲전통 살사에 일렉트로닉 바이브를 결합한 콜롬비아 음악을 선보이는 그룹 살산그루브(Salsangroove) 가 무대를 장식했습니다. 둘째 날인 8월 29일에는 ▲전세계를 유랑하며 소리의 경계를 허무는 한일 예술인 가족 텐거(TENGGER) , ▲모로코 전통음악에 변화무쌍한 일렉트로닉이 만나 결성된 듀오 엘레멘츠 오브 바라카(Elements of Baraka), ▲한국 전통음악의 소수성을 찾아 연주하는 얼트 일렉트로닉 듀오 해파리(HAEPAARY) 가 공연을 선보였습니다. 또한 이번 공공외교랩소디에서는 관객들이 세계문화를 체험할 수 있는 연계 행사도 진행되었습니다. 첫날에는 정열적인 콜롬비아의 살사 댄스 워크숍(강사: 조나단 히메네즈, 조나단댄스컴퍼니 CEO)이, 둘째 날에는 싱잉볼 요가 명상 클래스(강사: 아미라, 에이와 대표 원장)가 준비되었습니다."
2024-09-12,2024 한호정치차세대지도자교류 ,"KF(Korea Foundation, 한국국제교류재단, 이사장 김기환)는 6.25전쟁 참전국이자 인도태평양 전략에 있어 핵심 파트너인 호주와의 중장기적 연대를 강화하고자 2024 한호정치차세대지도자교류 방한 초청사업을 시행했습니다. 호주 대표단 7명은 8월 31일부터 9월 6일까지 7일간 방한해 서울, 포항, 부산 등을 방문했습니다. 이번에 방한하는 호주 대표단은 멩 헝 탁(Meng Heang Tak) 노동당 빅토리아주 하원의원, 에린 톰슨(Erin Thompson) 노동당 사우스오스트레일리아주 하원의원, 몰리 휴즈(Molly Hughes) 피터 더턴 제1야당 대표 선임고문 등 향후 호주 정치를 이끌어 갈 차세대 정치인 6명과 호주정치위원회(Australian Polotical Exchange Council, APEC) 실무자 1명으로 구성됐습니다. 대표단은 외교부, 통일부 등 주요 정부 부처를 방문해 관계자를 만나 외교통일 등 분야별 우리 정부정책과 한-호주 간 주요 협력 현황에 대해 청취했고, 국회를 방문해 외교통일위원회 위성락 의원과 면담을 진행했으며, 제21대 한-호주 의원친선협회 부회장 김영호 의원과의 면담도 참석했습니다. 포항에서는 포스코(POSCO) 포항제철소 등 국내 기업을 방문했고, 부산에서는 이대석 부산광역시의회 제1부의장과 이명호 부산국제금융진흥원장과의 면담을 했습니다. 또한, 유엔평화기념관도 방문해 전시를 관람하며 한국전 참전국인 호주 관련 논의를 나누고, 김광우 관장과의 면담에도 참석했습니다."
2024-09-12,2024 제22차 한독포럼 및 제12차 한독주니어포럼 개최,"KF(Korea Foundation, 한국국제교류재단, 이사장 김기환)는 사단법인 한독협회(회장 김영진) 및 독일 독한포럼(회장 마틴 둘리히 Martin Dulig 작센주 경제노동교통부 장관 겸 부총리)과 공동으로 제22차 한독포럼을 9월 4일(수)부터 6일(금)까지 독일 드레스덴에서 개최했습니다. 윤석열 대통령의 축사(임상범 주독일대사 대독) 및 올라프 숄츠 (Olaf Scholz) 독일 총리의 화상 축사와 함께 개막한 제22차 한독포럼에는 한국에서는 김기환 KF 이사장, 김영진 한독협회 회장을 비롯해, 박진 前 외교부 장관, 김선욱 포스코청암재단 이사장(前 이화여대 총장), 임상범 주독일한국대사, 김희정 국민의힘 의원(前 여가부 장관), 김영배 더불어민주당 의원 포함, 정치외교, AI 등 핵심기술분야, 시민사회, 기업, 기후변화 등 각계 전문가 20여 명이 참석했습니다. 독일에서는 마틴 둘리히(Martin Dulig) 독한포럼 공동의장(독일 작센주 경제, 노동, 교통부 장관 겸 부총리), 프랑크 하르트만(Frank Hartmann) 독일 외교부 아태국장, 아네트 크놉로흐 (Annette Knobloch) 외교부 동아시아과장, 하이케 베렌스(Heike Baehrens) 독일연방의회의원 겸 독한의원친선협회 회장, 라스 로베어(Lars Rohwer) 독일 연방의회 의원을 포함하는 각계 인사 25명 이상이 참석해 성황을 이뤘습니다. 이번 한독포럼에서는 양국의 정치, 외교, 의회, 경제, 과학, 문화, 시민사회 등 다양한 분야 전문가들이 참여, 양국 협력 방안을 논의했으며, 포럼 마지막 날에는 논의 결과를 담아 양 국 정부에 전달할 정책건의서를 작성했습니다. 이번 한독포럼은 한국과 독일의 대학생 및 직장인 청년 50여 명이 참여한 제12회 한독 주니어포럼이 동시에 개최되어 양국 전문가들과 미래세대가 공동으로 토론에 참여했습니다."
2024-09-12,제32차 한일포럼 도쿄 개최,"KF(Korea Foundation, 한국국제교류재단, 이사장 김기환)는 일본 국제교류센터(JCIE, Japan Center for International Exchange)와 공동 주관으로 한일 민간 고위급 대화 채널인 2024 제32차 한일포럼*을 8월 29일부터 31일까지 3일간 일본 도쿄에서 개최했습니다. 이번 포럼은 ▲한일 정치외교 협력, ▲한일 경제협력의 새로운 기축, ▲한일관계를 지탱하는 시민사회 교류, ▲한일 주니어포럼과의 대화, ▲국교정상화 60주년을 향하여 등 주제로 진행되었습니다. 포럼에는 양국의 정계, 재계, 언론계, 학계, 언론계 등 각 분야 인사 54명이 참석했습니다. 한국 측에서는 유명환 한일포럼 회장(前외교통상부 장관), 김기환 KF 이사장을 비롯하여 윤상현 국민의힘 의원, 김부겸 제47대 총리, 신각수 前주일대사, 장제국 동서대 총장 등 26명이 참석했습니다. 일본 측에서는 오코노기 마사오 일한포럼 의장(게이오대학 명예교수), 사이토 켄 일본 경제산업장관, 후쿠야마 테츠로 일본 국회 참의원(입헌민주당), 마츠카와 류이 국회 참의원(자유민주당), 고쿠분 료세이 일본 방위학회 회장(前 방위대학교장), 나가미네 야스마사 前 주한대사, 소에야 요시히데 게이오대 명예교수 등 28명이 참석했습니다. 한편, 본 포럼 개최 계기에 부대행사로 한국과 일본의 관계 발전에 공로가 있는 개인 및 단체를 선정해 한일포럼상을 수여했습니다. 올해 수상자는 지난 3월 작고한 이오키베 마코토 교수와 일한경제협회 청소년교류센터로 선정됐습니다. 故 이오키베 마코토 교수는 제3대 한일포럼 일본 측 의장으로, 방위대학교장 등 요직을 역임하며 한일관계를 비롯한 일본 외교정책에 큰 영향을 미쳤습니다. 일한경제협회 청소년교류센터는 2004년 개설된 한일고교생교류캠프를 시작으로 지금까지 양국 청소년 2,350여명이 참석하는 교류행사를 지속 추진한 공로를 인정받아 이번 수상단체로 선정됐습니다. 이번 포럼에 참석한 전문가들은 한일 포럼에서 논의된 내용들을 2025년 수교 60주년을 맞이해 다양한 사업과 교류 확대를 위해 노력하기로 의견을 모았습니다."
2024-09-13,2024 광주비엔날레 한국국제교류재단-영국문화원 파빌리온의 특별전시 우리가 만든 유령(Spectres of Our Own Making),"KF(Korea Foundation, 한국국제교류재단, 이사장 김기환)는 9월 7일부터 12월 1일까지 2024 광주비엔날레 한국국제교류재단-영국문화원 파빌리온의 특별전시 우리가 만든 유령(Spectres of Our Own Making)을 광주시립미술관 하정웅미술관 2층에서 개최합니다. KF와 주한영국문화원(원장: 폴 클레멘슨, Paul Clementson)이 공동 주최하고 리슨 갤러리가 후원하는 이번 전시에서는 KF와 주한영국문화원이 2021년부터 3년에 걸쳐 진행한 한-영 기후 변화 크리에이티브 커미션(UK-Korea Creative Commissions for Climate Action)에서 창작된 한국과 영국 작가들의 작품들을 만나볼 수 있으며, 영국의 주요 현대미술 작가인 하룬 미르자(Haroon Mirza)의 작품도 관람할 수 있습니다. 전시 참여 작가로는 방앤리, 디-퓨즈(D-Fuse), 셰자드 다우드(Shezad Dawood), 박세민 최승희, 하룬 미르자 헬가 도로테아 파논(Haroon Mirza and Helga Drtheathea Fannon) 등으로 이들은 작품을 통해 한국과 영국의 생태계를 넘나들며 현재 진행 중인 기후위기에 대한 깊은 성찰을 제시합니다. 전시 작품으로는 ▲서울을 기반으로 활동하는 아티스트 듀오 방앤리의 기후위기에 대한 도덕 윤리를 담은 작품 액트제로 노지(ActZero Noji), 2021 , ▲사회 생태학적 위기와 기후문제를 탐구하는 디-퓨즈(D-Fuse)의 인류의 과도한 자원 소비와 지구의 상호 연결성을 탐구하는 작품 아홉 개의 지구(Nine Earths), 2022, ▲런던 기반의 예술인이자 연구자인 셰자드 다우드(Shezad Dawood)의 해양 기후와 존재론적 문제를 탐구하는 침입종(Invasive Species), 2024 , ▲박세민 최승희의 웹 기반 인터랙티브 작품인 플라스틱 사리(Plastic Sarira, 2021~) , ▲하룬 미르자 헬가 도로테아 파논(Haroon Mirza and Helga Drthea Fannon)의 소리와 빛의 상호작용을 경험하는 고대인들은 그것을 평정심이라 부른다, 2023 (The Ancients Call it Ataraxia, 2023) 등이 있습니다."
2024-09-25,한국국제교류재단(KF)-(재)광주비엔날레 거리의 서(書) 전시 개최,"KF(Korea Foundation, 한국국제교류재단, 이사장 김기환)는 재단법인 광주비엔날레(대표이사 박양우)와 공동으로 KF갤러리(서울 중구 수하동 소재)에서는 9월 6일부터 10월 18일까지, 광주 국립아시아문화전당 문화창조원 복합전시 6관에서는 9월 7일부터 12월 1일까지 거리의 서(書) 전시를 동시 개최합니다. 이번 전시는 지난 7월 31일 KF와 광주비엔날레재단이 체결한 업무협약의 첫 번째 협력 사업으로 양 기관은 올해 한아세안 대화 관계 수립 30주년을 맞아 한국과 동남아시아를 핵심어로 선정하고 이번 전시를 기획했습니다. KF갤러리에서 개최되는 거리의 서(書), part1 전시에서는 한국과 동남아시아 작가 총 8인(팀)의 작품 50여점이 전시됩니다. 한국작가는 ▲올해의 광주비엔날레 참여작가 김자이, ▲2018년 광주비엔날레 참여 작가이자 동시대 생활사에 대한 단상을 그림으로 기록하는 이우성, ▲2022년 카셀도큐멘타와 2023년 광주비엔날레 참여작가인 이끼바위쿠르르(고결, 김중원, 조지은)가 참여합니다. 동남아시아 작가는 ▲2023년 말레이시아국립미술관의 설치작품으로 신진작가상을 수상한 말레이시아 작가 줄케플리 자이스(Zulkefli Jais), ▲태국 작가 메리 파키니(Mary Pakinee), ▲도쿄필름엑스 대상(2021), 로테르담 국제영화제 타이거상(2015) 등을 수상하며 국제적으로 연출력을 인정받은 태국의 영화감독 짜크라왈 닐탐롱(Jakrawal Nilthamrong), ▲한-필리핀 수교 75주년을 기념하여 초청된 필리핀 작가 아비 펠릭스(Avie Felix)와 아자니 아룸팍(Adjani Arumpac) 작가가 참여하여 다채로운 작품을 선보입니다. 동남아시아 파빌리온 전시가 열리는 광주 국립아시아문화전당에서 개최되는 거리의 서(書), part2 에서는 한국 작가 총 7팀의 작품이 전시됩니다. 그간 KF와 협업해온 한국의 노재운, 백정기, 서동주, 송성진, 정세인 작가가 참여해 동남아시아의 역사와 동시대 문화를 바라보는 시선과 경험을 담아낸 작품을 선보이며, 이우성, 이끼바위쿠르르 작가가 한국과 동남아시아를 잇는 작품을 관객들에게 소개합니다. 9월 11일, KF김기환 이사장 주재로 거리의 서 전시 개막식이 KF갤러리에서 성황리에 개최되었습니다. 광주비엔날레재단 대표이사 박양우, 주한필리핀대사 H.E. Maria Theresa B. Dizon-De Vega를 비롯해 전시 참여작가 (김자이, 이우성, 이끼바위쿠르르, 아비 펠릭스, 메리 파키니), 제15회 광주비엔날레 예술감독 니콜라 부리오, 7개국 문화예술 분야와 국내 문화예술계 그리고 주한 외교단 등의 주요 인사들께서 참석하여 자리를 빛내주셨습니다."
2024-09-30,2024 문화예술분야 유력인사 초청사업 ,"KF(Korea Foundation, 한국국제교류재단, 이사장 김기환)는 문화예술분야 유력인사 초청사업 의 일환으로 네덜란드, 뉴질랜드, 레바논, 미국, 캐나다, 코스타리카, 쿠웨이트 총 7개국 주요 인사 8명을 9월 8일부터 14일까지 7일간 방한 초청했습니다. 방한 인사들은 국립고궁박물관, 국립민속박물관 등 주요 박물관 및 미술관을 방문하고, KF와 광주비엔날레의 공동주최로 KF갤러리에서 개최되는 거리의 서(書), part1 전시 개막식에 참석해 한국 문화예술계 주요 인사들과 교류하였습니다. ▲에밀리 고덴커(Emilie Gordenker) 네덜란드 반고흐미술관장, ▲게리 틴테로(Gary Tinterow) 미국 휴스턴미술관장, ▲린다 하티간(Lynda Hartigan) 피바디엑세스박물관장, ▲스테판 아퀸(Stphane Aquin) 캐나다 몬트리올미술관장, ▲바브라 핼로웨이(Barbara Holloway) 뉴질랜드 오클랜드 시(市) 프로그램개발실 실장, ▲노라 줌블란트(Nora Joumblatt) 레바논 베이테딘 아트페스티벌 회장, ▲라우라 아스토르가(Laura Astorga) 코스타리카 영화감독, ▲라마즈 알-부스탄(Lamees Al-Bustan) 쿠웨이트대학교 영어영문학교수등이 이번 방한 초청사업에 참여하였습니다."
2024-09-30,2024 한국 미술 큐레이터 워크숍(2024 Korean Art Workshop for Overseas Curators) 개최,"KF(Korea Foundation, 한국국제교류재단, 이사장 김기환)는 서울시립미술관(관장 최은주)과 공동으로 9월 1일부터 7일까지 일주일간 서울에서 2024 한국 미술 큐레이터 워크숍(2024 Korean Art Workshop for Overseas Curators) 을 개최했습니다. 한국 현대 미술이 국내외에서 조명 받는 시기에 개최된 이번 워크숍은 한국의 현대동시대 미술을 주제로 해외 유수 미술관 큐레이터들이 역동적인 한국 미술계를 직접 경험하고, 우리 유관기관 및 전문가들과 교류하는 기회를 제공함으로써 미술한류 확산에 기여하기 위해 기획되었습니다. 워크숍에는 ▲영국 테이트 모던, ▲2026년 개관을 앞두고 있는 구겐하임 아부다비, ▲프랑스 루브르 박물관의 첫 해외 분관인 루브르 아부다비, ▲아시아 최초의 현대 시각 문화 미술관인 홍콩의 M+, ▲2025년 서울 분관(퐁피두센터 한화) 개관 예정인 프랑스 퐁피두 센터, ▲오스트리아 빈 현대미술관, ▲LA현대미술관 등 14개국 해외 유수 박물관미술관 소속 현대 미술 큐레이터 29명이 참여했습니다. 참가자들은 한국 현대 미술의 동향을 파악하고 현장을 살펴보기 위해 국립현대미술관, 국립중앙박물관, 리움미술관, 국제갤러리 등을 방문하고, 국제아트페어 프리즈 서울(Frieze Seoul) 및 키아프 서울(Kiaf SEOUL)에 참석했습니다. 또한 권병준 미디어아트 작가(국립현대미술관 2023년 올해의 작가상 수상), 김영나 前 국립중앙박물관장 등의 한국 근현대 및 동시대 미술 관련 특강을 통해 한국 미술에 대한 전반적 이해를 높이고 한국 신진 작가 스튜디오에서 차세대 예술가들과 만났습니다."
2024-10-02,‘한일대학생교류사업’으로 일본 대학생 방한 초청,"KF(Korea Foundation, 한국국제교류재단, 이사장 김기환)는 한일대학생교류사업으로 일본 대학생 대표단 30명을 9월 20일(금)부터 28일(토)까지 9일간 방한 초청했습니다. 이번에 방한하는 일본 대표단은 고베대, 교토대, 규슈대, 나고야대, 와세다대 등 일본 유수 대학 재학생 28명과 인솔자 2명입니다. 대표단은 한국 외교부, 주한일본대사관 공보문화원을 방문해 양국 외교관계 현황과 상호 협력 가능 분야에 대해 청취하고, 서울대학교 일본연구소 특강에 참석해 서울대 학생들과 교류의 시간도 가졌습니다. 그리고 강원도 춘천의 지역사회 혁신센터인 커먼즈필드 춘천을 방문해 기후위기, 지역농산물, 지역사회 문제해결 등 관련 신생기업을 운영하는 한국 청년 기업인과 의견을 교환했습니다. 이외에도 1박2일 동안 한국 가정에 머물며 한국 문화를 체험하고, 전쟁기념관, 현대모터스튜디오 등도 방문해 한국 역사와 첨단기술에 대해 배웠습니다."
2024-10-04,"한국-필리핀 수교 75주년 계기, 한-필리핀 인태전략 세미나 개최","KF(Korea Foundation, 한국국제교류재단, 이사장 김기환)는 필리핀 싱크탱크인 스트랫베이스 ADR 연구소(Stratbase ADR Institute; ADRi)와 함께 한-필리핀 인태전략 세미나를 9월 20일 필리핀 마닐라 페어몬트 마카티(Fairmont Makati)에서 개최했습니다. 한필 수교 75주년을 맞아 인도태평양 지역 내 지정학적 요충지에 위치한 한국과 필리핀 간 수교 이후 양자 관계를 평가하고 향후 양자 관계 강화 및 역내 평화와 번영을 위해 상호 협력할 수 있는 방안을 모색하기 위해 기획된 이번 행사는 인도태평양 안보 증진: 한국-필리핀 간 협력 전략(Enhancing Indo-Pacific Security: Philippines-Republic of Korea Cooperation Strategies)이라는 대주제 하에 양국의 주요 관심사인 한-필리핀 간 국방안보 협력, 인도태평양 지역에서의 해양 안보, 글로벌 공급망 등 다양한 주제에 대해 논의했습니다. 양국 전문가들은 ▲(1부/공개) 진화하는 전략 환경에 대한 공통된 이해관계 및 안보 협력 분야 (Shared Interests in an Evolving Strategic Environment and Avenues for Security Cooperation), ▲(2부/공개) 경제 안보와 한국-필리핀 협력(Economic Security and Philippines-Republic of Korea Cooperation), ▲(3부/비공개) 인도 태평양 지역의 위협 인식과 협력 기회(Threat Perceptions and Opportunities for Cooperation in the Indo-Pacific) 등 주제로 발표와 토론을 진행했습니다. 특히, 공개 행사에는 필리핀 정부 부처 관계자를 비롯해 학계, 민간 기업, 언론인 등 100여명이 참석했습니다. 한국 대표단으로 김기환 KF 이사장, 이상화 주필리핀대사, 김인철 경기도 국제관계대사, 신범철 세종연구원 수석연구위원(前 국방부 차관), 마상윤 가톨릭대 교수(한국국제정치학회 회장), 박재적 연세대 교수, 이재현 아산정책연구원 수석연구위원, 연원호 국립외교원 경제기술안보연구센터장 등이 참여했습니다. 필리핀 대표단으로는 빅터 안드레스 딘도 만히트(Victor Andres Dindo Manhit) 스트랫베이스 ADR 연구소장, 세페리노 로돌포(Ceferino Rodolfo) 필리핀 통상산업부 차관, 마리아 테레시타 다자(Maria Teresita Daza) 필리핀 외교부 대변인, 에마뉴엘 바우티스타(Emmanuel Bautista) 前 필리핀 국방참모총장, 롬멜 주드 옹(Rommenl Jude Ong) 前 필리핀 해군 부사령관, 세르 퍼시발 페냐-레예스(Ser Percival K. Pea-Reyes) 아테네오데마닐라대학교 경제 연구 및 발전 아테네오 센터장 등이 참여했습니다."
2024-10-10,KF XR 갤러리 기획전 시간을 여는 시간 Unlocking Time 개막식 개최,"지난 9월 27일, KF XR 갤러리 기획전 《시간을 여는 시간》 개막식이 성황리에 개최되었습니다. KF 이종국 교류이사, H.E. Alejandro Pelez Rodriguez 주한콜롬비아대사, 국립아시아문화전당 김상욱 기획운영관을 비롯해 전시 참여작가(디폴트, 유상현, 세르히오 브롬버그, 헛 것), 국가유산진흥원과 송은문화재단의 관계자분들 그리고 문화예술계의 여러 인사들께서 참석하시어 자리를 빛내주셨습니다. 내년 1월 24일까지 개최되는 전시에 많은 관심과 성원 부탁드립니다."
2024-10-17,2024 KF 한베청년교류 방베 파견,"20242024 KF 한베청년교류 한국 대표단(단장: 이종국 교류이사)으로 선발된 우리 청년 공무원 20명이 2024년 9월 29일부터 10월 5일 간 베트남에 다녀왔습니다. 중앙부처와 지자체 청년 공무원으로 구성된 이번 대표단은 베트남 내무부, 외교부, 교육훈련부를 비롯한 정부 부처와 베트남 농업아카데미, 기획투자부 통계청, 국가혁신센터 및 꽝닌성 등을 방문하여 한베 관계 및 주요 정부 정책에 대해 논의하는 한편, 베트남 현지 청년 공무원들과도 교류하는 기회를 가졌습니다.대표단은 베트남 내무부, 외교부, 교육훈련부를 비롯한 정부 부처와 베트남 농업아카데미, 기획투자부 통계청, 국가혁신센터, 꽝닌성 내무국과 하이하현 인민위원회를 방문하여 한베 관계 및 주요 정부 정책에 대해 논의하는 한편, 베트남 현지 청년 공무원들과도 교류하는 기회를 가졌습니다. KF와 베트남 내무부가 공동 주관하는 이번 방베 파견사업은 2023년에 이어 두 번째로 시행되었으며, KF는 동 사업을 통해 향후 한국과 베트남 양국 청년 공무원 간 교류 확대 및 정책 분야 협력 강화를 위해 더욱 노력할 예정입니다."
2024-10-18,루마니아-불가리아 퓨전국악 공연 개최,"KF(Korea Foundation, 한국국제교류재단, 이사장 김기환)는 주루마니아대사관, 주불가리아대사관과 함께 10월 2일부터 8일까지 7일간 루마니아와 불가리아에서 9인조 퓨전국악 밴드 악단광칠 공연을 개최했습니다. 루마니아에서의 첫 번째 공연은 10월 2일 부쿠레슈티 국립 오페라하우스(Opera National Bucuresti)에서 진행됐습니다. 4일에는 우크라이나 피난민이 다수 거주하는 지역인 수체아바에 있는 마테이 비슈니에츠 시립극장(Teatrul Municipal Matei Visniec Suceava)에서 피난민에게 위로의 메시지를 전하는 특별 공연을 펼쳤습니다. 마지막으로 8일에는 불가리아로 이동해 소피아 현대미술센터(Toplocentrala)에서 공연을 진행했습니다. 이번 공연에서는 ▲인생의 역경을 이겨내도록 위로의 메시지를 전하는 곡 와대버(Whatever), ▲삶이 아름답게 지속되기를 기원하는 무진, ▲황해도 굿을 재해석한 영정거리 등 다채로운 연주를 선보였습니다."
2024-10-18,시애틀-앵커리지 한국 비보이 순회공연 개최,"KF(Korea Foundation, 한국국제교류재단, 이사장 김기환)는 주시애틀대한민국총영사관, 주앵커리지 대한민국 출장소와 함께 9월 30일부터 10월 5일까지 6일간 미국 워싱턴주 시애틀과 알래스카주 앵커리지에서 한국 비보이 순회공연을 개최했습니다. 이번 순회 공연이 개최되는 시애틀은 올해 대전-시애틀 간 자매결연 35주년을 맞았습니다. 9월 30일 시애틀 베나로야(Benaroya)홀 공연에서는 한국 대표 비보이 크루인 진조크루가 ▲한국의 전통과 현대를 조화롭게 표현한 브레이킹 댄스 무대, ▲시애틀 출신 유명 비보이 크루인 매시브 몽키즈(Massive Monkees)와의 협업 무대 등을 선보였습니다. 10월 2일에는 약 120년 역사의 국가사적지 시애틀 레이니어 클럽(Rainier Club)에서 공연을 진행했습니다. 또한 10월 4일에는 앵커리지 힐튼 호텔에서, 10월 5일에는 이스트앵커리지고등학교(East Anchorage High School)에서 공연을 개최했습니다."
2024-10-25,‘청년 공공외교 데이’ 개최,"KF(Korea Foundation, 한국국제교류재단, 이사장 김기환)는 우리 청년의 공공외교에 대한 관심을 제고하고 참여를 독려하기 위해 2024 KF 청년 공공외교 데이를 10월 19일(토) 정동 1928 아트센터(서울 중구 소재)에서 개최했습니다. 이번 행사에서는 KF의 대표 대국민 공공외교 사업인 ▲국민공공외교프로젝트, ▲공공외교아카데미, ▲KF글로벌펠로, ▲KF글로벌챌린저에 참여한 청년들이 사업 내용, 참여 경험 등을 소개했습니다. 국민공공외교프로젝트는 우리 국민이 직접 기획하고 실행하는 공공외교 사업으로, 올해 국민공공외교프로젝트에 참가한 6개 팀의 구성원들이 캐나다, 튀르키예, 케냐 등에서 진행한 국내외 활동 결과를 전했습니다. 공공외교아카데미는 KF가 전국 17개 주요 대학에 공공외교 정규강좌를 개설하거나 관련 프로그램 운영을 지원하는 사업으로, 각 대학에서 강좌를 수강한 학생들이 대학생으로서의 공공외교 실천 방안을 주제로 창의적인 아이디어를 발표했습니다. KF글로벌펠로는 첨단과학기술, 대중매체, 예술, 정책 등 각 분야 국내 청년 전문가가 해외 유관기관을 방문해 분야별 전문가와 교류하는 프로그램으로, 미국과 유럽의 싱크탱크, 국제기구, 대학 등에서 현지 전문가들과 논의한 국제 현안 극복 방안을 발표하고 라운드테이블을 통해 의견을 나눴습니다. KF글로벌챌린저는 우리 청년들이 해외 유수 정책연구소, 박물관, 도서관, 국제기구 등 국제사회에서 실무 경험을 쌓을 수 있도록 지원하는 인턴십 프로그램으로, 현재 모집중(모집기간: 9.12.~10.24.)인 2025 KF글로벌챌린저에 대해 안내하고, 인턴십 참여자들이 현지 경험을 공유했습니다."
2024-11-04,‘2024 KF-부산시 찾아가는 공공외교 아카데미’ 개최,"KF(Korea Foundation, 한국국제교류재단, 이사장 김기환)는 10월 31일(목) 부산 KF아세안문화원 대강당에서 2024 KF-부산시 찾아가는 공공외교 아카데미를 개최했습니다. 이번 교육은 올해 두 번째 공공외교 아카데미로 부산시청과 협력개최했습니다. 부산, 거제 등 영남권 지방자치단체와 부산경제진흥원, 부산관광공사, 부산시립미술관, 영화의전당, 한국저작권위원회, 부산대 등 공공기관 및 대학에서 13개 기관 25명이 참석했습니다. 참석자들은 ▲김동엽 부산외국어대학교 아세안연구원장의 공공외교의 기본 이해, ▲우경하 글로벌도시관광진흥기구(TPO) 사무총장의 국제 행사 의전과 글로벌매너 등 강의를 통해 이론과 실무를 익혔습니다."
2025-01-23,英 싱크탱크 내 첨단기술국방안보 분야 코리아체어 설치,"KF는 1월 20일 싱가포르에서 한화와 함께 영국 IISS(International Institute for Strategic Studies, 국제전략문제연구소) 내 코리아체어(Korea Chair, 한국 연구 석좌직) 설치를 위한 기관 간 서명식을 진행했습니다.샹그릴라대화 셰르파회의 개최 계기 진행된 서명식에는 KF 김기환 이사장, 한화에어로스페이스 문지훈 부사장, IISS 바스티안 기거리히(Bastian Giegerich) 소장이 참석해 향후 코리아체어 설치를 위한 3개 기관 간 협력을 공식화했습니다. IISS가 주관하는 셰르파회의는 아시아 지역 최대 안보회의인 샹그릴라대화의 당해연도 의제 논의 및 선정을 위해 각국의 국방부 고위 관계자, 군 장교 및 안보 전문가들이 참석하는 연례 행사입니다.2025년 신설 예정인 IISS 코리아체어는 유럽 정책연구소 내 최초로 설치되는 영구 석좌직으로, 한국과 영국 및 유럽 간 ▲군사안보 분야 정책 연구, ▲마나마대화, 샹그릴라대화 등 국제 안보회의 참석 등 다양한 활동을 진행할 예정입니다.이번에 코리아체어가 개설될 IISS는 1958년 설립 이래 외교국방 분야에서 세계적인 영향력을 쌓아온 정책 연구소로, 매년 전세계 주요국의 군사력과 국방비 통계분석 발간물인  밀리터리 밸런스 를 발간하고 있습니다. 특히 IISS가 매년 개최하는 아시아의 샹그릴라대화와 중동의 마나마대화는 세계 각국 고위급 전문가가 참여하는 포럼으로 유럽의 뮌헨안보회의와 더불어 세계 주요 안보 회의로 꼽힙니다."
2025-03-13,"‘KF 한국학 포럼 in 인디애나폴리스, 인디애나’ 개최","KF는 미국 인디애나대와 협력해 3월 12일 KF 한국학포럼 in 인디애나폴리스, 인디애나를 개최했습니다.첫 번째 세션인 라운드테이블에서는 최신 한국학 동향, KF 글로벌 e-스쿨 성공 사례, 지역 내 한국학 네트워크 구축 방안을 논의했습니다.이어진 특별발표에서는 미국 전략국제문제연구소(CSIS) 지정학외교정책 담당 소장이자 조지타운대 석좌교수인 빅터 차(Victor Cha)가 한반도 안보 상황 분석을 주제로 발표를 진행했습니다.이번 포럼을 통해 미국 중서부 지역의 한국학 네트워크가 강화되고 현지 한국 기업과의 협력이 확대되길 기대합니다.         "
2025-03-19,한일미래세대와의 대화 in Seoul 개최,"KF와 NEAR재단(이사장 정덕구)은 일본 NPI(Nakasone Peace Institute, 나카소네평화연구소, 회장 아소 타로)와 함께 3월 14일 금요일 오후 2시부터 오후 3시 40분까지 고려대학교에서 한일 국교정상화 60주년 한일 미래세대와의 대화 in Seoul을 주제로 한일 2030세대와 함께 공개 토론회를 개최했습니다.「한일2030비전그룹」의 한국 측 좌장인 신각수 NEAR재단 부이사장(前 주일한국대사)과 일본 측 좌장인 기타오카 신이치 NPI 총괄연구고문(도쿄대 명예교수)의 개회사로 시작된 이번 토론회에서는 양국 2030대 청년들이 바라보는 한일 관계의 미래 비전에 대해 토론했습니다.「한일2030비전그룹」은 올해 한일 국교정상화 60주년을 기념하기 위해 2024년 3월 한국 측 KF 및 NEAR 재단, 일본 측 NPI 공동 주최로 발족하였습니다. 2030은 회복 궤도에 올랐지만 아직 안정화되지 않은 한일 관계의 미래 비전을 통해 건전하고 안정된 선린 관계로 나아갈 방향성을 의미하는 동시에, 향후 한일 관계의 주역이 될 2030세대의 목소리를 담는다는 중의적 의미를 갖습니다.「한일2030비전그룹」은 양국의 각계 전문가 10인씩 참여하여 지난 1년 동안 4회의 회합을 통해 외교, 안보, 경제, 역사, 과학기술, 인적교류, 지역협력, 글로벌 과제 등에 대해 논의하여 왔습니다. 최종 논의 결과는 6월 보고서의 형태로 작성되어 서울과 동경에서 발표될 예정입니다."
2025-03-31,추상적인 인식자 전시 개최,"3월 27일, KF-주한페루대사관 협력전시 추상적인 인식자 개막식이 KF갤러리에서 성황리에 개최되었습니다.개막식에는 이종국 KF교류협력이사, 파울 페르난도 두클로스 파로디 주한페루대사 등 20여개국 주한공관장 및 외교단과 국내 문화예술 관계자 등 주요 인사가 참석해 자리를 빛내주었습니다.이번 전시는 2024년 베니스비엔날레 페루관 대표작가로 소개된 바 있는 로베르토 와르카야의 첫 국내 개인전으로, 작가가 지난 10년간 몰두해온 대형 포토그램 작업을 소개합니다. 페루 자연환경 곳곳을 배경으로 한 작품들을 감상하며 라틴아메리카 현대 사진 예술의 깊이와 정수를 체험해볼 수 있는 전시 추상적인 인식자는 KF갤러리에서 5월 16일까지 무료로 관람 가능합니다."
2025-04-01,KF XR 갤러리 공명하는 문자 전시 개막,"공명하는 문자 는 대한민국 광복 80주년 계기, 오늘날 세계인이 주목하는 한글의 가치를 조명하고자 기획된 전시입니다.이번 전시에서는 강익중 작가의 첫 인터랙티브 미디어아트가 최초로 공개됩니다. 뿐만 아니라, 구본창, 김휘아, 라 레콘키스타(우루과이 작가팀), 민본, 백남준, 정진열 작가의 다양한 미디어아트실감형 작품을 만나볼 수 있습니다.아카이브 존에서는 한강 작가의 노벨상 수상 기념 연설 영상과 이어령 초대문화부장관의 광복 70주년 기념영상을 볼 수 있습니다. 이를 통해 한글의 의미와 비전을 공유하고자 합니다.KF XR 갤러리에서 9월 21일까지 무료로 관람 가능합니다."
2025-04-18,제7차 한-싱가포르포럼 개최,"한-싱가포르 수교 50주년을 맞아, KF는 싱가포르 난양공대 라자라트남 국제대학원(RSIS)과 함께 제7차 한-싱가포르포럼을 성공적으로 개최했습니다.싱가포르-한국 관계, 다가올 50년을 바라보며라는 주제로 열린 이번 포럼에서는 양국의 정치외교학계 인사들이 모여 ▲인도-태평양 지역 내 평화와 안정의 증진 ▲한-싱가포르 협력의 지난 50년과 현재, 그리고 미래 ▲ 양국의 협력을 구체화하기 위한 지속가능성과  RD 및 신흥기술 협력 방안 등을 논의했습니다.특히 싱가포르 외교장관 비비안 발라크리쉬난(Vivian Balakrishnan)의 특별 대담과 양국의 전문가들의 열띤 토론이 큰 주목을 받았습니다.    "
2025-04-25,2025 한-네덜란드 포럼 개최,"오는 6월 헤이그에서 개최되는 NATO 정상회의를 앞두고, 한국과 네덜란드의 전문가들이 모여 글로벌 안보, AI신기술국제거버넌스, STEM첨단 산업 협력 등 미래 협력 방안에 대해 논의했습니다.박진 前 외교부 장관, 김원수 前 UN 군축고위대표 등 한국 측 인사와 위리 로젠탈 前 네덜란드 외교부 장관 등 네덜란드 측 주요 인사들이 함께 참여했습니다.이번 포럼은 한-네덜란드 양국이 전략적 동반자 관계를 강화하며, 함께 미래를 설계해 나가는 중요한 계기가 되었습니다."
2025-04-28,의회분야 5개국 유력인사 방한 초청,"KF는 4월 20일(일)부터 26(토)까지 의회분야 유력인사 초청사업의 일환으로 나이지리아, 세르비아, 아르헨티나, 이집트, 칠레 등 5개국 주요 인사 5명을 방한 초청했습니다. 초청 인사들은 방한 기간 동안 국회 예방을 시작으로 각국 친선의원협회 관계자들과 만났습니다. 국립외교원 외교안보연구소에서 한반도 정세와 외교안보전략을 청취하고, 개발협력(ODA) 관련 지역별 외교전략을 주제로 참석자 간 의견을 교환했습니다. 한국법제연구원에서는 우리 입법 정책 및 연구현황에 대한 설명을 들었습니다. 대한민국역사박물관, DMZ 방문 등 문화 일정도 함께 진행되었습니다. 공통 일정을 마친 후에는 인사별 관심 분야에 맞춘 개별 면담이 이어졌습니다.   "
2025-04-29,2025 한중청년교류 중국대표단 방한,"중국 청년 대표단 53명이 4월 21일(월)부터 26일(토)까지 6일간 한국을 방문했습니다.  KF와 중국인민대외우호협회가 함께하는 이번 교류는 2009년부터 시작된 상호 방문형 교류사업의 일환으로, 코로나19 팬데믹으로 중단됐다가 2024년 양국 정상 합의에 따라 5년 만에 재개되었습니다.  지난해 한국 청년 대표단의 방중에 이어, 올해는 중국 청년 대표단이 6년 만에 한국을 방문하며 또 한 차례의 상호 교류가 완성되었습니다.  이번 대표단은 북경, 천진, 하북성, 청해성, 운남성 지역의 청년 공무원으로 구성되어 있으며, 서울과 제주에서 다양한 정책 및 문화 현장을 체험했습니다.          "
2025-05-02,"KF 한국학 포럼 in 런던, 영국 개최","KF는 4월 29일 SOAS 런던대학교와 협력하여 KF 한국학 포럼 in 런던을 개최했습니다.영국 내 8개 대학에서 활동하는 전문가들이 참석하여 영국 한국학의 발전과 도전, 한국의 현대미술문학미디어, 국제안보와 양국협력, 영국 한국학회의 과거, 현재, 그리고 미래 등의 주제로 다채로운 세션들이 진행되었으며, 이를 통해 학제 간 교류의 힘이 강조되었습니다.이번 포럼은 영국 내 다양한 분야에서 활동 중인 한국 전문가들이 한자리에 모이는 최초의 행사로 영국 내 한국학 클러스터 형성을 위한 네트워크 신설과 각 전문가 및 기관간의 향후 협업을 도모하는 계기가 될 것으로 기대됩니다."
2025-05-13,"‘KF 한국학 포럼 in 하노이, 베트남’ 개최","KF와 베트남 하노이국립인문사회과학대학교가 공동 주최한 KF 한국학 포럼 in 하노이가 5월 9일 개최되었습니다.이번 포럼은 아시아 지역에서 처음 열린 KF 한국학 포럼으로, 베트남, 라오스, 싱가포르 등 다양한 국적의 전문가들이 참석해 한국학의 미래와 국제적 협력 방안을 모색하였습니다.포럼은 세션1 한국학의 확장과 새로운 지평탐색, 세션2 고등교육 파트너십을 통한 산관학 협력 증진을 주제로 한 발제와 패널토론, 특별발표 등이 이어졌습니다."
2025-05-15,KF 글로벌 펠로 국외연수,"KF는 2025 KF 글로벌 펠로(KF Global Fellows) 사업의 일환으로 인공지능(AI), 기후변화, 생명과학, 퀀텀컴퓨팅, 정보통신기술(ICT), 반도체 등 STEM(과학기술공학수학) 분야 국내 청년 전문가 10명을 선발해 5월 4일(일)부터 14일(수)까지 아랍에미리트(UAE), 베트남, 싱가포르 등 국외 연수를 시행했습니다. 참가자들은 아랍에미리트 아부다비의 첨단기술연구위원회(ATRC) 및 두바이 수전력청, 베트남의 베트남-한국 과학기술연구원(VKIST) 및 베트남과학기술원(VAST), 싱가포르의 콘티넨탈-난양공대 공동연구소 및 AI싱가포르(AISG)  등 각국 연구소, 대학, 정책기관 등 다양한 STEM 관련 기관을 방문했습니다. 특히 아랍에미리트에서는 UAE 차세대 리더 프로그램(UAE National Experts Program)의 청년 리더들과 라운드테이블을 통해 협력 방안을 논의했습니다. 이번 국외 연수에는 김원수 경희대학교 미래문명원장, 여화수 KAIST 건설 및 환경공학과 교수, 양은경 한국과학기술연구원(KIST) 책임연구원이 멘토로 참여해, 펠로들이 현지 전문가들과 교류하고 연구 협력 기회를 모색할 수 있도록 지원했습니다. 펠로들은 국외연수 후 자신의 전문 분야와 국외연수에서 얻은 통찰을 바탕으로, 다양한 글로벌 이슈 관련 정책 제언을 이어갈 예정입니다.            "
2025-05-22,2025 정무분야 6개국 유력인사 방한 초청,"KF는 5월 11일(일)부터 17일(토)까지 뉴질랜드, 리비아, 미국, 스페인, 아일랜드, 케냐 등 6개국 주요 인사 6명을 방한 초청했습니다.  이 사업은 정무 관계자 간 교류를 통해 우호적 환경을 조성하고 협력 기반을 강화하기 위해 시행되었습니다. 초청 인사들은 글로벌지식협력단지 방문을 시작으로, 서울특별시, 경기도 일자리재단 관계자와 만났습니다. 국립외교원에서는 국제안보, 신기술 안보 및 국제정치 관련 연구현황을 청취했습니다. 그리고 국립고궁박물관, DMZ 방문 등 문화 체험 일정에도 참가한 이후에는 인사별 관심 분야에 따른 개별 일정이 이어졌습니다.        "
2025-05-26,"KF 한국학포럼 in 애틀랜타, 조지아 개최","KF는 5월 20일(화), 조지아공과대학교와 함께 KF 한국학포럼 in 애틀랜타, 조지아를 개최했습니다.올해 인디애나폴리스, 런던, 하노이에 이어 네 번째로 열린 이번 한국학포럼에서는 미국 남부지역을 중심으로 한국학의 새로운 흐름과 협력 가능성을 모색하고, 미래 모빌리티, 글로벌 전략협력 등 다양한 분야에서의 한국학 외연 확장을 논의했습니다.세션 1에서는 미국 남부지역의 한국학 동향 및 협력 방안을 다루고, 이어 트럼프 2.0 시대의 한미 전략 협력을 주제로 한 특별대담이 진행되었습니다. 세션 2에서는 미래 모빌리티를 위한 글로벌 협력 방안을 논의했습니다."
2025-05-26,2025 인도네시아 차세대 언론인 초청,"인도네시아 주요 언론사 소속의 차세대 언론인 14명이 5월 18일(일)부터 24일(토)까지 한국을 방문했습니다.  이번 초청은 KF자카르타사무소와 인도네시아 외교정책 커뮤니티(FPCI)가 함께 진행 중인 차세대 언론인 네트워크 사업의 일환으로, 참가자들은 2024년 자카르타에서 한-아세안 관계, 디지털 정부, 녹색경제 등 관련 워크숍에 참여한 바 있습니다. 올해 한국을 방문한 참가자들은 외교부, 네이버웹툰 및 1784 사옥, KF 아세안문화원, 경주 APEC 준비지원단 등을 방문하여 한국의 정치, 경제, 문화를 직접 체험하고, 한국 언론인들과 간담회를 통해 네트워킹하는 시간도 가졌습니다.      "
2025-05-27,2025 한-G7 협력 포럼,"캐나다 오타와에서 2025 한-G7 협력 포럼이 5월 22일 개최되었습니다.  KF는 캐나다 국제거버넌스혁신센터(CIGI), 이탈리아 국제문제연구소(IAI)와 함께 국제 안보, 경제, 과학기술, 글로벌 발전 등 중요한 글로벌 이슈를 주제로 깊이 있는 논의를 진행했습니다.  한-G7 협력 포럼은 한국과 G7 국가 간 협력 방안을 모색하기 위해 2024년 시작됐습니다.  지난 해 이탈리아 로마에서 첫 포럼이 개최된 데 이어, 올해는 G7 정상회의 개최국인 캐나다에서 두 번째로 개최되었습니다.      "
2025-05-30,제20회 제주포럼 속 KF세션 ‘청년 공공외교의 혁신과 미래’,"한국국제교류재단(KF)은 5월 29일, 제20회 제주포럼에서 청년 공공외교의 혁신과 미래를 주제로 KF세션을 개최했습니다.  이번 KF세션은 KF 공공외교 역량강화대학 지원사업을 중심으로, 청년 공공외교 프로그램의 성과를 되짚고 지속가능한 발전 방안을 모색했습니다.  경희대제주대중앙대 교수진과 외교부, 민간 전문가들이 발표와 토론을 통해 현장의 목소리를 공유한 뜻깊은 자리였습니다.             "
2025-05-30,KF갤러리 루빅 80/50 마법의 50년 전시 개막,"헝가리를 대표하는 문화 아이콘, 루빅 큐브의 발명 50주년과 발명가 에르노 루빅의 탄생 80주년을 기념해 2024년 기획된 특별 전시가 KF, 주한헝가리대사관, 주한헝가리문화원 그리고 모홀리-너지 예술디자인학교의 협력으로 5월 29일부터 8월8일까지 서울 KF갤러리(중구 수하동)에서 개최됩니다.부다페스트, 도쿄, 뉴욕, 헬싱키를 거쳐 서울에서는 처음 선보이는 이번 전시는 루빅 큐브의 탄생과 발전과정 그리고 교육자이자 디자이너, 퍼즐 발명가로서의 에르노 루빅의 다양한 궤적을 흥미롭게 조명합니다.5월 28일, 이종국 KF 교류협력이사와 새르더헤이 이슈트반 주한헝가리대사의 축사로 시작된 개막식에는 주한 외교단을 비롯해 최일규 큐브문화진흥회장, 문화예술계 관계자 등 100여명이 참석했습니다."
2025-06-09,2025년 외교안보 분야 유력인사 방한,"한국국제교류재단(KF)는 5월 25일부터 31일까지 라트비아, 미국, 슬로바키아, 예멘, 온두라스, 짐바브웨, 코스타리카 등 7개국의 외교안보 분야 주요 인사들을 한국에 초청했습니다.   대한민국 역사박물관   국립현충원  초청 인사들은 국립외교원과 세종연구소 등 주요 기관을 방문해 한국의 외교안보 정책을 듣고, DMZ, 국립현충원, 대한민국역사박물관 등을 찾아 역사와 평화에 대한 이해를 깊이 있게 나누는 시간을 가졌습니다.   KF 환영오찬  국립외교원  또한, 인사별 개별 일정도 함께 진행되어, 각국과의 실질적인 협력 기반을 더욱 탄탄히 다지는 계기가 되었습니다. "
2025-06-17,2025년 경제 분야 유력인사 방한,"KF는 6월 8일(일)부터 6월 14일(토) 까지 루마니아, 베트남, 사우디아라비아, 조지아 캐나다 5개국의 경제 분야 유력인사 5명을 방한 초청했습니다.한국경제인협회대한무역투자진흥공사방한한 인사들은 한국경제인협회, 대한무역투자진흥공사 등 경제 관련 기관을 방문해 한국 경제의 주요 현안과 전망을 청취하는 시간을 가졌습니다.글로벌지식협력단지KF 환영오찬현대모터스튜디오, 삼성이노베이션뮤지엄, 글로벌지식협력단지 등을 찾아 한국의 경제성장 동력과 경제발전 역사를 확인하고, 애기봉평화생태공원 등을 둘러보며 한국의 역사와 문화에 대한 이해를 넓히는 시간도 가졌습니다.삼성이노베이션뮤지엄현대모터스튜디오"
2025-06-17,제2차 한-중앙아 싱크탱크 포럼,"KF는 6월 13일, 키르기스스탄 국가전략이니셔티브연구소(NISI)와 함께 비슈케크에서 제2차 한-중앙아 싱크탱크 포럼을 성공적으로 개최했습니다.  중앙아시아 5개국의 전략연구소와 한국 전문가들이 모여 에너지 안보와 전략적 자원 개발, 기후회복력과 탄소중립, 운송물류 혁신, 디지털 전환과 AI 등 글로벌 과제 해결을 위한 협력 방안을 논의했습니다.             "
2025-06-19,한-중-일 서울 프로세스,"제7차 NEAR-KF 한-중-일 서울 프로세스가 서울에서 6월 9일부터 10일까지 진행되었습니다. 이번 회의에서는 전직 고위 인사 및 외교안보경제 전문가 30여 명이 트럼프 2.0 시대가 동북아 정세에 미칠 영향에 대해 논의했습니다. 6월 9일, 1일차 세션에서는 북핵 협상, 동북아시아 안보, 통상정책 등 다양한 이슈를 다뤘습니다. 격변하는 국제 질서 속 평화와 협력의 길을 모색한 뜻깊은 자리였습니다. 2일차에는 한-중 안보전략 대화가 이어졌습니다.   "
2025-06-26,2025 미국 지역 한국 미술 큐레이터 워크숍  개최,"6월 17-18일, KF와 시카고미술관(Art Institute of Chicago)이 공동 주최한  2025 미국 지역 한국 미술 큐레이터 워크숍 이 개최되었습니다.이번 워크숍에는 시카고미술관, 스미스소니언 국립아시아미술관(National Museum of Asian Art), 덴버미술관(Denver Art Museum), LA카운티미술관(LACMA), 뉴욕대 예술대학(The Institute of Fine Arts, New York University) 등 미국 유수 예술기관 소속 한국 미술 큐레이터 및 교수진 약 20인이 참여하였으며, 한국 미술 현황 발표, 시카고미술관의 한국실, 한국 도자 특별전 및 소장품 관람, 미국 내 한국 미술 확산의 도전과 과제를 주제로 한 라운드테이블 토론이 진행되었습니다.미국 지역 내 한국 미술의 오늘과 내일을 함께 고민한 뜻깊은 자리,  KF는 앞으로도 전 세계에 한국 미술이 소개될 수 있도록 노력하겠습니다."
2025-06-27,2025 KF 국제교류 실무자 워크숍,"6월 25~26일, 전국 지자체공공기관대학의 국제교류 담당자 51명이 KF 글로벌센터에서 2025 KF 국제교류 실무자 워크숍을 개최했습니다. 이번 워크숍을 통해 변화하는 국제 정세 속에서 지방자치단체 및 지역 기관의 공공외교 방향을 모색하고, 실무 역량을 강화하였습니다. 참가자들은 전문가 초청 강의를 통해 공공외교 개론, 국제 정세 이해, 한류 4.0 시대의 공공외교등에 대해 배우고, 우수사례 학습 및 사업기획 실습도 진행하였습니다. 또한, 네트워킹 세션, KF 갤러리 전시 관람 등 참가자 간 교류의 장도 마련되었습니다.      "
2025-06-30,2025 지자체-중앙아 교류협력 워크숍 개최,"KF 한-중앙아협력포럼사무국과 대한민국시도지사협의회는 6월 27일, 국내 지자체 실무자를 대상으로 2025 지자체-중앙아 교류협력 워크숍을 공동 개최했습니다.이번 워크숍에서는 중앙아시아 지역에 대한 이해를 높이고, 중앙아 현지 지자체 소개, 전라북도의 협력 사례 공유 등 지자체의 실질적인 교류 협력을 위한 다양한 정보를 논의했습니다."
2025-07-01,중앙아 5개국 에너지 분야 차세대 전문가 방한 초청,"KF 한-중앙아협력포럼사무국은 한-중앙아 차세대 리더 네트워크 구축사업의 일환으로 6월 22일(일)부터 28일(토)까지 중앙아시아 5개국* 에너지 분야 차세대 인사 10명을 방한 초청했습니다.*중앙아시아 5개국: 카자흐스탄, 키르기스스탄, 타지키스탄, 투르크메니스탄, 우즈베키스탄올해는 신재생에너지 및 에너지 효율화를 주제로 카자흐스탄 에너지부 신재생에너지국장, 키르기스스탄 에너지부 전력부서장 및 에너지부 산하 발전소 관계자, 타지키스탄 에너지수자원부 인허가부 부서장대리, 투르크메니스탄 에너지부 및 외교부 관계자, 우즈베키스탄 에너지부 프로젝트실장 등 10명이 참여했고 한국측에서는 한국에너지공단과 한국지역난방공사가 협력기관으로 참여했습니다.6월 23일 웨스틴 조선 호텔에서 개최된  한-중앙아 차세대 다이얼로그 에서는 국내 유관기관기업 및 중앙아시아 5개국 신재생에너지 분야 관계자 40여명이 모여 태양광 정책 및 산업 현황, 신재생에너지 산업 중장기 개발 전략을 주제로 ▲세계 재생에너지 시장 및 정책 동향, ▲국가별 산업 현황과 중장기 개발 전략 등에 대해 발표 및 토론을 진행했습니다.중앙아 5개국 차세대 전문가들은 한국지역난방공사를 방문해 통합운영센터, 열병합발전 시설 등을 시찰했고 동서발전 당진발전본부, 현대에너지솔루션 음성공장 등을 방문해 태양광 모듈 생산공정 등 관련 시설을 견학했습니다."
2025-07-01,한일중비전그룹(TVG) 3차 회의,"2025년 6월 29일부터 30일까지, 일본 도쿄에서 열린 한일중비전그룹(Trilateral Visionary Group, TVG) 3차 회의에는 한국, 일본, 중국의 전직 정부 고위인사와 학자 등 14명이 참석하여 3국 간 정치, 경제, 사회문화 분야의 협력 방안을 논의하였습니다. 이번 회의는 불확실성과 확실성: 변화하는 세계 질서와 한중일 3국 협력의 미래, 한중일 경쟁과 협력: 도전요인과 기회요인, 공동체 의식 구축: 상호 인식과 3국 간 인적교류 등 세 가지 주제를 중심으로 심도 있는 논의가 이루어졌습니다. 회의에서 논의된 내용은 3국 정부에 전달되어 향후 정책 수립에 참고자료로 활용될 예정입니다.        "
2025-07-04,사우디아라비아 킹사우드대 총장 방한 초청,"사우디아라비아 최고 대학 킹사우드대학교의 압둘라 알 살만 총장이 7월 1일부터 3일까지 KF 초청으로 방한했습니다.방한 기간 동안 알 살만 총장은 서울대, KAIST, 네이버 등 산학협력 유관기관을 방문하고, 아산병원과 연수 프로그램 재개 및 AI를 활용한 차세대 의료 분야 협력에 대해 의견을 나누었습니다. 또한, 킹사우드대학 내 한국학 정규 강좌 신설에 대한 협력 방안도 논의하였습니다.알 살만 총장의 금번 방문은 한국과 사우디아라비아 간 교육, 산학협력, 문화교류 전반에 걸쳐 미래 협력 기반을 구축하는 계기가 되었습니다."
2025-08-01,2025 KF 공공외교캠프 개최,"KF는 7월 20일부터 24일까지 4박 5일간 서울 일대에서 2025 KF를 개최했습니다. 이번 캠프는 인도-태평양 국가 간 우호 증진을 도모하기 위해 개최되었으며, 한국, 일본, 호주, 뉴질랜드 등 인도-태평양 지역 주요 4개국 청년 16명이 참가했습니다.올해 캠프 주제는 문화예술 분야의 신규 공공외교 의제 및 사업 발굴로, 참가자들은 문화유산, 대중문화, 영화뉴미디어 등 3개팀으로 나뉘어 ▲공공외교 및 문화공공외교 관련 기조강연, ▲조별 관심 기관 방문, ▲전문가 멘토링(정책 아이디어 구체화), ▲한국 문화체험, ▲결과 발표(문화예술 분야 공공외교 정책 제안 및 신규 의제 공유) 등을 수행했습니다.기조강연으로는 김태환 국립외교원 명예교수가 공공외교 전반에 대해, 장상훈 국립민속박물관장이 문화공공외교에 대해 강연했습니다. 팀별 지도자(멘토)로는 문화유산팀에 김지현 유네스코 한국위원회 팀장, 대중문화팀에 김윤하 대중음악평론가, 영화뉴미디어팀에 제이슨 베셔베이스(Jason Bechervaise) 영화영화학자 등 전문가가 배정되어 조언을 제공했습니다."
2025-08-05,"미국, 유럽, 아시아태평양 지역 역사사회 교사 방한 초청","KF는 세계역사디지털교육재단(World History Digital Education Foundation, 이사장 한종우, 이하 WHDEF)을 지원해 미국 및 유럽, 아시아태평양 지역의 역사사회 중고교 교사 28명을 6월 30일(월)부터 7월 10일(목)까지 11일간 방한 초청했습니다.올해는 뉴욕, 펜실베니아, 텍사스 등 미국 12개 주 출신 교사 16명, 키프로스, 프랑스, 스웨덴, 체코, 슬로바키아, 덴마크, 네덜란드, 그리스 유럽 8개국과 필리핀, 뉴질랜드 아시아태평양 2개국 출신 교사 12명이 참가했습니다. 특히 이번 방한 일정에 ▲제니퍼 모건(Jennifer Morgan) 전미사회과교사협의회(National Council for the Social Studies, NCSS) 회장, ▲우테 아커만 보에로스(Ute Ackermann-Boeros) 유럽역사교육자협회(European Association of History Educators, EuroClio) 회장, ▲바실리키 사카(Vassiliki Sakka) 그리스역사교사협회 회장, ▲마리아 하마노소바(Maria Harmanosova) 슬로바키아역사협회 공동회장, ▲조나단 발사모(Jonathan Balsamo) 필리핀역사교사협회 사무총장, ▲브론윈 훌리스턴(Bronwyn Houliston) 뉴질랜드 前 역사교사협회 회장 등 각국 역사교육 분야 주요 인사들도 참여했습니다.참가자들은 DMZ, 전쟁기념관, 국립현충원, UN 평화기념관 등을 방문해 한국현대사에 대해 배우고, 포스코 포항제철소, 삼성전자, LG사이언스파크, 글로벌지식협력단지 등을 견학하며 한국 산업화와 경제 발전 과정을 살펴보았습니다."
2025-08-05,한-베 미래지향 교류사업,"KF는 7월 29일부터 8월 2일까지 도 반 찌엔 베트남 조국전선중앙위원장 일행을 한국으로 초청해 2025 한-베 미래지향 교류사업을 진행했습니다. 베트남 조국전선중앙위원회 최고위급으로 구성된 방한단은 국무총리, 국회부의장, 경기도의회 의장 등을 예방하고, 삼성이노베이션뮤지엄, 판교테크노밸리 등 한국의 과학기술 현장을 방문하며 교류를 이어갔습니다.                          "
2025-08-08,2025 KF-ASPI 포럼 개최,"KF는 7월 22일 미국 뉴욕에서 아시아소사이어티(Asia Society, ASPI)와 함께 2025 KF-ASPI을 공동 개최했습니다.이번 포럼은 KF가 2024년 한국 관련 행사 개최 등을 위해 아시아소사이어티 코리아프로그램 기금을 설치한 후 개최되는 첫 번째 행사입니다.이 행사는 총 2개의 공개세션으로 진행되었으며, 양국 전문가들은 ▲한미동맹의 현재와 향후 전망(U.S.-ROK Alliance in 2025 and Beyond), ▲지속 가능한 글로벌 파트너십: 인도-태평양 지역의 기회와 도전(Sustaining Global Partnership: Opportunities and Challenges in the Indo-Pacific Region)을 주제로 논의하였습니다."
2025-08-13,‘2025 KF-경주시 찾아가는 공공외교 아카데미’ 개최,"KF는 8월 12일 경주시청과 협력해 2025 KF-경주시 찾아가는 공공외교 아카데미를 개최했습니다.경주 아시아태평양경제협력체(이하 APEC) 정상회의 개최를 앞두고 열린이번 교육은 국제교류의 최전선에서 정상회의에 대비중인 경주시 공무원과 인근 지역 실무자들의 역량 강화를 목표로 경주시 공무원 외에도 (재)경주화백컨벤션뷰로, 경상북도문화관광공사, 부산대 등 인근 지자체, 공공기관, 대학 등에서 국제교류 담당자 50여 명이 참석했습니다.참석자들은 ▲조원득 국립외교원 외교안보연구소 교수의 국제정세의 이해와 아태지역 협력 전략, ▲이정태 경북대 정치외교학과 교수의 2025 APEC과 지역 공공외교 전략 등 강의를 통해 국제정세 현황과 공공외교에 대해 배우고 이번 APEC의 주요 의제 및 참가국에 대해 이해를 높혔습니다."
2025-08-21,제33차 한일포럼 개최,"8월 18일부터 20일까지, 한일 국교정상화 60주년을 맞아 서울에서 제33차 한일포럼이 열렸습니다. 한일포럼은 양국 정재학언론계 주요 인사들이 한자리에 모여 현안을 심도 있게 논의하는 대표적인 민간 대화 채널입니다. 올해 포럼에서는 ▲양국 정치 정세와 한일관계 ▲트럼프 2.0 시대의 동북아 정세 ▲글로벌 경제 재편과 한일 경제협력의 미래 등 폭넓은 의제가 다뤄졌으며, 청년세대의 목소리를 담은 한일주니어포럼의 제언도 공유되었습니다.  마지막 날 총괄세션에서는 한일 국교정상화 60주년, 한일관계 주요 단체의 제언이라는 주제로 심도 있는 논의를 거쳐 공동성명서를 발표했습니다. 성명서에는 향후 60년을 준비하는 구체적인 협력 방안이 담겼으며, 이는 정부 및 관련 기관에 전달돼 정책수립 및 교류에 활용될 예정입니다.                "
2025-09-02,KF 글로벌 e-스쿨 워크숍 개최,"KF는 8월 28일 글로벌 e-스쿨 출범 15주년을 기념하여 국내 시행대학 17개교와 함께 워크숍을 개최했습니다.이번 워크숍에서는 2024년 사업 성과와 우수사례 공유, 2026년 사업 지침 안내, 2027-29년 발전 방향 논의 등을 통해 지난 15년의 성과를 돌아보고 미래를 모색하는 뜻깊은 시간을 보냈습니다."
2025-09-03,호주싱가포르에서 ‘한국 문화예술 특강’ 개최,"KF는 8월 21일(목)부터 28일(목)까지 호주와 싱가포르 소재 대학에서 ‘2025 KF 한국 문화예술 특강 시리즈(KF LAB Series: Lectures on Arts and Beyond)’를 개최했습니다.  ‘KF 한국 문화예술 특강 시리즈’는 해외에서 높아진 한국 문화예술에 대한 관심을 연구 단계로 한 단계 발전시키고 차세대 전문가를 양성해 한국에 대한 이해를 지속적으로 제고하고자 KF가 기획한 신규 사업입니다. 한국 영화와 드라마를 주제로 진행된 이번 특강은 호주의 뉴사우스웨일스대학교(UNSW), 멜버른대학교, 모나시대학교 등 3개 대학교와 싱가포르의 난양공과대학교(NTU)와 협력해 개최되었습니다. 강연자로는 이상준 홍콩시티대 크리에이티브 미디어학부 교수, 신혜린 고려대 미디어학부 교수, 브라이언 예시스(Brian Yecies) 호주 울런공대 커뮤니케이션미디어학부 교수 등 한국 영화 및 대중문화, 디지털 미디어 분야 전문가들이 참여했습니다. 특강에서 이상준 교수는 ’한국 영화 르네상스‘의 토대를 이룬 주요인과 의미를, 신혜린 교수는 ’모범택시‘와 ’더 글로리‘를 중심으로 한국 드라마에서 자주 다뤄지는 ’복수‘ 서사를 사회 현상과 연결해 소개했습니다. 브라이언 예시스(Brian Yecies) 교수는 한국 영화 산업이 빠르게 성장한 배경과 장르를 자유롭게 넘나드는 현대 한국 영화의 특징을 조명했습니다.                                                                                                             "
2025-09-09,KF-세종시 2025 찾아가는 공공외교 아카데미,"KF는 세종시와 인근 충청권 국제교류 담당자들의 실무 역량을 강화하고, 지자체기관 간 협력 네트워크 기반을 마련하기 위해 2025 KF-세종시 협력 찾아가는 공공외교 아카데미를 9월 4일 세종시에서 개최했습니다. 이번 아카데미는 세종시청 협력으로 중앙부처, 지자체, 공공기관, 국책연구기관, 대학 등 17개 기관 40명의 관계자가 함께했으며, ▲유현석 경희대 정치외교학과 교수의 2025년 국제정세의 이해 및 지역 공공외교, ▲최종현 전 외교부 의전장의 국제행사 의전과 글로벌 매너 강의가 진행되었습니다.     "
2025-09-09,KF-USSC 인도태평양 안보 대화,"KF와 시드니대학교 미국연구센터(USSC)가 공동 개최한 KF-USSC 인도태평양 안보 대화에는 NATO 인도태평양 파트너국인 한국, 호주, 일본, 뉴질랜드(IP4)를 중심으로, 미국, 캐나다, 유럽의 안보 전문가들이 모였습니다.  참석자들은 전략적 안보 환경, 실질적 안보 협력, IP4 안보의 미래 전망을 주제로 역내 주요 현안에 대해 전략적 협력방안을 심도 깊게 논의하였습니다.  이번 대화는 정책 전문가, 기업 관계자 등이 함께해 다양한 시각을 공유하고 의견을 나눈 뜻깊은 자리였습니다.         "
2025-09-09,제4차 한호미래포럼과 제2차 한호유스포럼 개최,"KF는 호한재단(Australia-Korea Foundation)과 함께 8월 28일(목) 제4차 한호미래포럼을 호주 시드니에서 개최했습니다. 이번 포럼에서 참가자들은 안보, 혁신기술, 경제, 문화예술 등 주요 분야에서의 협력 방안을 심도 있게 논의했습니다. 한편 하루 전 8월 27일 열린 제2차 한호유스포럼에서 한국과 호주 청년 전문가들이 논의한 결과를 미래포럼에서 발표하며, 차세대와 기성세대가 함께 만들어가는 협력의 장을 보여주었습니다.         "
2025-09-11,‘한일2030비전그룹’  공개세미나,"한국국제교류재단(KF)과 NEAR재단은 9월 9일(화), 대한상공회의소에서 세계질서의 복합대전환과 한일 전략적 동반자 관계를 주제로 공개 세미나를 개최했습니다. 한국 측 발제자 9인이 한일 전략적 파트너십, 한미일 안보협력, 한일 경제, 과학기술 협력, 인적문화교류 심화 등을 주제로 양국이 안정된 한일관계 구축을 위한 협력 방안에 대해 논의하였습니다.    "
2025-09-15,제23차 한독포럼,"KF는 사단법인 한독협회 및 독일 독한포럼과 공동으로 9월 11일과 12일 양일 간 서울에서 제23차 한독포럼을 개최했습니다.9월 11일 열린 제23차 한독포럼 본회의에서는 한국과 독일의 주요 인사 50여 명이 참석해 한독 양국 관계 및 협력 방안에 대해 논의했습니다. 기조세션에서는 양국의 정치경제사회 현황을 점검하고, 지정학적 위기와 글로벌 도전에 대응하기 위한 가치 기반 전략적 파트너십, 그리고 경제 통상 관계 및 경제안보 협력 방안을 주제로 심도있는 논의를 진행하였습니다. 이어진 분과세션에서는 ▲AI 등 핵심신흥 기술, ▲에너지 안보, ▲인구 변화와 사회 통합을 주제로 각 분야별 세부 논의를 이어갔습니다. 9월 12일은 주요 기업 전문가들이 참여하는 AI 협력 특별세션으로, 한국과 독일의 AI 발전 현황 및 민간 협업 방안을 주제로 논의가 진행되었습니다. 같은 기간 KF와 한국독일네트워크(ADeKo), 독한포럼이 공동으로 주관하는 제13차 한독주니어포럼에서는 한국과 독일 청년 50명이 모여 노동, 디지털 전환, 인구 변화, 지정학 등을 주제로 뜨거운 토론을 펼쳤습니다.       "
2025-09-17,"한국국제교류재단-서울관광재단 업무협약 후 첫 협력전 서울의 물결, 공명의 밤 개최","한국국제교류재단과 서울관광재단이 협력한 전시 서울의 물결, 공명의 밤이 청계천 광교 다리 아래 광교갤러리에서 열리고 있습니다.이번 전시는 바다로 향하는 나무 조각의 여정을 담은 손몽주 작가(협업: 김문정, 이동재)의 신작 청계 스윙과 서울관광재단이 선보이는 수면 미디어아트 콘텐츠로 구성되어 청계천의 밤을 아름답게 수놓습니다.이 특별한 전시는 9월 8일부터 9월 21일까지 매일 저녁 6시부터 10시 사이에 만나보실 수 있습니다."
2025-09-18,2025 한의약 국내초청 정책연수,"9월 8일부터 12일까지, 카자흐스탄키르기스스탄타지키스탄 보건부 관계자 6명이 한국을 방문해 한의약 정책 연수에 참여했습니다.참가자들은 한의약 정책과 제도, 임상교육 프로그램 관련 강의를 듣고 서울한방진흥센터, 한국한의약진흥원, 한약제제생산센터(GMP센터) 등 주요 기관을 견학했으며 간담회를 통해 향후 전통의약 분야 협력 방안을 심도 있게 논의했습니다.특히, 참가자들은 강의와 현장에서 열의 있게 질문을 쏟아내며 적극적으로 참여했으며, 이번 연수는 중앙아시아와 한국 간 전통의약 협력 기반을 한층 강화하는 중요한 계기가 되었습니다.   "
2025-09-18,언론분야 8개국 유력인사 방한 초청,"KF는 9월 7일(일)부터 13(토)까지 언론 분야 유력인사 8개국(콜롬비아, 말레이시아, 세네갈, 코트디부아르, 네팔, 포르투갈, 오만, 보스니아헤르체고비나) 8명을 한국에 초청했습니다.초청 인사는 ▲안드레스 몸포테스(Andrs MOMPOTES) 콜롬비아 엘 티엠포(El Tiempo) 사장, ▲니니 유소프(Nini YUSOF) 말레이시아 미디어 프리마(Media Prima) 사장, ▲무하마두 라민 니앙(Mouhamadou Lamine NIANG) 세네갈 르 솔레이(Le Soleil) 사장, ▲세르주 올리비에 누오 압델(Serge Olivier NOUHO ABDEL) 코트디부아르 국영 언론사(SNPECI) 사장, ▲구나 러즈 루이텔(Guna Raj LUITEL) 네팔 리퍼블릭 미디어(Nepal Republic Media) 편집장, ▲베르타 마리아 페헤이라 드 프레이타스(Berta Maria FERREIRA DE FREITAS) 포르투갈 에흐테페(RTP) 편집장, ▲메이 사이드 알 아브리(Mai Said AL-ABRI) 오만 공보부 편집주간, ▲아즈라 오베로비츠(Azra OMEROVI) 보스니아헤르체고비나 주르날(Zurnal) 기자입니다.참가자들은 외교부와 한국언론진흥재단, MBC 등을 방문해 한국의 언론 현장을 직접 경험하고, 기업 및 전문가와 심층적인 교류를 이어갔습니다. 또한 DMZ를 찾아 한반도의 평화와 안보, 역사와 문화를 이해하는 시간을 가졌습니다.    "
2025-09-18,한국 미술 큐레이터 워크숍 ‘큐레이팅 코리아(Curating Korea)’ 개최,"KF는 9월 8일(월)부터 9월 12일(금)까지 서울에서 2025 한국 미술 큐레이터 워크숍 큐레이팅 코리아(Curating Korea)를 개최했습니다.31회를 맞는 이번 큐레이터 워크숍은 해외 큐레이터가 한국의 역동적인 미술 현장을 경험하고 관련 지식과 네트워크를 쌓을 수 있도록 한국 현대동시대 미술을 주제로 기획되었습니다.이번 워크숍에는 ▲영국 테이트 모던, ▲미국 휘트니미술관, ▲독일 함부르거 반호프 현대미술관, ▲프랑스 21세기 동시대 미술의 주축인 팔레 드 도쿄, ▲2026년 개관 예정인 아랍에미리트 구겐하임 아부다비, ▲미술 연구와 차세대 인재 양성의 중심인 미국 뉴욕대 미술사대학원(IFA·Institute of Fine Arts) 등 10개 해외 유수 기관 소속 현대 미술 전문가 및 큐레이터 13명이 참여했습니다.참가자들은 국립현대미술관, 리움미술관, 국제갤러리를 방문해 한국 미술 현장을 둘러보고, 김아영이불정연두 작가와 만나 작품 세계를 탐구하며 깊이 있는 교류의 시간을 가졌습니다."
2025-09-19,‘2025 중앙아 스마트 물관리 전문가 초청연수’ 개최,"KF 한-중앙아협력포럼사무국은 9월8일(월)부터 12일(금)까지 5일간 2025 중앙아 스마트 물관리 전문가 초청연수를 개최했습니다.한-중앙아협력포럼사무국과 유네스코 물 안보 국제연구교육센터(UNESCO i-WSSM)가 공동 주최하는 이번 연수에는 카자흐스탄, 키르기스스탄, 타지키스탄, 투르크메니스탄, 우즈베키스탄 등 중앙아시아 5개국의 물관리 고위급 정책결정자와 실무 전문가 총 10명이 참여했습니다.참가자들은 연수 핵심 프로그램인 한-중앙아 5개국 물관리 협력 세미나에 참석해 중앙아시아 5개국의 물관리 당면 과제와 향후 계획을 공유하고 물관리 현안 해결 및 협력 강화 방안을 논의했습니다. 그밖에 연수 기간 동안 참가자들은 한국수자원공사, 국가물산업클러스터, 충주다목적댐 등 다양한 기관을 방문하며 한국의 물관리 정책과 기술을 배우고 체험했습니다.           "
2025-09-19,‘만남은 언제나 파동으로’전 개최,"KF글로벌센터 개관 20주년을 기념하여 KF가 그간 수행해온 국제 문화외교의 활동을 상징적으로 담은 전시 만남은 언제나 파동으로를 9월 1일부터 30일까지 KF 갤러리에서 선보입니다.이번 전시는 제7회 공공외교주간 세계와의 만남, 이어지는 우리와 연계하여 개최되는 KF의 기획 전시로, 현대미술을 통해 만남과 교류의 의미를 전합니다.〈만남은 언제나 파동으로〉 전시는 김수자, 요한한, 차승언 세 작가가 선보이는 영상, 오브제, 직조 회화 등 다양한 형식과 매체의 작품으로 구성되며, 서로 다른 문화의 교차와 공존을 은유합니다."
2025-09-22,한일국교정상화 60주년 기념 KF-JF 협력 심포지엄 지속가능한 지역 발전을 위한 문화적 협력 개최,"KF는 일본국제교류기금(Japan Foundation, 이하 JF)과 함께 한일국교정상화 60주년을 기념해 KF-JF 협력 심포지엄 지속가능한 지역 발전을 위한 문화적 협력을 9월 12일(금) 명동 온드림소사이어티에서 개최했습니다.심포지엄에는 김기환 KF 이사장, 구로사와 신야 JF 이사장, 이병민 건국대 문화콘텐츠학과 교수, 민진경 홋카이도교육대학 교수, 이광준 서귀포시문화도시센터장, 박용선 춘천도시문화센터장을 비롯해 양국의 지역 문화 전문가들이 참석했습니다. 심포지엄에 참석한 양국 지역 문화 전문가들은 한국과 일본의 협력을 통해 지역문화 진흥과 지속가능한 발전의 가능성을 함께 모색했습니다.심포지엄과 더불어 한국과 일본 10개 지역의 문화사업을 소개하는 포스터 전시 공간도 마련되었습니다. 한국에서는 서귀포, 춘천, 부평, 공주, 김해, 일본에서는 신슈, 시즈오카, 요코하마, 오키나와, 나고야 지역이 함께했습니다.심포지엄 종료 후 KF와 JF는 상호협력을 위한 각서를 체결했습니다. 이를 통해 두 기관은 향후 우호적 협력 사업을 함께 구상하고 시행할 예정입니다.             "
2025-09-25,2025 KF 한-베 청년교류사업,"KF는 베트남 내무부와 공동으로 9월 14일부터 23일까지 10일간, 베트남 내무부가 선발한 청년 공무원 29명을 한국에 초청했습니다.베트남 대표단은 과학기술항공우주조선농업청년여성정책 등 다양한 분야의 현장을 직접 방문하여 한국의 발전 사례를 살펴보고, 한-베트남 간 협력 가능성을 모색했습니다.특히 지난해 방베했던 한국 청년 공무원과의 교류회도 열려, 양국 청년 리더 간 네트워크와 미래지향적 협력 기반을 더욱 공고히 했습니다.                     "
2025-10-01,문화예술분야 5개국 유력인사 방한 초청,"KF는 9월 21일(일)부터 27일(토)까지 호주, 뉴질랜드, 스페인, 타지키스탄, 우크라이나의 문화예술분야 주요 인사 5명을 한국으로 초청했습니다.초청 인사는 ▲나탈리 세이즈(Natalie SEIZ) 호주 뉴사우스웨일즈(NSW) 주립 미술관 큐레이터, ▲리차드 테일러(Richard TAYLOR) 뉴질랜드 웨타 워크숍 대표, ▲발레리오 로코 로사노(Valerio ROCCO LOZANO) 스페인 마드리드문화예술원 관장, ▲주마혼 파이잘리조다(Jumakhon FAIZALIZODA) 타지키스탄 대통령실 산하 국립도서관 관장, ▲테티아나 칼르타(Tetiana KALYTA) 우크라이나 국제문화외교연구소 총괄이사입니다.초청 인사들은 국립중앙박물관, 국립현대미술관, 서울공예박물관, 리움미술관 등 한국을 대표하는 주요 문화예술 기관을 방문해 다양한 전시와 문화유산을 직접 체험했습니다. 그리고 비무장지대(DMZ), 창덕궁 후원 등을 방문하여 한국의 역사와 현대문화를 두루 알아보고, 개별 면담 일정을 통해 향후 협력의 기반이 될 소중한 네트워크를 쌓았습니다."
2025-10-14,"KF, 체코폴란드한국 기관 협력 KF XR 갤러리 기획전 플랫폼: 보다 인간적인 개최","KF는 KF XR 갤러리 기획전 플랫폼: 보다 인간적인(Platform: Still Human)을 9월 30일(화)부터 2026년 2월 27일(금)까지 디지털 공공외교 체험 전시 공간인 KF XR갤러리(서울 중구 소재)에서 개최합니다.〈플랫폼: 보다 인간적인〉은 AI기술 시대에 여전히 인간다운 것을 다양한 실감형 작품들로 탐구합니다.이번 전시는 KF와 2022년, 2023년 양해각서를 체결한 한국예술종합학교, 카이스트(이하 KAIST)를 포함해 폴란드 문화유산부, 아담 미츠키에비츠 문화원, 주한체코문화원 등과 협력하여 첨단 디지털 기술을 활용한 작품 13점을 선보입니다.주한체코문화원 협력 작품으로 우울증을 주제로 한 ▲VR 작품 다크닝이 한국어 더빙 버전으로 최초 공개됩니다.또한 폴란드 아담 미츠키에비츠 문화원 협력으로 국립 우치영화학교 vnLab 소속 감독과 작가가 제작한▲뒤집힌 통제, 죽음에 관한 단순한 노래들, 밤들등 인간 내면과 존재에 대해 탐구한 작품 3점도 한국어 더빙과 자막을 더해 최초 전시됩니다.한국예술종합학교는 후니다 킴 작가의 햅틱 사운드 수업에서 비롯된 작품들을 선보입니다. 팀 401Hz의 음향과 파동에 의한 진동을 작업에 활용한 ▲필획파, .막, 잔-울림 그리고 세계적으로 권위 있는 미디어아트 시상식 프리 아르스 일렉트로니카에서 특별상을 수상한 작가 상희의 작품 ▲월딩도 만나볼 수 있습니다.KAIST 강이연 산업디자인학과 교수는 인류세와 기후변화 등 글로벌 담론을 주제로▲중첩, 박물관, 골디락스 등 신작 3점을 포함한 과학-예술 융합형 작품 4점을 선보입니다.이번 전시는 무료로 관람할 수 있으며, 관람객 참여형 작가와의 대화, 워크숍, 강연 등 전시 연계 행사도 진행될 예정입니다."
2025-10-17,제7회 공공외교주간 개최,"KF는 KF글로벌센터 개관 20주년을 맞아, 제7회 공공외교주간을 9월 8일(월)부터 9월 27일(토)까지 20일간 KF글로벌센터에서 진행했습니다. 세계와의 만남, 이어지는 우리를 주제로 그리스, 이탈리아, 태국, 폴란드 등 33개국 주한외국공관 및 문화원, 국제적십자위원회, 식량농업기구(FAO) 등 국제기구대학공공기관 12개 기관에서 참여했습니다.  이번 공공외교주간에는 공연, 영화, 강연, 워크숍, 동화 구연 등 60여 개의 세계문화체험 행사와 더불어 특별히 어린이, 대학생 등 대상별 프로그램도 마련되었습니다. 청년의 날(9.20)을 맞아, 9월 19일부터 3일간 공공외교 실천방안 발표회, 해외기관 인턴십 프로그램인 KF글로벌챌린저 설명회, KF글로벌펠로 라운드 테이블, 코리아중앙데일리 K-Campus와 함께하는 주한 외국인 유학생 네트워킹, 국제기구 진출 설명회 등 대학생 대상 프로그램을 집중 개최했습니다. 그리고 어린이를 위한 프로그램으로 15개국 주한대사와 대사부인이 읽어주는 동화책 낭독 행사가 진행되었습니다.  그리고 9월 13일(토)에는 아세안의날, 9월 14일(일)에는 중앙아시아의날, 9월 27일(토)에는 아프리카의날로 정해 영화, 공연 등 해당 지역 문화를 경험할 수 있는 세계 각국 지역별 문화의 날 행사도 진행되었습니다. 특히, 공공외교와 문화, 지속가능발전목표(SDGs), 과학기술 등 융복합 주제로 공공외교 토크도 개최되었습니다. 최재천 이화여대 석좌교수와 예르네이 뮐러(Jernej Muller) 주한슬로베니아대사가 참석해 지구를 잇는 꿀벌, 사람을 잇는 공공외교, 강이연 카이스트(KAIST) 교수가 창의의 경계를 넘어, 민본 서울여대 교수가 KF XR갤러리에서 진행중인 한글 관련 전시 공명하는 문자 연계 강연을 진행했습니다.  제7회 공공외교주간은 우리 국민과 국제사회의 교류의 기회가 되었습니다. KF글로벌센터는 앞으로도 한국과 세계를 잇는 교류의 장을 제공하기 위해 지속 노력할 예정입니다.                              "
2025-10-22,"KF 한일대학생교류사업, 일본 대학생 방한 초청","KF는 한일대학생교류사업으로 일본 대학생 대표단 28명을 10월 10일(금)부터 18일(토)까지 방한 초청했습니다. 메이지대, 교토대, 호세이대, 츄오대 등 일본 유수 대학 재학생으로 구성된 대표단은 외교부, 주한일본대사관 공보문화원을 방문해 양국 외교관계 현황과 향후 상호 협력 가능 분야에 대해 청취하고, 고려대학교 글로벌일본연구원을 방문해 재학생들과 교류 시간도 가졌습니다.특히 이번 방한 프로그램에는 조선통신사 역사관과 고(故) 이수현씨 묘지 방문 일정이 있었습니다. 이 외에도 홈스테이 체험을 포함해 대한민국역사박물관, 창경궁, 동대문디자인플라자(DDP), 현대모터스튜디오 부산 등 한국 역사와 문화, 첨단기술을 체험할 수 있는 다양한 장소에 방문해 한국에 대한 이해도를 높였습니다.                    "
2025-10-29,한일국교정상화 60주년 기념 한일 문화인 대담 개최,"KF 도쿄사무소와 JF 서울문화센터가 공동 주최한 〈한일 문화인 대담〉이 한일국교정상화 60주년을 맞아 9월 24일 도쿄 시부야에서 열렸습니다.문화를 통해 연결되는 사람들을 주제로 만화 평론가 박인하 이사장, 플랫폼 넘버나인 코로쿠 타쿠야 대표, 그리고 《영상연구회에는 손대지 마라!》의 오오와라 스미토 작가가 함께 국경을 넘어선 창작의 가능성에 대해 깊이 있는 이야기를 나눴습니다."
2025-10-30,제13회 중앙아시아 한국학 학술대회 개최,"IT 시대 신실크로드의 한국학을 주제로 한 제13회 중앙아시아 한국학 학술대회가 6월 27일부터 28일까지 키르기스스탄 비슈케크에서 개최되었습니다. 중앙아시아 한국학교수협의회가 주최하고 KF가 후원한 이번 학술대회에는 카자흐스탄, 키르기스스탄, 우즈베키스탄, 아제르바이잔, 조지아, 튀르키예, 한국 7개국에서 온 연구자 170여 명이 참가해 총 50여 편의 한국학 관련 연구를 발표했습니다. AI 기반 한국어 교육, 디지털 외교, 한국-중앙아 문화 교류 등 IT 시대 속 한국학의 다채로운 연구 성과를 공유한 뜻깊은 자리였습니다.       "
2025-10-31,인디애나대 한국학연구소 10주년 컨퍼런스,"KF 한미미래센터는 10월 24일, 인디애나대학교 한국학연구소의 10주년 기념 컨퍼런스  Women Talk Korea 를 지원했습니다. 이번 컨퍼런스에서는 북미지역에서 활약 중인 여성 한국학자들이 한자리에 모여, 한국의 문화적 기억과 정체성, 학문과 사회적 실천, 그리고 미국 학계에서의 경험을 주제로 깊이 있는 대화를 나누었습니다.  "
2025-11-05,"베트남 르엉 끄엉 국가주석, KF아세안문화원 방문","2025년 APEC 정상회의 경주 개최를 계기로, 르엉 끄엉 베트남 사회주의 공화국 국가주석이 부산을 첫 방문하여 11월 1일 오후 3시  KF아세안문화원(ACH)을 찾았습니다. 르엉 끄엉 주석은 KF이사장 및 부산시장과 면담을 통해 양국 간 문화인적 교류 확대 방안을 논의하고, 감사의 뜻으로 베트남 고대 청동기 문화인 동선 문화 관련 도서를 기증했습니다.  이번 방문을 계기로 KF아세안문화원은 베트남민족학박물관과 업무협약(MOU)을 체결하고, 첫 협력사업으로 특별전 베트남 전통 민속놀이: 연결을 오는 12월 1일까지 선보입니다.          "
2025-11-10,트빌리시자유대 한국학 정책 워크숍 개최,"KF는 9월 26일(금)부터 27일(토)까지 이틀간 조지아 트빌리시자유대학에서 한국학 정책 워크숍을 개최했습니다. 이번 워크숍은 조지아, 아제르바이잔, 아르메니아 등 코카서스 남부 지역 내 한국학 교육자들의 전문성을 제고하고 지역별 한국학 교육 현황을 논의하기 위해 마련되었습니다. 워크숍에는 김현두 주조지아 대사, 티나틴 카로산니제 트빌리시자유대 국제관계학부 학장이 축사를 통해 참가자들을 격려했으며, 아바소바 규넬 아제르바이잔언어대 강사, 아르메니아 아메리칸대학의 크나릭 게보르기얀(Knarik GEVORGYAN) 한국어문학 강사를 비롯한 한국학 교육자와 학생 40여 명이 참가했습니다. 특히 이번 워크숍에는 영국 센트럴랭커셔대학의 임소진 아시아태평양 지역학 교수와 니키 올스포드(Niki Alsford) 인류학 교수가 참가했습니다. 임소진 교수는 영국 내 동아시아 지역학 연구한국학을 중심으로를 주제로, 니키 올스포드 교수는 해녀들의 목소리: 전통과 과학의 융합을 주제로 유럽 지역의 한국학 현황을 발표했습니다.  "
2025-11-10,러시아 차세대 한국학자 콘퍼런스 개최,"KF는 10월 30일(목)과 31일(금) 이틀간 올해 개교 270주년을 맞은 러시아 모스크바국립대학교에서 러시아 차세대 한국학자 콘퍼런스를 개최했습니다.ㅡ 이번 콘퍼런스에는 모스크바국립대, 상트페테르부르크국립대, 러시아국립인문대, 러시아국립고등경제연구대, 이르쿠츠크국립대, 우랄연방대, 극동연방대 등 21개 대학에서 한국학을 연구하는 석사 및 박사 과정생 등 60여 명이 참가했습니다. 또한 조성관 주러시아대한민국대사관 대사대리와 알렉세이 알렉산드로비치 모스크바국립대 아시아아프리카대 학장이 축사를 통해 차세대 한국학자들을 격려했습니다. 한국 관련 연구를 하는 이번 행사 참가자들은 ▲한국 내 난민의 법적 지위, ▲한국 영화 속 과학기술 발전에 따른 사회 변화에 대한 대중 인식 반영, ▲한국의 외교: 개발원조 정책, ▲한강 작가 소년이 온다에 나타난 역사적 사건 분석, ▲2022년 이후 러시아 내 한국 자동차 산업과 전망, ▲한국 영화 산업이 관광산업에 미치는 영향 등 다양한 연구 주제에 대해 발표하고 토론했습니다. 콘퍼런스는 한국의 정치, 사회, 한국사, 경제, 한국어, 문학, 문화, 종교, 예술 등 다양한 세션으로 구성되었습니다. 특히, 분야별 전공 교수들이 참여해 참가자들에게 피드백을 제공하고 한국학 전문성 향상 방안에 대한 전문가 방법론 특강도 진행했습니다.    "
2025-11-10,‘KF 글로벌 펠로 라운드테이블’ 개최,"KF는 11월 7일(금), 한국과학기술원(이하 KAIST)과 협력해 2025 KF 글로벌 펠로 라운드테이블을 KAIST 대전 본원에서 개최했습니다. 이번 라운드테이블은 과학기술 분야에서 활약 중인 KF 글로벌 펠로들이 해외에서 쌓은 경험과 글로벌 이슈에 대한 자신만의 통찰력을 청년들과 나누는 자리였습니다. 발표자로는 원종호 단국대학교 과학기술대학 에너지공학부 조교수, 유민상 오토노머스에이투지(Autonomous A2Z) 최고전략책임자(CSO), 윤대원 삼성전자 비주얼디스플레이사업부 인간이해(AI) 파트 책임연구원, 윤성일 한국생산기술연구원 울산기술실용화본부장실 선임, 이원아 국가녹색기술연구소 글로벌전략센터 연구원 등이 참석했고 여화수 KAIST 건설 및 환경공학과 교수가 사회자로 참여했습니다. 이날 행사에서는 글로벌 펠로가 2025 KF 글로벌 펠로 국외 연수 결과보고서를 기반으로 각 국가가 직면한 글로벌 이슈에 대해 과학기술 전문가로서의 경험과 통찰을 나누었습니다. 또한 스템(STEM) 분야 전문가로 성장하고자 하는 대학(원)생 및 초급 전문가를 위한 멘토링 시간도 마련해 지금까지의 연구 경험을 공유했습니다.    "
2025-11-21,"KF 한일대학생교류사업, 한국 대학생 방일 파견","KF는 한일대학생교류사업으로 한국 대학생 대표단 30명을 11월 5일(수)부터 13일(목)까지 방일 파견하였습니다. 국내 24개교 대학생으로 구성된 방일단은 외무성에서 양국 외교 관계 현황을, 주일한국대사관 한국문화원에서 상호 협력 가능 분야 등을 청취하였으며 일본 메이지대학도 방문하여 일본 대학생들과 교류하는 시간을 가졌습니다.또한 도쿄 인근 사이타마현의 고마 신사(고려 신사)를 방문, 옛 고구려 문화 흔적을 살펴보았으며 야마나시현의 아사카와 노리타카/타쿠미 형제 자료관을 방문, 두 형제가 평생에 걸쳐 조사한 조선의 도자기와 민예 관련 업적을 둘러보았습니다. 이어서 나가노에서 2박 3일 홈스테이를 경험하고 나고야에서 일본 최대 규모 철도 박물관인 리니어 철도관을 관람하였습니다.            "
2025-11-24,KF-주한에스토니아대사관 협력전시 ‘사라지는 얼음의 속삭임’ 개최,"KF와 주한에스토니아대사관(대사 타넬 세프, Tanel Sepp)이 공동 개최하는 에스토니아 시각퍼포먼스 작가 야니카 페르나(Jaanika Peerna)의 개인전 사라지는 얼음의 속삭임 Whispers of Vanishing Ice이 11월 13일(목)부터 2026년 1월 23일(금)까지 KF갤러리(서울 중구)에서 개최됩니다.한국에서는 최초 개최되는 이번 개인전에서 야니카 페르나 작가는 지난 수년간 전 세계를 무대로 이어온 빙하의 소멸과 기후 위기라는 주제의 대표작들을 소개합니다. 드로잉, 설치, 사운드, 관객 참여형 퍼포먼스가 결합된 이번 전시는 예술을 통해 인간과 자연의 관계를 새롭게 성찰하도록 합니다. 이번 전시에는 작가의 대표 작품 시리즈와 대형 설치 작업 사라지는 얼음의 속삭임이 신작으로 소개됩니다. 관람객들은 퍼포먼스 기록 영상 등 작품 20여 점을 통해 시각과 청각적으로 얼음의 소멸을 체험하는 감각적 여정을 경험할 수 있습니다.11월 13일 개막식에는 송기도 KF 이사장, 타넬 세프 주한에스토니아대사, 그리고 국내외 관계자들이 참석해 자리를 빛냈습니다. 같은 날 진행된 아티스트 토크에서는, 작가 야니카 페르나와 브리기타 레이너르트 에스토니아 미술관 책임 큐레이터가 함께 작가의 작품세계와 예술적 실천에 대해 깊이 있는 대화를 나누었습니다."
2025-11-24,2025 한-아세안 KACPE 국제 공공정책 심포지엄,"KF와 현대차 정몽구 재단의 공동 지원으로 2025 한-아세안 정책교류공동체(KACPE) 국제 공공정책 심포지엄이 11월 12일(수)과 13일(목) 이틀간 캄보디아 프놈펜에서 개최되었습니다. 이번 심포지엄은 캄보디아 왕립 정부 산하 아시아태평양경제사회위원회 국가위원회(이하 NC-ESCAP)와 호주 뉴사우스웨일스대학교 한국연구원(이하 UNSW KRI)이 공동으로 주최했습니다.  심포지엄에서는 함께 전진하는 한-아세안: 아세안 비전 2045를 향한 전략적 동맹(Advancing Together: Korea-ASEAN Strategic Alliance Toward ASEAN Vision 2045)을 주제로 ▲지정학 및 경제의 글로벌 패러다임 전환, ▲스마트 혁신, ▲지속가능한 스마트 혁신 산업, ▲한-아세안 가치 사슬(밸류 체인) 구축 등을 핵심 의제로 다루었습니다.  심포지엄에는 이장근 주아세안대한민국대표부 대사가 영상으로 축사를 전하며, 서정인 前 주아세안대한민국대표부 대사, 이광철 한국국제교류재단 글로벌사업2실장, 최재호 현대차 정몽구 재단 사무총장, 권승호 UNSW KRI 원장과 피티 스리상남(Piti Srisangnam) 아세안재단 사무총장이 참석했습니다. 또한, 캄보디아, 미얀마, 인도네시아, 말레이시아, 라오스 등 주요 아세안 국가의 전현직 고위 공무원, 정책 입안자, 학자, 정책 분석가 130여명이 참석해 지난 제46차 아세안 정상회의(2025.5.)에서 출범한 아세안 공동체 비전 2045를 지원하기 위한 한국과 아세안의 장기 파트너십 강화 방안을 다층적으로 논의했습니다.        "
2025-11-24,"2025 KF 한베청년교류사업, 한국 청년 공무원 베트남 방문","KF는 베트남 내무부와 공동으로 한-베트남 간 포괄적 전략 동반자 관계를 심화하고 미래지향적 관계 발전을 위해 11월 2일(일)부터 8일(토)까지 한국 청년 공무원 15명을 베트남에 파견했습니다.이번에 베트남을 방문하는 한국 대표단(단장: KF 지창선 아시아사업실장)은 외교부, 국방부, 국토교통부, 농림축산식품부, 지식재산처, 관세청, 국가데이터처 등 중앙 부처와 부산광역시, 경상남도청 등 총 10개 기관의 청년 공무원들로, 한-베트남 관계 심화 관련 분야에 종사하나 베트남과의 직접적인 접촉 경험이 적은 공무원을 공모를 통해 선발하였습니다.한국대표단은 베트남 내무부, 외교부, 보건부, 재경부, 베트남 행정공공관리 아카데미 등 주요 부처와 정책 논의를 진행하고, 비엣텔(Viettel) 그룹 및 산하 우주항공연구원, 동짜오(Dong Giao) 식품수출회사, KOTRA 하노이무역관, 현대자동차 타잉꽁 공장 등을 방문해 행정산업경제 협력 현황을 심도 있게 이해했습니다. 또한 닝빙성 지방정부와의 교류 및 역사문화 탐방을 통해 상호 이해를 높이고 실질적인 협력 네트워크를 구축하는 뜻깊은 시간을 가졌습니다."
2025-11-26,"해방 80주년, 한일국교정상화 60년, 한일 관계의 과거·현재·미래 공동 개최","2025년 11월 15일, KF의 지원으로 규슈대학교 한국연구센터규슈한국연구자 포럼서울대학교 일본연구소서울대학교 국제학연구소가 학술심포지엄 「해방 80주년, 한일국교정상화 60년, 한일 관계의 과거현재미래」를 공동 개최했습니다.이번 심포지엄에서는 다양한 연구 분야의 양국 연구자들이 한일 관계의 과거를 재조명하고 오늘의 과제를 진단하며, 미래 협력 방향을 모색하는 의미 있는 논의가 이루어졌습니다. 오는 12월에는 근대 이전의 한반도 국제관계를 주제로 심포지엄이 열립니다. 더 자세한 사항은 규슈대 한국학연구센터 홈페이지에서 확인해보세요! https://rcks.kyushu-u.ac.jp/ko/"
2025-11-26,K-BOOK 페스티벌 2025 in Japan 개최,"KF는 일본 K-BOOK진흥회와 공동으로 11월 22일(토)과 23일(일) 이틀간 도쿄에서  K-BOOK 페스티벌 2025 in Japan 을 개최했습니다.  K-BOOK 페스티벌  은 일본에서 드라마, 영화, 케이팝에 이어 인기를 끌고 있는 한국 책(K-북)을 일본에 소개하는 도서 축제로서, 저자, 편집자, 번역가와의 대담 등 다양한 행사를 통해 K-북에 관심 있는 일본 독자들에게 현대 한국문학을 소개합니다.올해로 7회째를 맞는 이번 행사에는 국내와 일본에서 한국 책을 출간하는 57개 출판사가 부스를 마련해 다양한 장르의 한국 관련 서적을 판매했습니다. 또한 현재 화제가 되는 한국 책을 일본 각 지역에 있는 독자들이 접할 수 있도록 홋카이도부터 오키나와에 이르기까지 일본 전국 각지 서점 74여 곳에서 한국 책을 특별 소개하는 팝업 코너도 동시에 진행했습니다.특별상영 영화 동주의 주연배우 박정민도 출판사 무제의 대표로서 이번 행사에 참여했습니다. 그리고 ▲최은영, 백수린, 이승우, 나태주 작가의 QA세션 ▲ BTS 레전드 10곡의 가사로 배우는 한국어  간행 기념 토크 ▲작가 이유리의 일상 기담 소설  브로콜리 펀치  창작의 비밀 토크 등이 마련되었습니다."
2025-11-28,영국에서 한국 문화예술 특강 개최,"KF는 11월 12일(수)과 13일(목) 영국 소재 2개 대학에서 2025 KF 한국 문화예술 특강 시리즈(KF LAB Series: Lectures on Arts and Beyond)를 개최했습니다. KF는 세계 각국에서 높아지고 있는 한국 문화예술에 대한 관심을 학문적 연구로 심화하고 차세대 전문가를 양성하기 위해 이번 특강 시리즈를 기획했습니다.  한국의 예술과 기술을 주제로 진행된 이번 특강은 런던대 SOAS(School of Oriental and African Studies), 셰필드대 한국학센터와 협력해 개최되었습니다. 특강에는 인공지능(AI), 가상현실(VR) 등 첨단 기술을 접목한 데이터 기반 예술 연구로 주목받는 이진준 카이스트 문화기술대학원 교수가 강연자로 참여했습니다. 이 교수는 AI 기술을 활용한 자신의 창작 사례를 통해 동아시아 철학 개념을 현대 미디어아트로 재해석하는 방식을 소개했습니다. 그의 작업은 소리를 데이터로 변환하고, 기계와의 협업을 통해 기술이 자연과 만나는 새로운 미학적 가능성을 제시했습니다.  KF는 앞으로도 한국 연구의 국제적 확산과 저변 확대를 위해 최선을 다하겠습니다.          "
2025-12-04,2025 제10차 KFCSIS 한미전략포럼 개최,"제10차 KFCSIS 한미전략포럼이 12월3일부터 4일까지, 워싱턴D.C.에서 개최되었습니다. 올해로 10주년을 맞은 본 포럼은 한미 양국의 외교안보경제 전문가들이 한자리에 모여 복잡한 국제 정세 속 한미동맹의 전략적 중요성을 깊이 있게 논의하는 장을 마련했습니다.이번 포럼에서는 북한 비핵화 전망, 한미 무역협정 평가, 주요국(중국일본러시아) 정세 등 세 가지 공개 세션이 진행되었으며, 변화하는 외교안보 환경에 대한 다양한 관점이 공유되었습니다.          "
2025-12-10,제11차 한러인문교류포럼 개최,"12월 5일, KF모스크바사무소는 모스크바 멀티미디어 아트뮤지엄에서 국제관계와 미디어의 역할을 주제로  제11차 한러인문교류포럼을 개최했습니다.이번 포럼에서는 이석배 주러시아대사, 미하일 슈비드코이 러시아 대통령실 문화교류 특별대표, 올가 스비블로바 모스크바 멀티미디어 아트뮤지엄 관장이 축사를 전했습니다.그리고 한국의 언론학계 관계자와 러시아 현지 연구기관언론사 등이 참여해 한-러 공공외교 발전에 있어 한국 언론의 역할,  국제질서 전환기 한국의 미디어 외교, 한국 외신 보도 현황과 문제점 등을 공유했습니다.이번 포럼에는 러시아의 한국학자들과 전공생뿐만 아니라 한러 관계와 언론 분야에 관심 있는 모스크바의 일반 시민들도 참여해 전문가들의 견해를 듣고 질의응답하는 등 토론에 함께했습니다."
2025-12-10,미국 한국 문화예술 특강 개최,"KF는 11월 12일(수)부터 19일(수)까지 미국 소재 3개 기관에서 2025 KF 한국 문화예술 특강 시리즈(KF LAB Series: Lectures on Arts and Beyond)를 개최했습니다.KF는 해외에서 높아지고 있는 한국 문화예술에 대한 관심을 학문적으로 확장하고 차세대 전문가를 육성하기 위해 이번 특강 시리즈를 마련했습니다. 한국의 건축 예술을 주제로 진행된 이번 특강은 미국 뉴욕대 미술사대학원(IFAInstitute of Fine Arts), 시카고예술대학(SAICSchool of the Art Institute of Chicago), 코리아 소사이어티(Korea Society)와 협력해 개최되었습니다.특강에는 국내외에서 건축 역사가, 비평가, 큐레이터 등으로 활발히 활동 중인 배형민 서울시립대 건축학부 교수가 참여했습니다. 배 교수는 제5차 광주폴리(Gwangju Folly) 총감독, 제1회 서울도시건축비엔날레 총감독, 제14회 베니스비엔날레 국제건축전 한국관 큐레이터로서의 풍부한 경험을 바탕으로 한국 근현대 건축의 역사적 맥락과 주요 흐름을 심도 있게 다루었습니다.KF는 앞으로도 한국 연구의 국제적 확산과 저변 확대를 위해 노력하겠습니다."
2025-12-17,제6차 한-중앙아 경제협의체 연례회의 개최,"KF 한-중앙아협력포럼사무국과 한국무역협회는 12월 3일(수) 제6차 한-중앙아 경제협의체  연례회의를 공동 개최했습니다. 이번 회의는 AI와 디지털 전환 시대 한-중앙아 협력 방안 모색을 주제로 개최되었으며, 한국에서는 한국무역협회, 한국수출입은행 등 주요 경제단체와 더불어 중앙아시아 시장에서 활발히 활동 중인 이스트텔레콤, 씨앤유글로벌 등 기업이 참석했습니다. 중앙아시아 측에서는 5개국 상공회의소를 포함하여 타지키스탄 교통부, 혁신디지털기술청, 카자흐스탄 국가기업가협회 아타메켄, 아스타나 이노베이션즈, 키르기스스탄 이커머스 위원회 등 경제단체와 의제 관련 주요 기관 관계자들이 참석했습니다. 참가자들은 첫 번째 세션에서 디지털 전환과 인공지능(AI) 혁신 속 한-중앙아 유망 협력 분야를 주제로 각국 AI 기술 발전 동향과 전망을 공유하고 유망 협력 분야에 대해 토의했습니다. 두 번째 세션에서는 교통물류 디지털화와 스마트 인프라 구축을 통한 지속 가능 협력 방안을 주제로 기반 시설(인프라), 교통, 물류 등 상호 수요가 높은 분야에서의 양 지역 산업기술 협력 사례와 향후 연계 전략을 심도 있게 논의했습니다.      "
2025-12-22,미국 클리블랜드미술관 한국 전문 KF 기금큐레이터직 설치 기념식," 한국국제교류재단(KF)은 지난 11월 14일, 미국 클리블랜드미술관에서 한국 전문 KF 기금큐레이터직 설치를 기념하는 행사를 개최했습니다.  기념식에는 William Griswold 클리블랜드미술관장을 비롯해 미술관 주요 임원과 상임 이사진, Sooa Im McCormick KF 기금큐레이터 그리고 주시카고총영사관 관계자가 참석해 자리를 빛냈습니다.   이날 행사에서는 클리블랜드미술관이 소장한 양혜규 작가의 설치 미술 작품 Sonic Cosmic Rope를 소개하고, 작품 시연도 함께 진행했습니다.  KF는 2013년 클리블랜드미술관 한국실 설치 지원을 시작으로 동 미술관과 지속적으로 협력하며 한국 문화예술의 해외 확산을 위해 노력해 왔습니다. 앞으로도 세계 주요 미술관과의 협력을 통해 한국 미술의 연구전시국제 교류를 지속적으로 확대해 나가겠습니다. "
2025-12-22,제24차 한-인도 다이얼로그 개최,"한국국제교류재단(KF)은 서울국제포럼, 인도 아난타센터와 함께 12월 1819일, 서울에서 제24차 한-인도 다이얼로그를 개최했습니다.이번 회의는 한인도 특별 전략적 동반자 관계 수립 10주년을 맞아, 변화하는 국제질서 속에서 양국의 미래 협력 비전과 실천 과제를 논의하였습니다.외교안보부터 무역공급망, 조선방산, 디지털 전환, AI반도체에너지, 청년문화 교류에 이르기까지 총 7개 세션에서 심도 있는 논의가 이루어졌습니다. 이번 논의 결과는 공동선언문으로 정리되어 양국 외교 당국 및 유관기관과 공유될 예정입니다."
